Item Identifier,Item Weight,Item Fat Content,Item Visibility,Item Type,Outlet Identifier,Outlet Establishment Year,Outlet Size,Outlet Location Type,Outlet Type,Sales,Rating,Order Date
NCD37,14.013,Low Fat ,0.061868,Health and Hygiene,OUT018,2009,Medium,Tier 3,Supermarket Type2,1414.4623,4.297,2022-08-22
FDQ37,,Regular,0.134567,Snack Foods,OUT035,2004,Small,Tier 2,Supermarket Type1,9765.2214,4.6,2022-10-09
FDU44,8.169,low fat,0.054676,Dairy,OUT046,1997,Small,Tier 1,Supermarket Type1,1201.305,4.2,2022-12-21
NCQ19,19.026,low fat,0.029523,Health and Hygiene,OUT049,1999,Medium,Tier 1,Supermarket Type1,1791.5149,4.0,2022-05-19
DRR46,21.165,Regular,0.077661,Hard Drinks,OUT013,1987,High,Tier 3,Supermarket Type1,2589.741,3.4,2023-01-05
DRP23,8.296,reg,0.020688,Soft Drinks,OUT049,1999,Medium,Tier 1,Supermarket Type1,1596.1195,4.0,2023-05-04
FDV26,5.546,reg,0.09308,Breakfast,OUT027,1985,Medium,Tier 3,Supermarket Type3,2652.8987,3.1,2022-01-19
NCV29,7.742,Low Fat ,0.132613,Household,OUT045,2002,,Tier 2,Supermarket Type1,3147.4254,4.02,2023-12-13
NCV55,15.451,Low Fat,0.107065,Household,OUT018,2009,Medium,Tier 3,Supermarket Type2,857.3014,3.984,2023-09-20
NCX23,5.977,low fat,0.093828,Household,OUT013,1987,High,Tier 3,Supermarket Type1,1573.0376,3.7,2023-02-03
FDV31,7.243, Regular,0.0,Breakfast,OUT046,1997,Small,Tier 1,Supermarket Type1,1538.9065,3.608,2022-12-23
FDY37,11.028,LF,0.037655,Dairy,OUT046,1997,Small,Tier 1,Supermarket Type1,2772.7795,4.2,2023-01-27
FDE24,12.488,LF,0.048444,Snack Foods,OUT035,2004,Small,Tier 2,Supermarket Type1,9347.4765,4.0,2023-03-19
FDX46,17.295,reg,0.049084,Fruits and Vegetables,OUT046,1997,Small,Tier 1,Supermarket Type1,5888.3833,4.033,2022-12-11
DRA31,14.547,reg,0.083444,Hard Drinks,OUT027,1985,Medium,Tier 3,Supermarket Type3,4895.8231,4.1,2023-08-09
FDG22,10.716,Low Fat,0.031053,Canned,OUT017,2007,,Tier 2,Supermarket Type1,1533.1658,3.726,2023-02-17
NCK13,20.327,Low Fat ,0.023064,Health and Hygiene,OUT018,2009,Medium,Tier 3,Supermarket Type2,900.7015,3.7,2023-02-15
FDX58,,Regular,0.042954,Starchy Foods,OUT017,2007,,Tier 2,Supermarket Type1,4977.5819,3.8,2023-04-17
FDS39,17.591,Low Fat,0.048017,Fruits and Vegetables,OUT046,1997,Small,Tier 1,Supermarket Type1,1911.1386,3.8,2022-01-12
FDG28,19.838,low fat,0.172102,Meat,OUT010,1998,,Tier 3,Grocery Store,1015.881,4.0,2023-01-10
FDM34,8.621,Low Fat ,0.0,Breads,OUT049,1999,Medium,Tier 1,Supermarket Type1,1505.1618,3.5,2022-05-04
FDM33,19.048,LF,0.047836,Baking Goods,OUT017,2007,,Tier 2,Supermarket Type1,2489.9704,3.8,2023-06-06
FDQ47,19.566,reg,0.024945,Meat,OUT035,2004,Small,Tier 2,Supermarket Type1,405.9503,4.0,2022-04-15
FDQ35,5.542, Regular,0.034198,Snack Foods,OUT018,2009,Medium,Tier 3,Supermarket Type2,2757.2789,3.9,2023-07-18
FDW59,8.288,Low Fat,0.041086,Dairy,OUT046,1997,Small,Tier 1,Supermarket Type1,1188.471,4.4,2023-06-21
FDG46,11.108,Low Fat ,0.02909,Snack Foods,OUT046,1997,Small,Tier 1,Supermarket Type1,6230.4387,4.1,2023-03-01
FDF10,10.456,Low Fat,0.045149,Breakfast,OUT013,1987,High,Tier 3,Supermarket Type1,2881.032,4.0,2023-05-28
NCV32,,low fat,0.032512,Household,OUT049,1999,Medium,Tier 1,Supermarket Type1,2059.1489,3.3,2022-12-28
FDK48,17.501, Regular,0.07151,Baking Goods,OUT018,2009,Medium,Tier 3,Supermarket Type2,4230.7619,3.6,2022-08-06
FDR47,15.72,Regular,0.024237,Dairy,OUT019,1985,Small,Tier 1,Grocery Store,251.7557,4.0,2022-08-07
NCG52,17.459,low fat,0.101328,Household,OUT046,1997,Small,Tier 1,Supermarket Type1,2728.6292,3.885,2023-02-06
FDY27,12.851,Low Fat,0.029865,Fruits and Vegetables,OUT027,1985,Medium,Tier 3,Supermarket Type3,6133.4614,4.0,2022-06-05
FDU24,17.902,reg,0.031847,Snack Foods,OUT049,1999,Medium,Tier 1,Supermarket Type1,772.405,3.995,2022-07-15
FDA13,5.359,Low Fat ,0.051114,Dairy,OUT046,1997,Small,Tier 1,Supermarket Type1,1802.3294,4.7,2022-04-17
FDM44,16.472,Low Fat ,0.0,Baking Goods,OUT046,1997,Small,Tier 1,Supermarket Type1,5887.2045,4.1,2022-08-27
NCW31,8.359,LF,0.021127,Health and Hygiene,OUT027,1985,Medium,Tier 3,Supermarket Type3,2841.0632,4.2,2022-08-07
NCD27,,Low Fat,0.011366,Health and Hygiene,OUT017,2007,,Tier 2,Supermarket Type1,5177.6104,4.6,2023-05-19
DRC25,21.121,LF,0.061321,Soft Drinks,OUT049,1999,Medium,Tier 1,Supermarket Type1,5841.855,4.5,2022-01-19
FDW15,5.699,low fat,0.0,Snack Foods,OUT017,2007,,Tier 2,Supermarket Type1,1910.7337,4.3,2022-04-30
NCQ26,6.334,LF,0.077125,Household,OUT017,2007,,Tier 2,Supermarket Type1,1642.4052,4.5,2023-08-12
DRE13,20.335,Low Fat,0.043289,Soft Drinks,OUT035,2004,Small,Tier 2,Supermarket Type1,2178.8042,3.7,2022-04-07
FDS50,12.73,low fat,0.031788,Baking Goods,OUT045,2002,,Tier 2,Supermarket Type1,2689.2123,4.2,2022-12-12
FDD57,12.668,LF,0.06558,Starchy Foods,OUT035,2004,Small,Tier 2,Supermarket Type1,4581.2551,4.6,2022-02-02
FDE52,,Low Fat,0.028655,Canned,OUT018,2009,Medium,Tier 3,Supermarket Type2,5514.8951,3.881,2023-06-23
FDS20,,Low Fat,0.020169,Frozen Foods,OUT018,2009,Medium,Tier 3,Supermarket Type2,1786.2689,3.6,2022-10-16
FDG52,20.43,Low Fat ,0.094982,Fruits and Vegetables,OUT049,1999,Medium,Tier 1,Supermarket Type1,3278.3587,4.5,2022-12-18
NCW18,13.063,Low Fat ,0.028739,Household,OUT049,1999,Medium,Tier 1,Supermarket Type1,1640.3205,3.6,2023-02-27
FDU36,20.347,low fat,0.191881,Canned,OUT027,1985,Medium,Tier 3,Supermarket Type3,5881.2206,3.526,2023-10-28
FDR32,7.453,low fat,0.043353,Baking Goods,OUT035,2004,Small,Tier 2,Supermarket Type1,1423.4316,3.83,2022-04-20
NCY31,,Low Fat,0.115528,Health and Hygiene,OUT049,1999,Medium,Tier 1,Supermarket Type1,1529.6847,4.4,2023-07-18
FDJ46,14.386,Low Fat ,0.113886,Dairy,OUT017,2007,,Tier 2,Supermarket Type1,3908.7926,4.0,2022-12-21
FDY30,13.822, Regular,0.021664,Canned,OUT049,1999,Medium,Tier 1,Supermarket Type1,2442.9849,3.3,2023-08-25
DRJ59,16.267,reg,0.061462,Soft Drinks,OUT045,2002,,Tier 2,Supermarket Type1,1823.6723,3.464,2023-04-09
FDF47,,low fat,0.033328,Fruits and Vegetables,OUT045,2002,,Tier 2,Supermarket Type1,1530.8994,4.3,2023-01-10
NCV30,6.545,Low Fat ,0.091696,Household,OUT045,2002,,Tier 2,Supermarket Type1,3194.187,4.2,2023-09-02
FDS17,16.139,Regular,0.071382,Starchy Foods,OUT027,1985,Medium,Tier 3,Supermarket Type3,11463.4308,3.7,2022-11-16
FDS20,12.963,Low Fat ,0.0,Frozen Foods,OUT035,2004,Small,Tier 2,Supermarket Type1,4084.583,3.9,2023-04-23
DRF20,20.865,Low Fat,0.032021,Soft Drinks,OUT045,2002,,Tier 2,Supermarket Type1,2459.9015,3.6,2023-06-12
FDP36,4.852,low fat,0.055833,Canned,OUT017,2007,,Tier 2,Supermarket Type1,7704.1744,3.9,2023-02-05
FDC39,5.657,low fat,0.084502,Snack Foods,OUT018,2009,Medium,Tier 3,Supermarket Type2,1779.6785,4.4,2023-08-12
FDM45,10.745,low fat,0.026681,Breads,OUT027,1985,Medium,Tier 3,Supermarket Type3,13086.9648,3.8,2022-06-03
FDF44,14.414,LF,0.12157,Starchy Foods,OUT049,1999,Medium,Tier 1,Supermarket Type1,2559.6829,4.2,2022-01-01
NCV32,9.714,low fat,0.034548,Household,OUT017,2007,,Tier 2,Supermarket Type1,2128.5685,3.6,2023-09-03
FDA46,11.742,reg,0.025207,Dairy,OUT017,2007,,Tier 2,Supermarket Type1,5834.6866,3.8,2023-10-16
NCE59,16.639,Low Fat ,0.013744,Household,OUT035,2004,Small,Tier 2,Supermarket Type1,4586.5265,4.0,2022-05-10
NCK26,14.313,Low Fat ,0.074613,Others,OUT019,1985,Small,Tier 1,Grocery Store,925.5115,4.1,2022-06-17
NCB17,17.144,low fat,0.036996,Health and Hygiene,OUT018,2009,Medium,Tier 3,Supermarket Type2,2458.6088,4.082,2022-08-12
FDD34,6.968,Regular,0.034155,Baking Goods,OUT013,1987,High,Tier 3,Supermarket Type1,1414.8103,3.8,2023-08-30
FDX53,10.726,Regular,0.023127,Frozen Foods,OUT018,2009,Medium,Tier 3,Supermarket Type2,1305.3218,3.5,2023-11-09
FDJ34,18.813,low fat,0.022977,Canned,OUT018,2009,Medium,Tier 3,Supermarket Type2,5084.7024,4.0,2023-12-05
FDA59,,Low Fat ,0.044794,Fruits and Vegetables,OUT027,1985,Medium,Tier 3,Supermarket Type3,3826.4945,4.696,2022-08-23
FDJ19,15.129, Regular,0.027457,Snack Foods,OUT049,1999,Medium,Tier 1,Supermarket Type1,1850.7103,4.0,2023-01-06
FDN59,, Regular,0.036122,Baking Goods,OUT013,1987,High,Tier 3,Supermarket Type1,1171.7429,4.132,2022-04-17
DRN52,12.709,reg,0.16302,Soft Drinks,OUT046,1997,Small,Tier 1,Supermarket Type1,4974.7592,3.9,2022-05-19
FDJ29,,Regular,0.012421,Dairy,OUT035,2004,Small,Tier 2,Supermarket Type1,2819.7607,4.4,2023-12-17
FDK44,18.796,low fat,0.054857,Frozen Foods,OUT046,1997,Small,Tier 1,Supermarket Type1,5661.8752,4.1,2022-09-07
FDH32,17.419, Regular,0.05689,Baking Goods,OUT049,1999,Medium,Tier 1,Supermarket Type1,864.0162,4.3,2022-03-01
FDM54,13.567,reg,0.049949,Fruits and Vegetables,OUT049,1999,Medium,Tier 1,Supermarket Type1,4295.0483,3.9,2023-05-12
FDM48,18.414,reg,0.029145,Dairy,OUT017,2007,,Tier 2,Supermarket Type1,5060.0681,4.2,2023-01-29
FDW47,6.385,Regular,0.047738,Breads,OUT018,2009,Medium,Tier 3,Supermarket Type2,2342.5586,4.0,2022-01-19
FDJ47,7.268,Low Fat ,0.179865,Snack Foods,OUT027,1985,Medium,Tier 3,Supermarket Type3,5676.709,4.1,2023-10-09
FDP58,,low fat,0.041549,Fruits and Vegetables,OUT027,1985,Medium,Tier 3,Supermarket Type3,3623.661,4.3,2022-05-12
FDB57,7.226,Low Fat ,0.105137,Frozen Foods,OUT035,2004,Small,Tier 2,Supermarket Type1,3423.5833,3.7,2023-09-11
FDD19,10.919,reg,0.030494,Canned,OUT046,1997,Small,Tier 1,Supermarket Type1,3719.6183,3.6,2023-11-15
FDJ39,7.398,LF,0.101791,Snack Foods,OUT019,1985,Small,Tier 1,Grocery Store,1277.218,4.4,2023-10-15
FDY22,,Low Fat ,0.071695,Frozen Foods,OUT045,2002,,Tier 2,Supermarket Type1,972.7597,3.7,2022-12-06
NCA10,21.006,low fat,0.024191,Health and Hygiene,OUT019,1985,Small,Tier 1,Grocery Store,446.0703,3.478,2022-03-06
FDX49,17.282,LF,0.057244,Baking Goods,OUT045,2002,,Tier 2,Supermarket Type1,797.5235,3.6,2022-09-22
FDV36,15.16,low fat,0.0,Meat,OUT035,2004,Small,Tier 2,Supermarket Type1,1115.7652,4.0,2023-12-10
FDK16,10.281,Low Fat ,0.024155,Fruits and Vegetables,OUT027,1985,Medium,Tier 3,Supermarket Type3,2757.4406,3.9,2022-09-22
FDX59,10.438,LF,0.033495,Seafood,OUT045,2002,,Tier 2,Supermarket Type1,2942.7383,4.4,2023-07-22
FDJ15,12.735,Low Fat,0.04963,Baking Goods,OUT018,2009,Medium,Tier 3,Supermarket Type2,1896.0619,4.3,2022-07-15
FDE31,11.77,low fat,0.049481,Meat,OUT019,1985,Small,Tier 1,Grocery Store,1070.5476,3.985,2022-02-07
NCX56,14.386,Low Fat ,0.042854,Health and Hygiene,OUT046,1997,Small,Tier 1,Supermarket Type1,1797.0937,4.5,2022-07-17
FDW10,12.106,low fat,0.097312,Canned,OUT027,1985,Medium,Tier 3,Supermarket Type3,3504.3727,4.2,2023-04-21
FDV32,16.442,reg,0.0,Meat,OUT017,2007,,Tier 2,Supermarket Type1,3759.5201,3.9,2023-09-10
FDJ28,15.306, Regular,0.0,Canned,OUT017,2007,,Tier 2,Supermarket Type1,1167.1578,4.6,2022-04-03
FDF59,13.494,LF,0.049492,Snack Foods,OUT035,2004,Small,Tier 2,Supermarket Type1,2459.4077,4.1,2022-04-01
FDF29,5.518,Low Fat ,0.117051,Snack Foods,OUT045,2002,,Tier 2,Supermarket Type1,5146.1325,4.0,2023-12-03
NCK17,5.885,Low Fat,0.126961,Household,OUT049,1999,Medium,Tier 1,Supermarket Type1,3662.3588,3.9,2023-04-08
FDK24,11.935,LF,0.042861,Fruits and Vegetables,OUT035,2004,Small,Tier 2,Supermarket Type1,2529.6506,4.2,2022-07-31
FDR15,,Low Fat ,0.090162,Baking Goods,OUT045,2002,,Tier 2,Supermarket Type1,8435.4969,3.9,2023-08-04
FDQ42,21.085,reg,0.032687,Canned,OUT013,1987,High,Tier 3,Supermarket Type1,5322.1359,4.8,2022-08-27
FDD18,7.044,low fat,0.034027,Seafood,OUT045,2002,,Tier 2,Supermarket Type1,4786.7092,4.0,2023-04-02
FDG33,,reg,0.077706,Seafood,OUT013,1987,High,Tier 3,Supermarket Type1,4883.7491,4.1,2022-12-20
FDQ25,,LF,0.050098,Baking Goods,OUT017,2007,,Tier 2,Supermarket Type1,4044.6662,4.2,2023-10-11
DRR20,8.315,Low Fat ,0.044993,Soft Drinks,OUT013,1987,High,Tier 3,Supermarket Type1,1890.284,4.2,2022-04-02
FDM46,18.768,low fat,0.015083,Snack Foods,OUT019,1985,Small,Tier 1,Grocery Store,735.3693,4.0,2022-11-05
FDK16,10.281,Low Fat ,0.085156,Fruits and Vegetables,OUT019,1985,Small,Tier 1,Grocery Store,295.7184,3.5,2022-02-08
NCU35,20.96,Low Fat ,0.040063,Household,OUT017,2007,,Tier 2,Supermarket Type1,1464.3362,3.8,2022-04-16
FDQ47,19.566, Regular,0.0,Meat,OUT018,2009,Medium,Tier 3,Supermarket Type2,988.2318,4.2,2022-07-09
FDR59,15.9,Low Fat,0.040229,Canned,OUT018,2009,Medium,Tier 3,Supermarket Type2,5761.483,4.0,2022-01-21
FDE27,14.958,LF,0.0,Dairy,OUT035,2004,Small,Tier 2,Supermarket Type1,1794.9218,4.3,2022-12-16
FDM25,7.381,LF,0.0,Fruits and Vegetables,OUT019,1985,Small,Tier 1,Grocery Store,1986.5644,3.7,2022-01-23
NCK17,5.885,Low Fat ,0.075205,Household,OUT010,1998,,Tier 3,Grocery Store,953.3351,4.3,2023-09-05
FDN52,15.635,Low Fat ,0.044887,Snack Foods,OUT049,1999,Medium,Tier 1,Supermarket Type1,3897.259,4.0,2022-12-07
FDE54,12.08,LF,0.024245,Frozen Foods,OUT049,1999,Medium,Tier 1,Supermarket Type1,1541.1176,3.7,2023-08-27
FDR12,,reg,0.05783,Snack Foods,OUT027,1985,Medium,Tier 3,Supermarket Type3,4138.6173,3.9,2023-04-13
FDU44,8.169,LF,0.049511,Dairy,OUT035,2004,Small,Tier 2,Supermarket Type1,2346.1761,4.778,2023-10-22
FDX17,7.213,reg,0.047133,Dairy,OUT049,1999,Medium,Tier 1,Supermarket Type1,805.2336,4.3,2022-03-31
FDC29,,low fat,0.038193,Canned,OUT046,1997,Small,Tier 1,Supermarket Type1,5178.6518,3.676,2022-11-23
FDP49,19.303,reg,0.027339,Frozen Foods,OUT013,1987,High,Tier 3,Supermarket Type1,1993.0955,3.9,2022-12-19
FDD23,12.959, Regular,0.038827,Baking Goods,OUT013,1987,High,Tier 3,Supermarket Type1,1334.7429,3.7,2023-08-31
FDM29,13.557,Low Fat ,0.028128,Frozen Foods,OUT013,1987,High,Tier 3,Supermarket Type1,2464.7335,3.871,2023-11-12
NCV29,7.742,Low Fat,0.088311,Household,OUT046,1997,Small,Tier 1,Supermarket Type1,1292.2051,4.1,2022-07-07
FDW20,12.24,Low Fat ,0.039903,Frozen Foods,OUT013,1987,High,Tier 3,Supermarket Type1,3936.445,3.718,2022-10-29
NCK13,20.327,low fat,0.058299,Health and Hygiene,OUT049,1999,Medium,Tier 1,Supermarket Type1,8792.4323,4.4,2023-09-19
FDK13,17.681,Low Fat,0.042117,Fruits and Vegetables,OUT013,1987,High,Tier 3,Supermarket Type1,2542.3331,3.8,2022-06-07
NCJ50,15.228,Low Fat,0.059087,Health and Hygiene,OUT018,2009,Medium,Tier 3,Supermarket Type2,1015.5563,3.8,2022-06-30
FDC41,9.182,reg,0.040393,Breads,OUT017,2007,,Tier 2,Supermarket Type1,1963.1153,3.7,2022-02-11
NCU13,17.293,low fat,0.055855,Health and Hygiene,OUT045,2002,,Tier 2,Supermarket Type1,2784.7417,4.0,2023-04-30
FDP48,6.336,LF,0.062055,Baking Goods,OUT013,1987,High,Tier 3,Supermarket Type1,7492.6729,3.796,2023-05-01
FDN24,7.613,Low Fat ,0.022248,Baking Goods,OUT013,1987,High,Tier 3,Supermarket Type1,3549.6938,3.7,2023-02-04
FDA36,7.569,Regular,0.057741,Frozen Foods,OUT017,2007,,Tier 2,Supermarket Type1,1239.9837,3.9,2022-08-16
FDN12,19.577, Regular,0.063711,Starchy Foods,OUT049,1999,Medium,Tier 1,Supermarket Type1,2064.3395,3.9,2022-04-21
FDN36,13.968, Regular,0.098696,Breads,OUT017,2007,,Tier 2,Supermarket Type1,3177.8819,3.8,2022-01-08
DRV20,4.713,Low Fat ,0.029368,Hard Drinks,OUT045,2002,,Tier 2,Supermarket Type1,2022.1149,3.7,2022-12-05
FDC22,7.88,reg,0.039736,Dairy,OUT046,1997,Small,Tier 1,Supermarket Type1,1338.7791,3.8,2023-02-12
FDJ57,8.897,LF,0.046584,Snack Foods,OUT017,2007,,Tier 2,Supermarket Type1,1335.5389,3.7,2023-01-27
FDP53,5.453,Regular,0.054828,Snack Foods,OUT027,1985,Medium,Tier 3,Supermarket Type3,6410.6263,4.506,2022-05-14
FDQ43,8.218,Low Fat,0.048083,Fruits and Vegetables,OUT027,1985,Medium,Tier 3,Supermarket Type3,3321.7159,4.3,2023-04-15
FDK10,,low fat,0.037722,Snack Foods,OUT017,2007,,Tier 2,Supermarket Type1,1747.8742,2.9,2022-03-29
FDB29,6.533,Low Fat,0.082948,Baking Goods,OUT027,1985,Medium,Tier 3,Supermarket Type3,2221.8902,4.1,2023-04-17
FDC55,8.051,reg,0.06458,Baking Goods,OUT018,2009,Medium,Tier 3,Supermarket Type2,1728.2883,4.3,2023-12-16
FDB19,,Regular,0.048068,Fruits and Vegetables,OUT046,1997,Small,Tier 1,Supermarket Type1,3477.1509,4.7,2023-06-16
FDA17,8.303,reg,0.016731,Frozen Foods,OUT049,1999,Medium,Tier 1,Supermarket Type1,1799.7849,3.8,2022-06-15
FDW23,10.785,Low Fat,0.019578,Frozen Foods,OUT045,2002,,Tier 2,Supermarket Type1,3335.7415,4.3,2023-10-03
FDP14,11.67, Regular,0.050702,Snack Foods,OUT049,1999,Medium,Tier 1,Supermarket Type1,4790.0901,3.962,2022-03-23
NCW50,8.005,LF,0.031788,Others,OUT013,1987,High,Tier 3,Supermarket Type1,3454.2036,4.0,2023-05-26
FDV36,15.16,low fat,0.07375,Meat,OUT045,2002,,Tier 2,Supermarket Type1,3450.022,4.204,2022-07-24
NCD48,14.802,low fat,0.038471,Household,OUT018,2009,Medium,Tier 3,Supermarket Type2,1794.6438,3.4,2023-04-07
FDB22,5.666,reg,0.046015,Fruits and Vegetables,OUT027,1985,Medium,Tier 3,Supermarket Type3,5857.1478,4.0,2022-05-29
FDW47,,Regular,0.03103,Breads,OUT027,1985,Medium,Tier 3,Supermarket Type3,3034.473,4.7,2022-05-29
DRJ25,,Regular,0.053567,Soft Drinks,OUT018,2009,Medium,Tier 3,Supermarket Type2,1444.0266,4.1,2023-12-20
FDR30,11.886,Low Fat ,0.024496,Meat,OUT013,1987,High,Tier 3,Supermarket Type1,9785.9511,3.9,2023-12-09
NCM24,10.332,LF,0.021625,Household,OUT035,2004,Small,Tier 2,Supermarket Type1,1507.3473,4.495,2023-12-18
FDV20,16.505,Low Fat ,0.042399,Frozen Foods,OUT013,1987,High,Tier 3,Supermarket Type1,7892.4227,4.1,2022-05-25
FDQ25,12.996,LF,0.06349,Baking Goods,OUT035,2004,Small,Tier 2,Supermarket Type1,1790.9446,3.1,2022-09-24
FDK51,10.991,LF,0.048711,Dairy,OUT046,1997,Small,Tier 1,Supermarket Type1,885.6124,4.1,2023-03-03
FDM12,12.49, Regular,0.056722,Snack Foods,OUT045,2002,,Tier 2,Supermarket Type1,7097.7844,3.5,2023-05-23
FDH16,13.075,LF,0.050872,Fruits and Vegetables,OUT018,2009,Medium,Tier 3,Supermarket Type2,1740.5844,4.0,2023-06-02
FDM24,8.58,LF,0.023169,Breads,OUT027,1985,Medium,Tier 3,Supermarket Type3,2968.3896,3.7,2023-11-25
DRH46,12.897,Low Fat,0.155461,Hard Drinks,OUT018,2009,Medium,Tier 3,Supermarket Type2,1995.0428,3.7,2023-02-08
FDY50,,LF,0.0747,Seafood,OUT046,1997,Small,Tier 1,Supermarket Type1,820.3442,4.5,2022-05-29
DRY51,17.604, Regular,0.072968,Soft Drinks,OUT027,1985,Medium,Tier 3,Supermarket Type3,2664.7448,4.166,2023-11-02
FDM50,11.67,Low Fat ,0.049387,Frozen Foods,OUT049,1999,Medium,Tier 1,Supermarket Type1,1171.6962,3.9,2022-03-24
NCJ28,9.833,low fat,0.017456,Health and Hygiene,OUT018,2009,Medium,Tier 3,Supermarket Type2,4973.7477,4.2,2022-12-23
FDE16,10.615,LF,0.052856,Baking Goods,OUT049,1999,Medium,Tier 1,Supermarket Type1,10473.121,4.065,2023-08-24
FDJ30,20.547, Regular,0.030383,Snack Foods,OUT013,1987,High,Tier 3,Supermarket Type1,5930.4941,3.7,2022-10-29
FDU15,9.842,Low Fat ,0.109206,Dairy,OUT035,2004,Small,Tier 2,Supermarket Type1,3177.6438,4.2,2022-04-22
FDR49,,low fat,0.057959,Canned,OUT049,1999,Medium,Tier 1,Supermarket Type1,1754.4979,4.1,2022-02-05
FDR43,, Regular,0.065457,Canned,OUT017,2007,,Tier 2,Supermarket Type1,1760.5259,3.9,2022-09-19
NCG15,20.108,LF,0.050732,Household,OUT017,2007,,Tier 2,Supermarket Type1,1548.9258,3.7,2022-04-30
FDP30,9.11,reg,0.08667,Canned,OUT027,1985,Medium,Tier 3,Supermarket Type3,4218.1877,4.686,2022-02-28
FDX37,8.709,LF,0.08385,Canned,OUT045,2002,,Tier 2,Supermarket Type1,1395.4282,3.5,2022-11-15
FDB33,6.36,reg,0.083752,Starchy Foods,OUT027,1985,Medium,Tier 3,Supermarket Type3,6972.2308,4.0,2022-12-27
FDD55,,Regular,0.023429,Breads,OUT046,1997,Small,Tier 1,Supermarket Type1,5576.9083,4.1,2023-03-02
NCG35,,Low Fat ,0.042711,Household,OUT013,1987,High,Tier 3,Supermarket Type1,1520.5976,4.4,2022-03-13
FDX43,5.725,Regular,0.023914,Frozen Foods,OUT018,2009,Medium,Tier 3,Supermarket Type2,1666.115,4.1,2022-02-18
FDH24,5.563,reg,0.06386,Baking Goods,OUT049,1999,Medium,Tier 1,Supermarket Type1,2073.1742,4.0,2023-02-26
FDV45,5.5,Regular,0.028951,Snack Foods,OUT046,1997,Small,Tier 1,Supermarket Type1,1607.0227,4.2,2023-04-12
FDD58,,reg,0.069804,Fruits and Vegetables,OUT045,2002,,Tier 2,Supermarket Type1,4261.9575,4.5,2022-09-08
NCW15,17.547,Low Fat,0.025196,Health and Hygiene,OUT027,1985,Medium,Tier 3,Supermarket Type3,5891.087,3.8,2022-02-19
FDN34,6.37, Regular,0.065812,Canned,OUT017,2007,,Tier 2,Supermarket Type1,11953.7375,3.5,2023-11-13
FDG45,,Regular,0.030231,Snack Foods,OUT018,2009,Medium,Tier 3,Supermarket Type2,4397.2004,5.0,2023-03-03
FDC42,17.19,Regular,0.084289,Canned,OUT046,1997,Small,Tier 1,Supermarket Type1,1570.6261,4.2,2022-01-01
FDB51,,reg,0.079982,Fruits and Vegetables,OUT013,1987,High,Tier 3,Supermarket Type1,5104.9458,4.5,2022-06-12
FDY57,6.161,Low Fat ,0.096978,Dairy,OUT017,2007,,Tier 2,Supermarket Type1,1839.3068,4.6,2023-10-18
FDF35,18.693,Low Fat,0.037877,Canned,OUT035,2004,Small,Tier 2,Supermarket Type1,2763.491,4.6,2022-01-20
FDF48,10.826,Low Fat ,0.071577,Breads,OUT045,2002,,Tier 2,Supermarket Type1,3859.5682,4.1,2022-02-21
NCW55,17.621,Low Fat,0.081074,Health and Hygiene,OUT046,1997,Small,Tier 1,Supermarket Type1,3324.7605,4.0,2022-02-24
FDY15,15.803,Regular,0.042695,Breads,OUT027,1985,Medium,Tier 3,Supermarket Type3,9115.0282,4.2,2023-10-19
FDW38,13.506,Low Fat,0.05725,Snack Foods,OUT049,1999,Medium,Tier 1,Supermarket Type1,2421.147,4.318,2022-01-05
DRX29,5.096,Low Fat,0.0,Soft Drinks,OUT049,1999,Medium,Tier 1,Supermarket Type1,365.1555,3.7,2023-01-25
FDA16,12.896,reg,0.028155,Dairy,OUT019,1985,Small,Tier 1,Grocery Store,2481.3406,4.5,2023-03-18
FDG48,19.546,Low Fat ,0.15253,Fruits and Vegetables,OUT010,1998,,Tier 3,Grocery Store,945.0893,3.7,2023-08-01
FDF50,20.12,reg,0.035318,Canned,OUT013,1987,High,Tier 3,Supermarket Type1,4061.0302,4.0,2023-10-09
DRC11,6.195,Regular,0.020859,Soft Drinks,OUT049,1999,Medium,Tier 1,Supermarket Type1,4410.7966,4.0,2022-12-14
FDV25,19.906,Low Fat ,0.0,Dairy,OUT019,1985,Small,Tier 1,Grocery Store,1312.9337,4.0,2022-07-28
NCR21,17.495,Low Fat,0.041633,Household,OUT045,2002,,Tier 2,Supermarket Type1,4474.5511,4.0,2022-08-11
NCG25,,Low Fat,0.029538,Health and Hygiene,OUT046,1997,Small,Tier 1,Supermarket Type1,1800.6803,4.6,2023-04-30
NCH25,18.184,LF,0.01645,Household,OUT013,1987,High,Tier 3,Supermarket Type1,3951.3616,3.96,2022-11-15
FDC33,11.53,reg,0.061458,Dairy,OUT010,1998,,Tier 3,Grocery Store,608.0339,3.174,2023-02-06
NCA10,21.006,Low Fat,0.092384,Health and Hygiene,OUT010,1998,,Tier 3,Grocery Store,874.6753,4.5,2023-06-30
FDX45,5.396,Regular,0.139369,Breads,OUT045,2002,,Tier 2,Supermarket Type1,6054.0763,4.4,2023-01-23
FDK14,17.52,Regular,0.045211,Fruits and Vegetables,OUT035,2004,Small,Tier 2,Supermarket Type1,1529.096,3.9,2023-09-18
FDN46,,Low Fat,0.0,Frozen Foods,OUT035,2004,Small,Tier 2,Supermarket Type1,1825.6035,4.0,2023-02-20
NCF31,,Low Fat ,0.149282,Household,OUT010,1998,,Tier 3,Grocery Store,2158.3888,3.924,2023-04-03
FDQ23,11.436,LF,0.08614,Breads,OUT013,1987,High,Tier 3,Supermarket Type1,4325.2154,4.3,2023-05-31
DRE26,11.039,Low Fat,0.081133,Soft Drinks,OUT045,2002,,Tier 2,Supermarket Type1,2316.3368,3.1,2022-09-23
NCD10,6.994,LF,0.096356,Household,OUT046,1997,Small,Tier 1,Supermarket Type1,1976.107,4.1,2022-08-07
NCN41,5.875,Low Fat ,0.085667,Household,OUT013,1987,High,Tier 3,Supermarket Type1,10926.0326,4.4,2022-12-05
FDC52,,Low Fat,0.146365,Baking Goods,OUT019,1985,Small,Tier 1,Grocery Store,1634.0697,4.3,2023-08-05
FDG59,8.076,Regular,0.021467,Fruits and Vegetables,OUT035,2004,Small,Tier 2,Supermarket Type1,1640.8751,3.772,2023-11-15
FDX30,10.772, Regular,0.047731,Dairy,OUT045,2002,,Tier 2,Supermarket Type1,1062.64,3.7,2023-02-22
DRY51,17.604,Regular,0.167284,Soft Drinks,OUT049,1999,Medium,Tier 1,Supermarket Type1,612.2933,3.3,2023-07-01
DRR52,19.645,Low Fat ,0.043369,Hard Drinks,OUT017,2007,,Tier 2,Supermarket Type1,900.5168,4.3,2022-10-29
NCM51,5.408,low fat,0.034748,Household,OUT035,2004,Small,Tier 2,Supermarket Type1,2019.6253,3.8,2023-01-27
FDF42,16.398,Regular,0.11248,Snack Foods,OUT017,2007,,Tier 2,Supermarket Type1,2166.2726,4.4,2022-04-07
FDY29,18.283,reg,0.052262,Snack Foods,OUT013,1987,High,Tier 3,Supermarket Type1,3647.8022,3.8,2022-11-22
DRB48,20.082,LF,0.028361,Soft Drinks,OUT049,1999,Medium,Tier 1,Supermarket Type1,2275.0356,4.0,2023-09-04
FDU12,19.02, Regular,0.123329,Canned,OUT017,2007,,Tier 2,Supermarket Type1,1827.6859,4.4,2022-02-10
FDU36,20.347,Low Fat,0.072598,Canned,OUT019,1985,Small,Tier 1,Grocery Store,1374.7798,3.8,2023-12-27
FDG51,14.009,LF,0.05764,Dairy,OUT045,2002,,Tier 2,Supermarket Type1,3024.8932,3.6,2022-03-09
NCK48,10.251,low fat,0.058943,Health and Hygiene,OUT018,2009,Medium,Tier 3,Supermarket Type2,1073.4792,4.5,2022-10-18
FDB18,13.882,Regular,0.07034,Canned,OUT027,1985,Medium,Tier 3,Supermarket Type3,3626.8803,4.5,2022-12-02
FDR55,5.31, Regular,0.031828,Fruits and Vegetables,OUT019,1985,Small,Tier 1,Grocery Store,1739.1898,4.5,2022-11-09
FDS44,,Regular,0.023161,Canned,OUT049,1999,Medium,Tier 1,Supermarket Type1,4633.28,4.1,2023-02-02
FDW29,14.51,Regular,0.0,Dairy,OUT019,1985,Small,Tier 1,Grocery Store,417.7983,4.3,2023-12-26
FDF37,4.668,low fat,0.025997,Fruits and Vegetables,OUT013,1987,High,Tier 3,Supermarket Type1,5700.6126,4.3,2022-05-11
FDK32,8.37,LF,0.016346,Canned,OUT019,1985,Small,Tier 1,Grocery Store,752.2567,3.9,2022-03-11
FDU45,20.12,low fat,0.03944,Dairy,OUT018,2009,Medium,Tier 3,Supermarket Type2,4145.9555,4.4,2022-03-13
FDV18,8.986,LF,0.013672,Fruits and Vegetables,OUT018,2009,Medium,Tier 3,Supermarket Type2,1707.35,4.2,2022-03-27
FDM48,,Regular,0.145255,Dairy,OUT049,1999,Medium,Tier 1,Supermarket Type1,1357.8684,4.4,2022-06-12
FDS13,19.828, Regular,0.027134,Meat,OUT027,1985,Medium,Tier 3,Supermarket Type3,10123.2033,3.9,2023-04-12
NCA56,,Low Fat,0.041908,Household,OUT013,1987,High,Tier 3,Supermarket Type1,682.0414,4.1,2022-03-05
NCP36,12.717,LF,0.038018,Household,OUT017,2007,,Tier 2,Supermarket Type1,1380.5733,4.1,2022-10-04
NCA26,14.675,low fat,0.040653,Health and Hygiene,OUT018,2009,Medium,Tier 3,Supermarket Type2,1954.0871,4.2,2022-08-12
FDA50,17.939,Regular,0.197841,Snack Foods,OUT013,1987,High,Tier 3,Supermarket Type1,2457.3113,4.1,2022-11-10
NCA40,,Low Fat,0.050151,Household,OUT045,2002,,Tier 2,Supermarket Type1,4896.5496,4.3,2022-10-09
FDP56,8.522, Regular,0.159789,Frozen Foods,OUT013,1987,High,Tier 3,Supermarket Type1,2542.3724,3.7,2023-02-28
FDK55,20.937,Low Fat,0.06554,Starchy Foods,OUT035,2004,Small,Tier 2,Supermarket Type1,1906.2967,4.6,2022-02-12
NCH25,18.184,Low Fat ,0.03306,Household,OUT046,1997,Small,Tier 1,Supermarket Type1,3664.1197,4.4,2023-05-26
FDH50,13.429,LF,0.024502,Frozen Foods,OUT049,1999,Medium,Tier 1,Supermarket Type1,1299.5943,4.0,2023-04-19
NCJ56,5.504,LF,0.0,Household,OUT013,1987,High,Tier 3,Supermarket Type1,2913.9767,3.9,2023-09-07
NCK30,7.759,low fat,0.068687,Household,OUT049,1999,Medium,Tier 1,Supermarket Type1,1908.7778,4.1,2023-11-12
FDF33,20.83,Regular,0.073934,Baking Goods,OUT017,2007,,Tier 2,Supermarket Type1,2269.4664,4.2,2023-09-04
FDD19,10.919,Regular,0.062674,Canned,OUT035,2004,Small,Tier 2,Supermarket Type1,4408.9704,4.3,2023-12-22
FDQ15,20.834,Low Fat ,0.023776,Snack Foods,OUT017,2007,,Tier 2,Supermarket Type1,1881.8898,3.777,2022-08-05
FDY10,17.266,low fat,0.051523,Fruits and Vegetables,OUT017,2007,,Tier 2,Supermarket Type1,1759.2499,4.1,2023-11-05
FDA36,7.569, Regular,0.131223,Frozen Foods,OUT049,1999,Medium,Tier 1,Supermarket Type1,2770.2833,4.4,2022-03-07
NCW55,17.621,Low Fat ,0.02796,Health and Hygiene,OUT027,1985,Medium,Tier 3,Supermarket Type3,2328.2275,3.6,2022-07-26
FDN44,20.859,low fat,0.033553,Fruits and Vegetables,OUT018,2009,Medium,Tier 3,Supermarket Type2,5646.8448,3.7,2023-07-22
FDJ26,13.546,reg,0.201333,Fruits and Vegetables,OUT018,2009,Medium,Tier 3,Supermarket Type2,7318.9324,4.2,2023-07-04
FDK51,10.991,Low Fat,0.034955,Dairy,OUT049,1999,Medium,Tier 1,Supermarket Type1,4604.4561,4.0,2022-06-20
DRR52,19.645,low fat,0.06507,Hard Drinks,OUT035,2004,Small,Tier 2,Supermarket Type1,2885.7735,3.289,2023-08-10
NCD10,,low fat,0.045188,Household,OUT035,2004,Small,Tier 2,Supermarket Type1,1074.6421,3.9,2023-12-30
FDA57,9.997, Regular,0.026984,Meat,OUT049,1999,Medium,Tier 1,Supermarket Type1,9104.4161,4.5,2023-10-21
NCM46,5.474,low fat,0.045275,Others,OUT049,1999,Medium,Tier 1,Supermarket Type1,3491.4224,4.0,2022-08-28
FDX48,,low fat,0.052585,Dairy,OUT018,2009,Medium,Tier 3,Supermarket Type2,1119.7508,4.3,2023-01-31
FDA29,13.657, Regular,0.044849,Meat,OUT045,2002,,Tier 2,Supermarket Type1,1887.0885,4.336,2022-10-28
FDA25,,low fat,0.0,Fruits and Vegetables,OUT035,2004,Small,Tier 2,Supermarket Type1,1219.0486,3.8,2023-06-13
FDB42,5.566,reg,0.043466,Frozen Foods,OUT018,2009,Medium,Tier 3,Supermarket Type2,768.2975,3.8,2023-08-18
FDS24,7.131,Low Fat ,0.092661,Fruits and Vegetables,OUT013,1987,High,Tier 3,Supermarket Type1,5047.2342,3.8,2023-02-07
FDA50,17.939,Regular,0.076896,Snack Foods,OUT019,1985,Small,Tier 1,Grocery Store,403.8104,3.9,2023-12-19
NCR53,,Low Fat ,0.069055,Health and Hygiene,OUT027,1985,Medium,Tier 3,Supermarket Type3,5902.3417,4.7,2022-10-15
FDM28,4.921,reg,0.058545,Meat,OUT013,1987,High,Tier 3,Supermarket Type1,2631.0811,4.4,2022-02-15
FDA48,13.517,LF,0.096697,Snack Foods,OUT035,2004,Small,Tier 2,Supermarket Type1,3622.4051,4.6,2023-07-25
NCA43,4.564,LF,0.024831,Others,OUT018,2009,Medium,Tier 3,Supermarket Type2,1415.2235,3.9,2023-08-22
FDJ41,4.834,LF,0.049604,Snack Foods,OUT035,2004,Small,Tier 2,Supermarket Type1,1649.7838,3.9,2023-08-03
FDP44,9.515,reg,0.050186,Fruits and Vegetables,OUT035,2004,Small,Tier 2,Supermarket Type1,3081.3339,4.3,2023-10-18
FDY53,13.553,low fat,0.10454,Frozen Foods,OUT049,1999,Medium,Tier 1,Supermarket Type1,2374.6054,4.2,2022-11-21
FDF38,15.633,Low Fat ,0.033563,Frozen Foods,OUT035,2004,Small,Tier 2,Supermarket Type1,10403.6681,3.7,2023-01-28
FDU10,10.801,Low Fat,0.046605,Frozen Foods,OUT018,2009,Medium,Tier 3,Supermarket Type2,4160.443,4.9,2022-04-10
FDW24,17.997,Low Fat ,0.045533,Frozen Foods,OUT046,1997,Small,Tier 1,Supermarket Type1,2630.7533,4.3,2022-02-28
FDE59,20.845,LF,0.0,Seafood,OUT027,1985,Medium,Tier 3,Supermarket Type3,4993.8364,3.9,2022-07-12
FDS27,20.851,Low Fat,0.041782,Meat,OUT010,1998,,Tier 3,Grocery Store,1474.3439,4.3,2022-08-27
FDQ46,6.202,Low Fat ,0.060153,Baking Goods,OUT035,2004,Small,Tier 2,Supermarket Type1,2921.7022,4.4,2022-12-25
FDA15,,Regular,0.089307,Starchy Foods,OUT046,1997,Small,Tier 1,Supermarket Type1,3588.6821,3.5,2022-09-09
FDD27,19.047, Regular,0.059413,Baking Goods,OUT017,2007,,Tier 2,Supermarket Type1,542.6375,3.5,2022-03-02
FDU11,,Low Fat ,0.079931,Breads,OUT049,1999,Medium,Tier 1,Supermarket Type1,2553.2007,4.0,2023-11-22
NCB51,7.71,Low Fat ,0.101613,Household,OUT018,2009,Medium,Tier 3,Supermarket Type2,1822.5398,4.2,2022-09-28
FDV20,,Low Fat ,0.047049,Frozen Foods,OUT049,1999,Medium,Tier 1,Supermarket Type1,2110.0549,3.7,2023-10-22
FDX59,10.438,Low Fat ,0.173959,Seafood,OUT017,2007,,Tier 2,Supermarket Type1,1862.3572,4.3,2022-06-10
FDQ16,13.135,reg,0.066885,Baking Goods,OUT045,2002,,Tier 2,Supermarket Type1,1261.691,3.4,2023-09-28
FDJ19,15.129,Regular,0.0,Snack Foods,OUT027,1985,Medium,Tier 3,Supermarket Type3,2737.243,3.603,2022-10-18
FDN38,20.195,Low Fat,0.030753,Canned,OUT013,1987,High,Tier 3,Supermarket Type1,3973.8652,4.4,2023-02-17
FDQ25,12.996,Low Fat,0.0,Baking Goods,OUT018,2009,Medium,Tier 3,Supermarket Type2,2472.6577,4.025,2023-12-27
FDY18,14.949,reg,0.020532,Snack Foods,OUT027,1985,Medium,Tier 3,Supermarket Type3,3158.976,3.8,2022-10-05
FDS54,20.56,reg,0.0,Dairy,OUT018,2009,Medium,Tier 3,Supermarket Type2,2616.3138,3.778,2023-05-28
FDJ54,16.83,low fat,0.009885,Breakfast,OUT035,2004,Small,Tier 2,Supermarket Type1,1551.8027,4.5,2022-03-25
FDP30,9.11,reg,0.132416,Canned,OUT046,1997,Small,Tier 1,Supermarket Type1,2491.7835,3.7,2022-04-22
DRP23,8.296,Regular,0.055763,Soft Drinks,OUT046,1997,Small,Tier 1,Supermarket Type1,2211.3827,3.6,2022-07-21
FDY27,12.851,Low Fat ,0.0,Fruits and Vegetables,OUT046,1997,Small,Tier 1,Supermarket Type1,2279.966,4.3,2022-12-29
FDU30,,low fat,0.074007,Frozen Foods,OUT045,2002,,Tier 2,Supermarket Type1,1562.5369,3.617,2022-12-14
FDQ27,,Low Fat ,0.036391,Canned,OUT049,1999,Medium,Tier 1,Supermarket Type1,3959.215,4.2,2022-04-12
FDG48,19.546,low fat,0.046205,Fruits and Vegetables,OUT046,1997,Small,Tier 1,Supermarket Type1,5122.6145,3.9,2023-04-08
NCG16,5.034,Low Fat ,0.100669,Others,OUT027,1985,Medium,Tier 3,Supermarket Type3,5417.0118,4.1,2022-11-16
NCV25,4.785,LF,0.057111,Health and Hygiene,OUT017,2007,,Tier 2,Supermarket Type1,1005.8623,3.6,2022-11-18
FDA10,13.961,Low Fat ,0.011326,Meat,OUT027,1985,Medium,Tier 3,Supermarket Type3,2590.6069,3.6,2023-06-17
FDA57,9.997,reg,0.0,Meat,OUT045,2002,,Tier 2,Supermarket Type1,3033.1451,4.2,2022-10-31
NCA51,19.257,Low Fat ,0.061907,Health and Hygiene,OUT049,1999,Medium,Tier 1,Supermarket Type1,1680.9556,4.3,2022-04-15
FDQ12,17.974,Low Fat ,0.058044,Canned,OUT017,2007,,Tier 2,Supermarket Type1,2921.0653,4.2,2023-01-20
FDX35,,low fat,0.01602,Starchy Foods,OUT017,2007,,Tier 2,Supermarket Type1,4963.2712,4.4,2023-06-08
NCE16,5.286,low fat,0.090498,Health and Hygiene,OUT018,2009,Medium,Tier 3,Supermarket Type2,7341.238,4.4,2023-09-06
FDH13,6.825,Regular,0.038313,Dairy,OUT046,1997,Small,Tier 1,Supermarket Type1,1148.6728,3.8,2023-04-07
FDQ50,6.933, Regular,0.095802,Fruits and Vegetables,OUT035,2004,Small,Tier 2,Supermarket Type1,1127.4701,3.9,2023-09-07
FDD49,7.08,Low Fat,0.022759,Baking Goods,OUT017,2007,,Tier 2,Supermarket Type1,3228.135,3.4,2022-01-24
FDW34,,low fat,0.094926,Baking Goods,OUT045,2002,,Tier 2,Supermarket Type1,1263.2111,3.5,2022-08-08
FDK38,,LF,0.094128,Breads,OUT017,2007,,Tier 2,Supermarket Type1,1635.9412,3.333,2022-03-09
FDQ59,14.942,LF,0.027616,Fruits and Vegetables,OUT035,2004,Small,Tier 2,Supermarket Type1,4251.2763,4.5,2023-11-30
FDX24,12.548,Regular,0.067514,Frozen Foods,OUT045,2002,,Tier 2,Supermarket Type1,4247.4663,4.0,2022-09-09
FDY10,17.266,Low Fat,0.082858,Fruits and Vegetables,OUT019,1985,Small,Tier 1,Grocery Store,792.1208,3.5,2022-03-03
FDB47,,low fat,0.034506,Meat,OUT035,2004,Small,Tier 2,Supermarket Type1,1874.1219,3.8,2022-04-11
DRH46,12.897,low fat,0.023187,Hard Drinks,OUT017,2007,,Tier 2,Supermarket Type1,2233.6965,3.9,2023-06-09
FDG30,,Low Fat ,0.110883,Dairy,OUT017,2007,,Tier 2,Supermarket Type1,7851.8797,4.0,2023-12-11
FDV31,,Regular,0.0,Breakfast,OUT013,1987,High,Tier 3,Supermarket Type1,5531.6288,4.1,2023-12-30
NCP36,12.717,low fat,0.066172,Household,OUT046,1997,Small,Tier 1,Supermarket Type1,1505.04,4.4,2023-04-13
FDX36,17.813,low fat,0.049096,Baking Goods,OUT013,1987,High,Tier 3,Supermarket Type1,1371.6472,4.3,2022-12-01
FDE57,9.617,Low Fat,0.164943,Starchy Foods,OUT046,1997,Small,Tier 1,Supermarket Type1,3377.0004,4.4,2022-07-08
FDM50,,Low Fat ,0.068604,Frozen Foods,OUT027,1985,Medium,Tier 3,Supermarket Type3,1888.8542,4.6,2022-06-01
FDG22,10.716,Low Fat,0.025872,Canned,OUT013,1987,High,Tier 3,Supermarket Type1,2610.3165,4.2,2022-12-09
FDU34,9.3,Low Fat,0.047482,Dairy,OUT019,1985,Small,Tier 1,Grocery Store,985.4322,4.8,2023-09-22
FDW37,6.799,Low Fat ,0.018271,Fruits and Vegetables,OUT018,2009,Medium,Tier 3,Supermarket Type2,3662.997,3.7,2022-12-14
FDG32,5.767, Regular,0.017826,Frozen Foods,OUT010,1998,,Tier 3,Grocery Store,592.5501,3.4,2023-10-16
FDJ34,18.813,Low Fat ,0.046582,Canned,OUT035,2004,Small,Tier 2,Supermarket Type1,2395.1429,3.8,2023-05-02
DRC39,8.987,low fat,0.032497,Soft Drinks,OUT027,1985,Medium,Tier 3,Supermarket Type3,3713.705,3.9,2022-06-17
FDB36,15.699,low fat,0.054276,Fruits and Vegetables,OUT049,1999,Medium,Tier 1,Supermarket Type1,1693.304,3.9,2023-06-05
FDA18,18.989,Regular,0.110282,Seafood,OUT017,2007,,Tier 2,Supermarket Type1,1497.2309,4.024,2022-09-11
NCS49,13.575,LF,0.100012,Health and Hygiene,OUT045,2002,,Tier 2,Supermarket Type1,3791.9339,3.8,2022-07-10
NCU45,11.765,Low Fat ,0.052198,Household,OUT045,2002,,Tier 2,Supermarket Type1,2927.9829,3.9,2022-08-02
FDJ50,17.491,reg,0.046879,Breakfast,OUT049,1999,Medium,Tier 1,Supermarket Type1,1205.6527,3.3,2023-04-07
NCH44,,Low Fat,0.036429,Others,OUT018,2009,Medium,Tier 3,Supermarket Type2,2070.9451,3.8,2023-10-09
FDW25,20.683,low fat,0.060565,Frozen Foods,OUT017,2007,,Tier 2,Supermarket Type1,2677.6943,3.5,2022-04-29
FDG54,19.473,Low Fat,0.121517,Baking Goods,OUT049,1999,Medium,Tier 1,Supermarket Type1,2432.2245,3.6,2023-04-03
FDD17,18.35,Regular,0.06139,Breakfast,OUT018,2009,Medium,Tier 3,Supermarket Type2,6003.6117,4.3,2023-11-07
FDP55,8.484,Regular,0.037886,Frozen Foods,OUT027,1985,Medium,Tier 3,Supermarket Type3,1730.2503,4.1,2022-09-22
FDC21,,low fat,0.033306,Frozen Foods,OUT046,1997,Small,Tier 1,Supermarket Type1,1414.6305,3.8,2023-08-27
FDB27,7.882,Regular,0.058466,Dairy,OUT027,1985,Medium,Tier 3,Supermarket Type3,2178.6999,4.1,2022-10-03
FDH38,13.559,Regular,0.020031,Snack Foods,OUT010,1998,,Tier 3,Grocery Store,1444.8353,3.9,2023-01-24
FDJ38,,reg,0.05824,Breakfast,OUT035,2004,Small,Tier 2,Supermarket Type1,1107.3405,3.9,2022-02-14
FDC16,11.398,reg,0.061018,Seafood,OUT046,1997,Small,Tier 1,Supermarket Type1,1601.9325,4.1,2022-01-11
FDN12,19.577, Regular,0.02955,Starchy Foods,OUT018,2009,Medium,Tier 3,Supermarket Type2,3307.8127,3.5,2023-04-22
NCK26,,LF,0.01972,Others,OUT049,1999,Medium,Tier 1,Supermarket Type1,2050.6225,4.2,2023-11-22
FDW53,12.437,Low Fat ,0.063691,Snack Foods,OUT010,1998,,Tier 3,Grocery Store,601.6526,3.4,2022-07-30
FDP50,9.977,reg,0.042346,Baking Goods,OUT027,1985,Medium,Tier 3,Supermarket Type3,11556.5791,3.4,2022-03-19
NCF18,8.583,LF,0.062127,Household,OUT027,1985,Medium,Tier 3,Supermarket Type3,7584.5048,4.3,2023-12-11
FDH15,12.884,Regular,0.020959,Dairy,OUT027,1985,Medium,Tier 3,Supermarket Type3,3136.2595,4.8,2023-09-29
FDE40,7.628, Regular,0.024158,Fruits and Vegetables,OUT018,2009,Medium,Tier 3,Supermarket Type2,3080.9322,3.7,2022-11-25
FDF24,12.755,Low Fat,0.134473,Breads,OUT013,1987,High,Tier 3,Supermarket Type1,2689.1938,3.8,2022-10-15
FDY39,8.822,reg,0.031753,Frozen Foods,OUT017,2007,,Tier 2,Supermarket Type1,885.889,3.9,2022-05-15
FDW50,10.758,Regular,0.047739,Fruits and Vegetables,OUT046,1997,Small,Tier 1,Supermarket Type1,2965.4823,4.3,2022-07-26
FDJ17,15.51,Low Fat,0.037241,Dairy,OUT018,2009,Medium,Tier 3,Supermarket Type2,3493.5078,4.5,2023-03-17
NCW51,16.454,LF,0.047561,Household,OUT046,1997,Small,Tier 1,Supermarket Type1,2261.6911,3.8,2022-03-21
FDK55,20.937,low fat,0.076486,Starchy Foods,OUT049,1999,Medium,Tier 1,Supermarket Type1,1638.4702,4.3,2023-05-21
DRS47,17.105,Low Fat,0.033509,Soft Drinks,OUT049,1999,Medium,Tier 1,Supermarket Type1,1056.8684,3.9,2023-11-14
FDH23,19.557,low fat,0.025119,Baking Goods,OUT013,1987,High,Tier 3,Supermarket Type1,1720.7098,3.6,2022-06-25
FDA43,18.354,Low Fat ,0.018254,Snack Foods,OUT013,1987,High,Tier 3,Supermarket Type1,791.5094,3.9,2022-07-17
NCN33,11.601,LF,0.0,Health and Hygiene,OUT018,2009,Medium,Tier 3,Supermarket Type2,3199.2873,4.2,2023-10-22
FDM32,5.073,reg,0.021098,Seafood,OUT017,2007,,Tier 2,Supermarket Type1,2352.0872,5.0,2022-07-25
NCX49,17.172,low fat,0.083345,Health and Hygiene,OUT017,2007,,Tier 2,Supermarket Type1,1967.4878,3.9,2022-12-05
FDN52,,Low Fat,0.0,Snack Foods,OUT027,1985,Medium,Tier 3,Supermarket Type3,5901.7143,3.8,2022-02-07
FDS10,16.316,Low Fat,0.066322,Fruits and Vegetables,OUT013,1987,High,Tier 3,Supermarket Type1,1775.9285,4.3,2023-08-18
FDK27,10.421,Low Fat ,0.031457,Fruits and Vegetables,OUT046,1997,Small,Tier 1,Supermarket Type1,1155.0814,4.1,2023-11-03
NCX23,,low fat,0.03589,Household,OUT046,1997,Small,Tier 1,Supermarket Type1,2942.8745,4.1,2023-01-20
FDG16,12.066,low fat,0.035468,Canned,OUT045,2002,,Tier 2,Supermarket Type1,1581.2206,4.6,2023-10-07
DRW26,10.189,LF,0.040939,Soft Drinks,OUT027,1985,Medium,Tier 3,Supermarket Type3,3342.0761,4.0,2023-09-23
FDA34,12.908,Low Fat ,0.108208,Canned,OUT049,1999,Medium,Tier 1,Supermarket Type1,2548.7208,3.7,2023-04-26
FDP20,18.251,Low Fat ,0.046669,Fruits and Vegetables,OUT035,2004,Small,Tier 2,Supermarket Type1,6896.8186,3.8,2023-06-06
FDM18,,Low Fat,0.143999,Meat,OUT046,1997,Small,Tier 1,Supermarket Type1,10932.7389,4.6,2023-08-14
FDQ16,13.135,reg,0.094366,Baking Goods,OUT013,1987,High,Tier 3,Supermarket Type1,1491.3983,3.3,2023-10-09
FDQ36,12.085,LF,0.079166,Snack Foods,OUT027,1985,Medium,Tier 3,Supermarket Type3,3320.9034,4.1,2023-03-03
FDV35,16.043,Low Fat ,0.037522,Meat,OUT010,1998,,Tier 3,Grocery Store,919.9769,4.1,2023-04-08
FDQ54,5.351,LF,0.060113,Frozen Foods,OUT019,1985,Small,Tier 1,Grocery Store,761.3429,3.996,2023-12-03
NCN21,,Low Fat,0.047462,Household,OUT045,2002,,Tier 2,Supermarket Type1,2144.3136,4.039,2023-04-30
DRV17,7.224,Low Fat ,0.020063,Soft Drinks,OUT027,1985,Medium,Tier 3,Supermarket Type3,3443.094,4.1,2023-08-02
DRV56,8.239, Regular,0.0,Hard Drinks,OUT013,1987,High,Tier 3,Supermarket Type1,7019.3441,3.5,2022-02-04
FDW38,13.506,LF,0.079836,Snack Foods,OUT018,2009,Medium,Tier 3,Supermarket Type2,2728.7244,4.3,2023-07-19
FDQ25,12.996,low fat,0.0,Baking Goods,OUT045,2002,,Tier 2,Supermarket Type1,1248.0609,3.8,2023-02-24
FDY28,, Regular,0.05021,Meat,OUT018,2009,Medium,Tier 3,Supermarket Type2,9518.9938,4.1,2023-09-16
NCB53,,low fat,0.013752,Household,OUT045,2002,,Tier 2,Supermarket Type1,2647.8288,4.1,2022-01-29
FDP43,7.46,LF,0.03911,Dairy,OUT013,1987,High,Tier 3,Supermarket Type1,8138.4003,4.7,2023-09-13
FDN20,10.021,Regular,0.030435,Baking Goods,OUT046,1997,Small,Tier 1,Supermarket Type1,1629.5484,3.7,2023-10-27
FDD44,8.69,Regular,0.018413,Meat,OUT045,2002,,Tier 2,Supermarket Type1,4751.865,4.226,2023-04-13
FDN37,13.869,low fat,0.0,Baking Goods,OUT018,2009,Medium,Tier 3,Supermarket Type2,2988.13,4.0,2023-10-15
NCV30,6.545,low fat,0.085562,Household,OUT027,1985,Medium,Tier 3,Supermarket Type3,4052.8912,4.1,2022-06-09
FDD59,8.724,Regular,0.029703,Dairy,OUT010,1998,,Tier 3,Grocery Store,852.3079,4.2,2022-09-01
FDH46,8.263, Regular,0.031928,Baking Goods,OUT035,2004,Small,Tier 2,Supermarket Type1,2861.7531,4.3,2022-12-29
FDP23,11.716, Regular,0.098231,Snack Foods,OUT027,1985,Medium,Tier 3,Supermarket Type3,3533.8002,3.6,2022-11-25
DRU26,16.625,Regular,0.103882,Soft Drinks,OUT035,2004,Small,Tier 2,Supermarket Type1,4398.3185,3.978,2023-05-05
FDD25,10.464,low fat,0.066484,Fruits and Vegetables,OUT045,2002,,Tier 2,Supermarket Type1,2513.8865,4.799,2022-09-03
FDD37,13.509,reg,0.104714,Fruits and Vegetables,OUT035,2004,Small,Tier 2,Supermarket Type1,2073.7719,4.1,2022-03-17
FDY30,13.822, Regular,0.029873,Canned,OUT046,1997,Small,Tier 1,Supermarket Type1,4698.733,4.0,2023-09-21
FDP22,17.485,LF,0.12501,Snack Foods,OUT018,2009,Medium,Tier 3,Supermarket Type2,5965.1386,3.5,2023-05-03
NCD16,14.188,low fat,0.01482,Household,OUT019,1985,Small,Tier 1,Grocery Store,187.6891,4.2,2022-05-13
FDX10,,Regular,0.0,Meat,OUT049,1999,Medium,Tier 1,Supermarket Type1,3528.7682,4.0,2023-07-19
NCB47,,Low Fat ,0.090463,Household,OUT049,1999,Medium,Tier 1,Supermarket Type1,2472.9111,2.8,2023-03-07
DRJ50,8.663,LF,0.035515,Hard Drinks,OUT013,1987,High,Tier 3,Supermarket Type1,1701.1912,4.5,2023-01-03
FDR22,13.403,Low Fat ,0.038356,Canned,OUT018,2009,Medium,Tier 3,Supermarket Type2,2278.0971,4.5,2023-10-15
FDE13,18.625,reg,0.082758,Canned,OUT018,2009,Medium,Tier 3,Supermarket Type2,2732.2366,3.8,2022-03-18
FDW30,5.672,reg,0.02088,Baking Goods,OUT017,2007,,Tier 2,Supermarket Type1,1211.5084,4.127,2022-06-08
FDV39,11.544,Low Fat,0.011068,Dairy,OUT049,1999,Medium,Tier 1,Supermarket Type1,624.7178,4.2,2022-12-02
FDQ15,20.834,low fat,0.06439,Snack Foods,OUT046,1997,Small,Tier 1,Supermarket Type1,906.0575,4.4,2022-02-05
DRW14,17.668,Regular,0.126715,Soft Drinks,OUT027,1985,Medium,Tier 3,Supermarket Type3,1431.5244,4.1,2022-08-17
NCE29,,low fat,0.058261,Household,OUT018,2009,Medium,Tier 3,Supermarket Type2,2277.7971,4.0,2023-08-06
FDX44,20.503, Regular,0.076057,Baking Goods,OUT010,1998,,Tier 3,Grocery Store,2233.2337,3.9,2023-09-10
DRN52,12.709,Regular,0.105881,Soft Drinks,OUT045,2002,,Tier 2,Supermarket Type1,6675.2368,3.719,2023-10-06
FDX50,13.256,LF,0.0215,Fruits and Vegetables,OUT049,1999,Medium,Tier 1,Supermarket Type1,1765.9736,4.5,2022-09-19
FDB45,5.506,low fat,0.026768,Fruits and Vegetables,OUT045,2002,,Tier 2,Supermarket Type1,1878.5236,4.176,2022-05-26
FDF39,10.917,Low Fat ,0.117474,Canned,OUT019,1985,Small,Tier 1,Grocery Store,3957.397,4.3,2023-11-15
NCY52,19.786,Low Fat,0.031764,Health and Hygiene,OUT027,1985,Medium,Tier 3,Supermarket Type3,2993.228,4.3,2023-05-18
FDJ51,10.605, Regular,0.031492,Meat,OUT046,1997,Small,Tier 1,Supermarket Type1,453.9815,4.104,2022-07-01
FDH38,13.559,Regular,0.018102,Snack Foods,OUT019,1985,Small,Tier 1,Grocery Store,1653.0483,3.6,2023-08-08
FDB37,13.472, Regular,0.018712,Snack Foods,OUT018,2009,Medium,Tier 3,Supermarket Type2,3620.414,4.4,2023-03-24
FDR11,4.864,Low Fat ,0.033808,Dairy,OUT018,2009,Medium,Tier 3,Supermarket Type2,2811.7633,3.583,2022-02-26
FDX26,20.905,Regular,0.103676,Snack Foods,OUT046,1997,Small,Tier 1,Supermarket Type1,2314.212,3.6,2022-07-14
FDA37,,Low Fat ,0.031138,Snack Foods,OUT027,1985,Medium,Tier 3,Supermarket Type3,8101.7832,4.0,2023-11-20
FDQ54,5.351,Low Fat,0.074862,Frozen Foods,OUT035,2004,Small,Tier 2,Supermarket Type1,1322.483,4.3,2022-02-20
FDB57,7.226,Low Fat ,0.014956,Frozen Foods,OUT017,2007,,Tier 2,Supermarket Type1,901.6096,4.8,2022-04-21
NCK51,8.763,low fat,0.040558,Household,OUT027,1985,Medium,Tier 3,Supermarket Type3,13086.9648,4.4,2023-11-27
DRE44,12.888,LF,0.038267,Soft Drinks,OUT045,2002,,Tier 2,Supermarket Type1,2342.7912,3.6,2022-12-11
FDU27,16.593,Low Fat ,0.052118,Frozen Foods,OUT018,2009,Medium,Tier 3,Supermarket Type2,4069.3242,3.5,2022-03-04
DRC46,14.123, Regular,0.046395,Soft Drinks,OUT017,2007,,Tier 2,Supermarket Type1,2989.5825,3.82,2023-06-24
FDA38,16.805,low fat,0.078674,Seafood,OUT035,2004,Small,Tier 2,Supermarket Type1,1201.7389,3.7,2023-08-21
FDS23,19.844, Regular,0.153896,Dairy,OUT035,2004,Small,Tier 2,Supermarket Type1,2196.279,4.6,2022-04-21
FDE39,20.416,LF,0.055861,Meat,OUT027,1985,Medium,Tier 3,Supermarket Type3,3236.0121,4.1,2022-05-30
FDK34,14.805, Regular,0.056858,Starchy Foods,OUT013,1987,High,Tier 3,Supermarket Type1,9720.1852,3.822,2023-10-10
NCS27,11.051,Low Fat,0.221648,Others,OUT045,2002,,Tier 2,Supermarket Type1,3503.3313,4.1,2023-09-22
DRW51,11.078,Low Fat,0.070346,Hard Drinks,OUT027,1985,Medium,Tier 3,Supermarket Type3,3887.2695,4.2,2022-07-13
FDN25,11.875,LF,0.029191,Fruits and Vegetables,OUT045,2002,,Tier 2,Supermarket Type1,2238.8404,4.3,2023-06-19
NCN35,,LF,0.0,Household,OUT019,1985,Small,Tier 1,Grocery Store,1671.0961,4.2,2023-10-14
FDK14,17.52, Regular,0.0,Fruits and Vegetables,OUT045,2002,,Tier 2,Supermarket Type1,1907.4234,4.6,2023-01-11
FDJ47,,LF,0.01993,Snack Foods,OUT045,2002,,Tier 2,Supermarket Type1,1085.8134,3.8,2023-08-03
FDM41,20.307,reg,0.10472,Canned,OUT013,1987,High,Tier 3,Supermarket Type1,5793.373,4.0,2023-04-24
FDC14,21.321,Low Fat,0.029143,Frozen Foods,OUT013,1987,High,Tier 3,Supermarket Type1,2428.8776,4.2,2022-03-28
FDR13,14.016,Low Fat ,0.0547,Frozen Foods,OUT045,2002,,Tier 2,Supermarket Type1,1300.9432,4.194,2022-06-26
FDY19,6.764,Low Fat ,0.036452,Dairy,OUT035,2004,Small,Tier 2,Supermarket Type1,1240.5053,4.5,2023-11-22
FDP22,17.485,low fat,0.041955,Snack Foods,OUT045,2002,,Tier 2,Supermarket Type1,550.1487,4.0,2022-09-29
FDF57,19.891,reg,0.065342,Fruits and Vegetables,OUT046,1997,Small,Tier 1,Supermarket Type1,1787.8814,4.0,2022-02-21
FDM22,18.976,Low Fat,0.04874,Fruits and Vegetables,OUT018,2009,Medium,Tier 3,Supermarket Type2,7882.0466,4.1,2022-07-13
FDR33,,Regular,0.059374,Fruits and Vegetables,OUT017,2007,,Tier 2,Supermarket Type1,1647.2131,3.8,2023-07-09
FDF52,11.876,LF,0.062238,Canned,OUT049,1999,Medium,Tier 1,Supermarket Type1,4156.0911,5.0,2023-04-19
FDX22,16.516,Low Fat ,0.018342,Frozen Foods,OUT035,2004,Small,Tier 2,Supermarket Type1,2665.7263,4.1,2022-09-06
NCU45,11.765,low fat,0.06811,Household,OUT027,1985,Medium,Tier 3,Supermarket Type3,4849.5812,4.1,2022-05-24
FDR26,19.935,low fat,0.047567,Dairy,OUT045,2002,,Tier 2,Supermarket Type1,2339.4452,4.0,2023-10-26
FDM38,, Regular,0.047579,Starchy Foods,OUT049,1999,Medium,Tier 1,Supermarket Type1,1448.5838,4.0,2022-05-03
FDA30,7.362,Regular,0.043002,Canned,OUT018,2009,Medium,Tier 3,Supermarket Type2,1432.9279,4.1,2022-06-25
FDB35,6.68,Low Fat,0.067487,Frozen Foods,OUT018,2009,Medium,Tier 3,Supermarket Type2,1631.8393,3.2,2022-08-07
FDK52,13.444,LF,0.012129,Meat,OUT027,1985,Medium,Tier 3,Supermarket Type3,3397.2165,4.6,2023-03-01
NCC29,8.081,Low Fat ,0.0,Household,OUT035,2004,Small,Tier 2,Supermarket Type1,1645.719,4.2,2022-07-05
NCG56,5.476,low fat,0.102071,Health and Hygiene,OUT018,2009,Medium,Tier 3,Supermarket Type2,2517.0576,3.9,2023-01-14
NCV38,,Low Fat ,0.017999,Household,OUT017,2007,,Tier 2,Supermarket Type1,2199.491,3.2,2022-03-30
FDW33,18.507,low fat,0.090036,Canned,OUT046,1997,Small,Tier 1,Supermarket Type1,3115.9538,3.1,2022-06-09
FDC42,17.19,reg,0.075076,Canned,OUT045,2002,,Tier 2,Supermarket Type1,932.1491,4.3,2023-06-14
FDW27,5.092, Regular,0.072642,Canned,OUT049,1999,Medium,Tier 1,Supermarket Type1,1762.0562,4.0,2022-06-12
FDM13,,Low Fat,0.044835,Fruits and Vegetables,OUT010,1998,,Tier 3,Grocery Store,1750.3186,4.2,2023-07-23
DRB12,6.889,LF,0.070847,Soft Drinks,OUT018,2009,Medium,Tier 3,Supermarket Type2,1776.5918,3.583,2022-05-01
FDY29,, Regular,0.03734,Snack Foods,OUT017,2007,,Tier 2,Supermarket Type1,2922.2433,3.7,2022-12-31
FDW38,13.506,Low Fat ,0.028908,Snack Foods,OUT013,1987,High,Tier 3,Supermarket Type1,6737.254,3.9,2023-07-24
FDF55,15.98,Regular,0.021807,Dairy,OUT018,2009,Medium,Tier 3,Supermarket Type2,1878.6544,4.0,2023-07-20
DRN55,4.855,Low Fat,0.0,Soft Drinks,OUT027,1985,Medium,Tier 3,Supermarket Type3,2820.4299,4.0,2023-03-29
NCC29,,low fat,0.02835,Household,OUT013,1987,High,Tier 3,Supermarket Type1,4334.8859,4.1,2023-08-19
FDJ20,8.609,Low Fat ,0.024364,Fruits and Vegetables,OUT046,1997,Small,Tier 1,Supermarket Type1,596.5267,4.092,2022-02-17
FDK18,6.301, Regular,0.113081,Baking Goods,OUT045,2002,,Tier 2,Supermarket Type1,8205.6459,4.619,2022-04-11
FDH26,10.128,low fat,0.109254,Frozen Foods,OUT045,2002,,Tier 2,Supermarket Type1,3545.782,3.7,2022-08-04
FDV24,13.227,low fat,0.031513,Breakfast,OUT013,1987,High,Tier 3,Supermarket Type1,2892.903,3.9,2023-08-26
FDF41,6.557,reg,0.07057,Fruits and Vegetables,OUT049,1999,Medium,Tier 1,Supermarket Type1,1010.0481,4.3,2022-01-20
FDF38,15.633,Low Fat,0.103366,Frozen Foods,OUT046,1997,Small,Tier 1,Supermarket Type1,4023.4616,3.6,2023-02-20
DRA10,,Low Fat ,0.089427,Soft Drinks,OUT045,2002,,Tier 2,Supermarket Type1,960.0207,3.9,2022-10-22
NCN11,,low fat,0.067708,Household,OUT027,1985,Medium,Tier 3,Supermarket Type3,1347.3882,4.026,2022-08-29
FDK19,13.328, Regular,0.127149,Snack Foods,OUT049,1999,Medium,Tier 1,Supermarket Type1,3338.2471,3.9,2023-08-12
FDR47,15.72, Regular,0.0833,Dairy,OUT046,1997,Small,Tier 1,Supermarket Type1,950.1179,4.5,2022-12-02
FDA10,13.961,low fat,0.065646,Meat,OUT018,2009,Medium,Tier 3,Supermarket Type2,3335.4915,4.292,2023-03-09
NCV15,7.34,low fat,0.036047,Household,OUT045,2002,,Tier 2,Supermarket Type1,1902.3711,4.0,2022-01-02
DRW51,11.078,low fat,0.074236,Hard Drinks,OUT049,1999,Medium,Tier 1,Supermarket Type1,2529.9193,3.587,2022-04-02
FDH35,14.462,Low Fat ,0.056063,Dairy,OUT045,2002,,Tier 2,Supermarket Type1,2345.5335,4.6,2023-09-07
FDU56,18.417,LF,0.161657,Snack Foods,OUT045,2002,,Tier 2,Supermarket Type1,2588.0926,3.3,2023-03-19
NCB39,17.576,Low Fat,0.073997,Household,OUT046,1997,Small,Tier 1,Supermarket Type1,1852.843,4.0,2022-02-04
FDW50,10.758,reg,0.080746,Fruits and Vegetables,OUT035,2004,Small,Tier 2,Supermarket Type1,4759.0457,4.6,2023-09-12
FDM10,7.376,Low Fat,0.018566,Canned,OUT017,2007,,Tier 2,Supermarket Type1,1689.8067,3.1,2023-02-18
FDA19,14.808,Regular,0.040949,Frozen Foods,OUT049,1999,Medium,Tier 1,Supermarket Type1,1939.6244,4.0,2022-07-12
FDU39,9.03,Low Fat ,0.062796,Fruits and Vegetables,OUT010,1998,,Tier 3,Grocery Store,1261.4865,3.9,2022-01-20
FDR29,15.906,LF,0.11512,Snack Foods,OUT027,1985,Medium,Tier 3,Supermarket Type3,3611.1309,4.237,2022-04-20
FDE14,7.161,Low Fat ,0.097599,Snack Foods,OUT049,1999,Medium,Tier 1,Supermarket Type1,4305.3358,3.7,2023-07-21
FDR56,20.984,Low Fat ,0.045837,Frozen Foods,OUT035,2004,Small,Tier 2,Supermarket Type1,2983.835,3.4,2022-08-01
FDA34,12.908,Low Fat ,0.043438,Canned,OUT046,1997,Small,Tier 1,Supermarket Type1,1915.9365,3.9,2023-01-16
FDB53,20.48,reg,0.054411,Fruits and Vegetables,OUT046,1997,Small,Tier 1,Supermarket Type1,6297.8788,4.2,2022-02-14
NCX49,17.172,Low Fat ,0.043925,Health and Hygiene,OUT049,1999,Medium,Tier 1,Supermarket Type1,1756.0664,4.5,2023-09-24
FDR58,14.98,Low Fat,0.0743,Canned,OUT018,2009,Medium,Tier 3,Supermarket Type2,5969.0608,3.3,2023-02-19
FDS29,15.994, Regular,0.019655,Frozen Foods,OUT046,1997,Small,Tier 1,Supermarket Type1,5558.4026,3.7,2023-10-26
NCN36,9.616,Low Fat ,0.060201,Household,OUT027,1985,Medium,Tier 3,Supermarket Type3,5770.6168,4.5,2023-12-31
FDD17,18.35, Regular,0.025998,Breakfast,OUT019,1985,Small,Tier 1,Grocery Store,268.2596,3.8,2022-02-19
FDH30,12.546,LF,0.051182,Frozen Foods,OUT045,2002,,Tier 2,Supermarket Type1,1507.5288,3.6,2023-01-21
FDU40,8.23,Low Fat ,0.019909,Seafood,OUT027,1985,Medium,Tier 3,Supermarket Type3,2510.3964,4.7,2022-10-28
FDV53,11.249,low fat,0.057939,Fruits and Vegetables,OUT010,1998,,Tier 3,Grocery Store,1671.4677,4.5,2023-08-06
FDC46,20.411,Low Fat,0.065926,Dairy,OUT035,2004,Small,Tier 2,Supermarket Type1,1168.6948,3.7,2022-01-16
FDM40,12.304,Low Fat,0.0,Snack Foods,OUT046,1997,Small,Tier 1,Supermarket Type1,2030.4768,4.5,2022-02-11
FDX27,16.83,LF,0.042784,Breakfast,OUT035,2004,Small,Tier 2,Supermarket Type1,1984.5197,4.3,2022-03-25
FDP55,, Regular,0.021775,Frozen Foods,OUT045,2002,,Tier 2,Supermarket Type1,1288.8107,3.405,2022-08-13
NCV55,15.451,Low Fat,0.082419,Household,OUT017,2007,,Tier 2,Supermarket Type1,1318.4162,3.864,2023-02-16
FDK28,5.417, Regular,0.145516,Fruits and Vegetables,OUT013,1987,High,Tier 3,Supermarket Type1,1655.2593,4.126,2022-01-19
FDF14,9.674,Regular,0.016792,Canned,OUT018,2009,Medium,Tier 3,Supermarket Type2,5288.3418,4.4,2023-02-17
DRK33,5.465,LF,0.033125,Hard Drinks,OUT035,2004,Small,Tier 2,Supermarket Type1,1174.5539,3.766,2023-01-25
FDY42,12.403,Regular,0.035682,Fruits and Vegetables,OUT018,2009,Medium,Tier 3,Supermarket Type2,2292.6096,4.721,2022-01-10
DRV17,,low fat,0.044504,Soft Drinks,OUT013,1987,High,Tier 3,Supermarket Type1,2465.5791,3.6,2023-02-02
FDG59,8.076,Regular,0.030458,Fruits and Vegetables,OUT046,1997,Small,Tier 1,Supermarket Type1,2759.14,4.1,2023-08-15
FDB57,,LF,0.021781,Frozen Foods,OUT013,1987,High,Tier 3,Supermarket Type1,1851.8954,3.5,2023-09-29
FDA40,7.817,LF,0.04657,Starchy Foods,OUT049,1999,Medium,Tier 1,Supermarket Type1,2348.2915,3.6,2022-06-04
NCQ22,14.662,Low Fat,0.154449,Health and Hygiene,OUT018,2009,Medium,Tier 3,Supermarket Type2,2130.6903,4.8,2023-09-12
FDU18,,Low Fat,0.05838,Frozen Foods,OUT035,2004,Small,Tier 2,Supermarket Type1,1306.8258,4.2,2023-06-12
FDV33,8.335, Regular,0.069792,Dairy,OUT018,2009,Medium,Tier 3,Supermarket Type2,810.9153,4.0,2023-11-22
FDK14,17.52,reg,0.15154,Fruits and Vegetables,OUT017,2007,,Tier 2,Supermarket Type1,3142.1922,3.4,2022-04-14
FDP50,9.977,Regular,0.035194,Baking Goods,OUT046,1997,Small,Tier 1,Supermarket Type1,5610.7541,4.0,2023-01-05
DRB48,20.082,low fat,0.049067,Soft Drinks,OUT046,1997,Small,Tier 1,Supermarket Type1,10254.3475,4.595,2023-12-02
FDS45,, Regular,0.024571,Baking Goods,OUT017,2007,,Tier 2,Supermarket Type1,1498.3993,4.0,2022-12-31
FDJ21,17.442,Low Fat ,0.060311,Fruits and Vegetables,OUT046,1997,Small,Tier 1,Supermarket Type1,4344.3759,4.011,2022-12-11
FDN21,4.8,reg,0.153738,Meat,OUT018,2009,Medium,Tier 3,Supermarket Type2,3837.6201,4.5,2022-04-22
FDS26,9.766,low fat,0.128224,Snack Foods,OUT045,2002,,Tier 2,Supermarket Type1,9197.7402,4.396,2022-06-01
DRR26,,LF,0.021979,Hard Drinks,OUT046,1997,Small,Tier 1,Supermarket Type1,1693.1096,4.0,2023-02-27
FDX36,17.813,LF,0.071664,Baking Goods,OUT045,2002,,Tier 2,Supermarket Type1,968.6733,3.9,2023-09-14
DRB53,4.636,LF,0.08302,Soft Drinks,OUT013,1987,High,Tier 3,Supermarket Type1,3152.2588,4.0,2022-02-21
FDP59,19.39, Regular,0.024414,Canned,OUT017,2007,,Tier 2,Supermarket Type1,3079.923,3.6,2022-07-16
FDQ22,20.353,LF,0.065923,Dairy,OUT017,2007,,Tier 2,Supermarket Type1,1453.3158,3.9,2022-08-04
NCD54,8.593,low fat,0.038613,Household,OUT019,1985,Small,Tier 1,Grocery Store,1423.6276,3.4,2022-12-31
FDP47,, Regular,0.079741,Fruits and Vegetables,OUT018,2009,Medium,Tier 3,Supermarket Type2,2292.1185,4.1,2023-07-03
FDN29,14.121,low fat,0.087529,Canned,OUT019,1985,Small,Tier 1,Grocery Store,1913.7014,3.8,2023-03-14
DRH21,, Regular,0.050235,Hard Drinks,OUT045,2002,,Tier 2,Supermarket Type1,658.5338,2.8,2023-08-24
FDG13,7.757,low fat,0.045343,Baking Goods,OUT045,2002,,Tier 2,Supermarket Type1,4262.4911,3.402,2022-05-12
FDR52,,low fat,0.09604,Fruits and Vegetables,OUT018,2009,Medium,Tier 3,Supermarket Type2,4984.7276,3.7,2023-11-28
FDA21,16.765,Low Fat,0.050201,Fruits and Vegetables,OUT035,2004,Small,Tier 2,Supermarket Type1,4838.2879,4.4,2023-01-31
FDN10,14.799,LF,0.045221,Snack Foods,OUT046,1997,Small,Tier 1,Supermarket Type1,774.1831,4.3,2023-09-24
FDR40,9.815,Regular,0.089986,Fruits and Vegetables,OUT035,2004,Small,Tier 2,Supermarket Type1,1532.2341,3.6,2022-05-21
FDP23,11.716, Regular,0.039084,Snack Foods,OUT019,1985,Small,Tier 1,Grocery Store,692.4301,3.8,2023-06-16
FDU17,,reg,0.055442,Frozen Foods,OUT035,2004,Small,Tier 2,Supermarket Type1,1964.8371,3.0,2022-08-30
NCD16,14.188,Low Fat ,0.065403,Household,OUT018,2009,Medium,Tier 3,Supermarket Type2,3771.7604,4.0,2023-05-29
FDK22,11.029, Regular,0.017547,Baking Goods,OUT045,2002,,Tier 2,Supermarket Type1,2170.4573,3.7,2023-03-03
FDU36,20.347,Low Fat ,0.034334,Canned,OUT035,2004,Small,Tier 2,Supermarket Type1,454.0209,4.0,2022-08-07
FDX20,,LF,0.008915,Canned,OUT046,1997,Small,Tier 1,Supermarket Type1,2409.2381,4.5,2022-07-13
DRH21,4.681,reg,0.115195,Hard Drinks,OUT018,2009,Medium,Tier 3,Supermarket Type2,1059.764,4.3,2023-09-04
NCC13,,low fat,0.082729,Health and Hygiene,OUT046,1997,Small,Tier 1,Supermarket Type1,1587.0331,3.8,2022-09-13
FDK55,,LF,0.083035,Starchy Foods,OUT017,2007,,Tier 2,Supermarket Type1,3205.5862,3.9,2022-06-26
FDB52,18.889,Low Fat,0.016423,Baking Goods,OUT027,1985,Medium,Tier 3,Supermarket Type3,3473.7476,4.0,2022-03-05
FDU37,12.834, Regular,0.022196,Snack Foods,OUT049,1999,Medium,Tier 1,Supermarket Type1,3020.2946,4.588,2022-10-26
NCF48,16.253,Low Fat ,0.328,Household,OUT019,1985,Small,Tier 1,Grocery Store,3156.8506,4.0,2022-01-21
FDA54,6.503,Low Fat ,0.042094,Snack Foods,OUT027,1985,Medium,Tier 3,Supermarket Type3,6457.3671,4.2,2022-09-24
FDD13,17.781,Low Fat ,0.055701,Snack Foods,OUT045,2002,,Tier 2,Supermarket Type1,3961.9455,4.4,2023-03-23
FDQ39,11.195,Low Fat ,0.0,Dairy,OUT027,1985,Medium,Tier 3,Supermarket Type3,5971.2541,4.5,2022-10-14
FDR19,9.203,LF,0.075294,Fruits and Vegetables,OUT018,2009,Medium,Tier 3,Supermarket Type2,3904.819,4.5,2022-09-29
FDB38,6.704,LF,0.027811,Fruits and Vegetables,OUT018,2009,Medium,Tier 3,Supermarket Type2,3341.2786,5.0,2023-11-08
FDB52,18.889,Low Fat ,0.035337,Baking Goods,OUT019,1985,Small,Tier 1,Grocery Store,284.0839,3.9,2022-04-09
NCB59,20.433,Low Fat ,0.044598,Others,OUT017,2007,,Tier 2,Supermarket Type1,3490.3696,4.0,2022-01-20
DRH42,,Low Fat,0.011751,Hard Drinks,OUT018,2009,Medium,Tier 3,Supermarket Type2,4138.567,4.4,2023-06-18
FDF58,,low fat,0.052351,Breads,OUT013,1987,High,Tier 3,Supermarket Type1,1985.6711,3.9,2023-10-23
FDX51,12.577, Regular,0.199326,Frozen Foods,OUT035,2004,Small,Tier 2,Supermarket Type1,5585.1742,4.2,2022-09-05
FDB53,20.48,reg,0.1459,Fruits and Vegetables,OUT017,2007,,Tier 2,Supermarket Type1,3823.6383,4.2,2023-09-05
FDX34,17.631,LF,0.059897,Fruits and Vegetables,OUT045,2002,,Tier 2,Supermarket Type1,2485.4267,3.963,2023-01-03
DRA37,,Low Fat ,0.031635,Hard Drinks,OUT027,1985,Medium,Tier 3,Supermarket Type3,3505.249,3.5,2023-04-18
DRB37,16.928,LF,0.092655,Soft Drinks,OUT035,2004,Small,Tier 2,Supermarket Type1,1320.9373,3.9,2022-09-17
FDE37,,Regular,0.06785,Frozen Foods,OUT046,1997,Small,Tier 1,Supermarket Type1,1507.2888,3.9,2022-02-21
FDV30,13.378,Low Fat,0.029122,Breads,OUT049,1999,Medium,Tier 1,Supermarket Type1,5453.1217,4.178,2023-10-31
DRP46,12.076,Low Fat ,0.015433,Soft Drinks,OUT027,1985,Medium,Tier 3,Supermarket Type3,11274.3238,4.4,2022-11-11
DRJ30,9.615, Regular,0.036679,Hard Drinks,OUT049,1999,Medium,Tier 1,Supermarket Type1,9050.7373,3.697,2023-03-07
NCG56,5.476,LF,0.010103,Health and Hygiene,OUT027,1985,Medium,Tier 3,Supermarket Type3,5876.104,4.1,2022-10-04
FDJ16,5.715,Low Fat ,0.076857,Fruits and Vegetables,OUT035,2004,Small,Tier 2,Supermarket Type1,4225.6929,3.9,2023-09-28
FDV14,17.416,Regular,0.054282,Baking Goods,OUT027,1985,Medium,Tier 3,Supermarket Type3,5445.7645,4.3,2022-07-31
FDH26,10.128,low fat,0.029879,Frozen Foods,OUT018,2009,Medium,Tier 3,Supermarket Type2,1829.9388,3.9,2022-03-19
NCG35,9.968,LF,0.030601,Household,OUT019,1985,Small,Tier 1,Grocery Store,1038.7339,4.0,2022-02-04
DRD42,19.259,LF,0.02653,Hard Drinks,OUT049,1999,Medium,Tier 1,Supermarket Type1,1680.7809,3.5,2023-05-01
DRB53,4.636,low fat,0.072208,Soft Drinks,OUT035,2004,Small,Tier 2,Supermarket Type1,1321.8686,4.0,2023-08-27
FDA40,7.817,LF,0.05351,Starchy Foods,OUT046,1997,Small,Tier 1,Supermarket Type1,2109.7954,4.105,2022-10-19
FDR45,20.449,Low Fat,0.045094,Snack Foods,OUT010,1998,,Tier 3,Grocery Store,1137.4574,4.6,2023-12-08
FDE21,20.929,low fat,0.032734,Snack Foods,OUT027,1985,Medium,Tier 3,Supermarket Type3,3743.2958,3.7,2023-03-13
FDD17,,Regular,0.0592,Breakfast,OUT013,1987,High,Tier 3,Supermarket Type1,5646.2019,4.2,2023-05-06
DRJ35,18.995,low fat,0.013266,Soft Drinks,OUT045,2002,,Tier 2,Supermarket Type1,1118.0825,4.209,2022-08-06
FDH27,,Low Fat ,0.0,Snack Foods,OUT049,1999,Medium,Tier 1,Supermarket Type1,6924.1636,4.2,2023-03-03
NCN29,18.345,low fat,0.108273,Health and Hygiene,OUT017,2007,,Tier 2,Supermarket Type1,2097.6653,4.0,2022-10-04
DRW26,10.189,low fat,0.086949,Soft Drinks,OUT010,1998,,Tier 3,Grocery Store,591.2904,4.0,2023-08-19
DRB41,15.68,Low Fat ,0.167171,Soft Drinks,OUT027,1985,Medium,Tier 3,Supermarket Type3,4588.2424,4.0,2023-05-07
FDK30,15.727,LF,0.043556,Snack Foods,OUT027,1985,Medium,Tier 3,Supermarket Type3,2929.9548,3.7,2023-03-20
DRU28,5.758,low fat,0.03037,Soft Drinks,OUT027,1985,Medium,Tier 3,Supermarket Type3,1495.1042,3.9,2023-01-14
FDP31,15.829,Low Fat,0.126941,Snack Foods,OUT046,1997,Small,Tier 1,Supermarket Type1,1168.7561,3.632,2022-08-16
DRP27,,low fat,0.071166,Hard Drinks,OUT013,1987,High,Tier 3,Supermarket Type1,3500.1882,4.0,2023-03-09
FDE45,9.688,Regular,0.02618,Snack Foods,OUT045,2002,,Tier 2,Supermarket Type1,1050.1782,3.7,2022-01-20
NCX38,,Low Fat ,0.038908,Household,OUT013,1987,High,Tier 3,Supermarket Type1,5870.3386,4.7,2023-11-06
FDV44,7.847,LF,0.01362,Fruits and Vegetables,OUT018,2009,Medium,Tier 3,Supermarket Type2,3038.98,4.6,2022-01-14
FDU52,10.244,LF,0.027502,Frozen Foods,OUT019,1985,Small,Tier 1,Grocery Store,1094.0719,4.2,2022-08-18
FDU20,8.008,LF,0.127057,Dairy,OUT017,2007,,Tier 2,Supermarket Type1,3524.7427,4.3,2023-10-02
FDA39,15.41,low fat,0.005293,Fruits and Vegetables,OUT045,2002,,Tier 2,Supermarket Type1,5211.4253,3.7,2023-09-24
FDW48,10.875,Low Fat,0.030608,Baking Goods,OUT049,1999,Medium,Tier 1,Supermarket Type1,2764.8959,4.3,2022-06-25
NCW55,17.621,LF,0.12728,Health and Hygiene,OUT049,1999,Medium,Tier 1,Supermarket Type1,4882.3825,4.1,2023-10-27
FDF53,,Regular,0.0,Baking Goods,OUT018,2009,Medium,Tier 3,Supermarket Type2,4516.1558,4.2,2022-10-23
FDY37,11.028,Low Fat,0.015118,Dairy,OUT013,1987,High,Tier 3,Supermarket Type1,4093.5371,4.0,2022-02-26
FDK24,11.935,LF,0.023338,Fruits and Vegetables,OUT045,2002,,Tier 2,Supermarket Type1,2382.6887,4.3,2022-06-20
DRK43,19.927,Low Fat ,0.060367,Soft Drinks,OUT045,2002,,Tier 2,Supermarket Type1,1224.8802,4.0,2023-02-11
FDK13,,low fat,0.102232,Fruits and Vegetables,OUT027,1985,Medium,Tier 3,Supermarket Type3,2698.1255,4.3,2023-06-18
NCD48,14.802,low fat,0.223867,Household,OUT013,1987,High,Tier 3,Supermarket Type1,2125.8559,4.1,2023-04-05
FDC12,5.301,Low Fat,0.025711,Dairy,OUT046,1997,Small,Tier 1,Supermarket Type1,1541.6859,3.9,2023-04-15
DRX48,6.601,reg,0.021711,Hard Drinks,OUT046,1997,Small,Tier 1,Supermarket Type1,1049.2218,3.4,2022-01-29
FDM37,,reg,0.055676,Dairy,OUT045,2002,,Tier 2,Supermarket Type1,1535.3437,4.6,2022-05-31
FDS11,16.931,low fat,0.037976,Fruits and Vegetables,OUT013,1987,High,Tier 3,Supermarket Type1,5587.5109,4.4,2023-12-23
FDA18,18.989,reg,0.059083,Seafood,OUT049,1999,Medium,Tier 1,Supermarket Type1,1349.7216,4.6,2022-01-28
NCF31,10.84,Low Fat ,0.086832,Household,OUT049,1999,Medium,Tier 1,Supermarket Type1,1273.0531,3.7,2023-02-22
DRH21,4.681, Regular,0.046211,Hard Drinks,OUT046,1997,Small,Tier 1,Supermarket Type1,1774.2692,3.3,2023-07-16
FDF45,,Low Fat,0.063513,Snack Foods,OUT035,2004,Small,Tier 2,Supermarket Type1,2367.8544,4.4,2022-09-18
FDG30,8.154,Low Fat ,0.13019,Dairy,OUT046,1997,Small,Tier 1,Supermarket Type1,1720.812,4.1,2022-10-08
FDD58,,Regular,0.040897,Fruits and Vegetables,OUT027,1985,Medium,Tier 3,Supermarket Type3,13086.9648,4.1,2023-09-30
FDX28,7.177,reg,0.126857,Fruits and Vegetables,OUT045,2002,,Tier 2,Supermarket Type1,3797.0637,3.6,2023-06-03
FDR18,19.841,reg,0.073321,Baking Goods,OUT049,1999,Medium,Tier 1,Supermarket Type1,1850.0228,3.688,2022-07-13
DRP23,8.296,Regular,0.033157,Soft Drinks,OUT045,2002,,Tier 2,Supermarket Type1,4892.9691,4.3,2023-10-05
FDV23,16.921, Regular,0.083495,Canned,OUT018,2009,Medium,Tier 3,Supermarket Type2,1808.5015,3.5,2022-01-12
FDC35,16.165,low fat,0.028134,Snack Foods,OUT035,2004,Small,Tier 2,Supermarket Type1,2073.3382,4.1,2023-08-27
NCR21,17.495,Low Fat,0.024111,Household,OUT049,1999,Medium,Tier 1,Supermarket Type1,1374.2658,3.9,2022-11-06
FDD18,,LF,0.0,Seafood,OUT013,1987,High,Tier 3,Supermarket Type1,2730.5465,4.2,2023-03-03
FDW44,8.828,reg,0.040685,Fruits and Vegetables,OUT018,2009,Medium,Tier 3,Supermarket Type2,4550.9049,3.8,2023-09-07
NCR47,,Low Fat,0.044198,Others,OUT046,1997,Small,Tier 1,Supermarket Type1,2639.9352,3.874,2022-02-14
DRA37,18.442,LF,0.077249,Hard Drinks,OUT017,2007,,Tier 2,Supermarket Type1,978.786,4.033,2023-04-24
FDF47,7.343,Low Fat,0.046313,Fruits and Vegetables,OUT018,2009,Medium,Tier 3,Supermarket Type2,1395.8779,4.4,2023-06-20
FDK50,12.18,LF,0.015148,Baking Goods,OUT049,1999,Medium,Tier 1,Supermarket Type1,7488.8601,3.7,2022-04-29
FDR15,7.06,low fat,0.020253,Baking Goods,OUT027,1985,Medium,Tier 3,Supermarket Type3,11998.0458,3.8,2023-01-01
FDK24,,Low Fat,0.0,Fruits and Vegetables,OUT018,2009,Medium,Tier 3,Supermarket Type2,4825.9821,4.2,2023-07-21
FDM11,10.74,low fat,0.032469,Fruits and Vegetables,OUT019,1985,Small,Tier 1,Grocery Store,844.9501,3.9,2022-02-18
FDS12,4.79,reg,0.030607,Breads,OUT049,1999,Medium,Tier 1,Supermarket Type1,3086.4178,3.8,2022-05-09
FDV13,,Low Fat,0.027165,Fruits and Vegetables,OUT035,2004,Small,Tier 2,Supermarket Type1,918.8183,4.0,2023-05-01
FDA38,16.805,Low Fat ,0.081614,Seafood,OUT013,1987,High,Tier 3,Supermarket Type1,3710.8433,4.3,2023-04-05
FDP40,,Low Fat,0.08148,Baking Goods,OUT049,1999,Medium,Tier 1,Supermarket Type1,4339.1268,3.7,2022-10-29
FDM57,7.542,LF,0.081122,Baking Goods,OUT013,1987,High,Tier 3,Supermarket Type1,1886.2326,4.0,2023-03-03
NCW35,18.599,LF,0.055718,Household,OUT046,1997,Small,Tier 1,Supermarket Type1,4118.655,4.2,2023-08-31
FDX20,19.133,Low Fat,0.057343,Canned,OUT018,2009,Medium,Tier 3,Supermarket Type2,1566.1078,4.123,2022-05-03
DRD28,12.916,Low Fat ,0.038946,Hard Drinks,OUT035,2004,Small,Tier 2,Supermarket Type1,2302.6519,3.9,2022-12-13
FDR24,20.313,reg,0.068554,Baking Goods,OUT013,1987,High,Tier 3,Supermarket Type1,2098.5941,4.0,2023-07-04
FDG47,,LF,0.041648,Fruits and Vegetables,OUT049,1999,Medium,Tier 1,Supermarket Type1,2548.5146,3.763,2022-01-13
NCH28,6.222,Low Fat ,0.230573,Health and Hygiene,OUT017,2007,,Tier 2,Supermarket Type1,1683.3185,4.3,2023-01-12
FDW56,11.352,Low Fat,0.066181,Fruits and Vegetables,OUT019,1985,Small,Tier 1,Grocery Store,1215.4415,4.1,2023-12-04
NCA23,7.253,Low Fat ,0.08577,Others,OUT017,2007,,Tier 2,Supermarket Type1,8002.0831,4.0,2023-08-25
NCQ10,,LF,0.022495,Others,OUT045,2002,,Tier 2,Supermarket Type1,5247.7785,3.7,2022-05-03
NCN40,11.603,LF,0.015741,Household,OUT018,2009,Medium,Tier 3,Supermarket Type2,6488.0505,3.6,2022-09-26
NCE59,,Low Fat,0.031924,Household,OUT027,1985,Medium,Tier 3,Supermarket Type3,8068.2066,3.794,2023-06-12
FDQ21,7.627,low fat,0.026704,Snack Foods,OUT017,2007,,Tier 2,Supermarket Type1,3774.6807,4.0,2022-07-24
FDM58,8.108,low fat,0.028923,Snack Foods,OUT035,2004,Small,Tier 2,Supermarket Type1,1645.7174,3.5,2023-08-05
FDJ59,12.917,low fat,0.095314,Frozen Foods,OUT010,1998,,Tier 3,Grocery Store,375.3717,3.5,2022-08-20
FDX28,,Regular,0.077376,Fruits and Vegetables,OUT027,1985,Medium,Tier 3,Supermarket Type3,6828.4665,4.8,2022-10-02
FDV43,16.461,Low Fat,0.103472,Snack Foods,OUT035,2004,Small,Tier 2,Supermarket Type1,1051.0761,4.4,2022-10-13
FDK13,17.681,low fat,0.050129,Fruits and Vegetables,OUT035,2004,Small,Tier 2,Supermarket Type1,1495.5519,3.861,2022-03-08
FDW24,17.997,Low Fat ,0.107681,Frozen Foods,OUT013,1987,High,Tier 3,Supermarket Type1,2982.7022,3.8,2023-06-24
FDS32,15.769,Regular,0.04248,Snack Foods,OUT046,1997,Small,Tier 1,Supermarket Type1,1281.6441,3.9,2022-04-11
FDX16,6.447,low fat,0.080567,Canned,OUT027,1985,Medium,Tier 3,Supermarket Type3,3355.2399,4.7,2022-12-13
NCD48,14.802,low fat,0.084743,Household,OUT019,1985,Small,Tier 1,Grocery Store,897.3462,4.4,2023-05-20
NCP36,12.717,LF,0.047661,Household,OUT045,2002,,Tier 2,Supermarket Type1,1033.9554,4.1,2023-07-08
DRC11,6.195, Regular,0.0,Soft Drinks,OUT013,1987,High,Tier 3,Supermarket Type1,2447.0882,4.0,2022-07-15
FDB54,10.299,Regular,0.0569,Meat,OUT017,2007,,Tier 2,Supermarket Type1,3229.9249,4.204,2023-03-13
NCH28,6.222,low fat,0.075392,Health and Hygiene,OUT019,1985,Small,Tier 1,Grocery Store,1145.8196,4.4,2023-05-29
NCE59,16.639,Low Fat ,0.061705,Household,OUT045,2002,,Tier 2,Supermarket Type1,3137.6362,4.3,2023-12-16
FDG46,11.108,Low Fat ,0.037178,Snack Foods,OUT049,1999,Medium,Tier 1,Supermarket Type1,5311.6268,4.3,2022-05-01
FDH21,16.939,Low Fat,0.029574,Dairy,OUT013,1987,High,Tier 3,Supermarket Type1,3875.0739,3.8,2023-11-23
FDC16,11.398,Regular,0.04698,Seafood,OUT013,1987,High,Tier 3,Supermarket Type1,4837.0185,3.8,2023-05-29
DRN52,12.709, Regular,0.090644,Soft Drinks,OUT010,1998,,Tier 3,Grocery Store,1329.8518,4.009,2023-11-25
FDN44,20.859,Low Fat ,0.091116,Fruits and Vegetables,OUT027,1985,Medium,Tier 3,Supermarket Type3,13086.9648,4.4,2022-11-10
NCG18,,LF,0.039049,Household,OUT035,2004,Small,Tier 2,Supermarket Type1,1572.6384,4.1,2022-03-22
FDR50,9.777,Regular,0.025054,Meat,OUT017,2007,,Tier 2,Supermarket Type1,1848.1421,4.0,2023-01-27
FDE54,12.08,low fat,0.0,Frozen Foods,OUT010,1998,,Tier 3,Grocery Store,1224.5624,4.5,2023-05-21
FDQ18,18.453,LF,0.035465,Frozen Foods,OUT049,1999,Medium,Tier 1,Supermarket Type1,2174.7704,4.1,2023-04-08
FDY11,,LF,0.129188,Breads,OUT017,2007,,Tier 2,Supermarket Type1,4217.1986,3.8,2023-08-13
FDD36,16.315,Regular,0.077794,Breads,OUT045,2002,,Tier 2,Supermarket Type1,1485.8863,3.7,2023-01-05
NCQ31,4.712,low fat,0.120139,Household,OUT049,1999,Medium,Tier 1,Supermarket Type1,535.1234,4.169,2022-05-09
FDW40,7.399,LF,0.108001,Fruits and Vegetables,OUT013,1987,High,Tier 3,Supermarket Type1,7810.6304,4.0,2022-09-15
DRJ33,6.311,Regular,0.049585,Soft Drinks,OUT018,2009,Medium,Tier 3,Supermarket Type2,3513.1617,3.9,2022-07-28
NCN11,,LF,0.067187,Household,OUT035,2004,Small,Tier 2,Supermarket Type1,3692.4568,3.9,2023-07-16
NCH53,10.593,Low Fat ,0.027138,Health and Hygiene,OUT010,1998,,Tier 3,Grocery Store,912.4927,4.1,2023-06-09
NCS46,9.294,LF,0.039573,Health and Hygiene,OUT027,1985,Medium,Tier 3,Supermarket Type3,9712.0463,4.7,2023-05-03
FDK13,17.681,Low Fat,0.120086,Fruits and Vegetables,OUT046,1997,Small,Tier 1,Supermarket Type1,1697.342,3.9,2023-08-09
FDB55,, Regular,0.024159,Meat,OUT018,2009,Medium,Tier 3,Supermarket Type2,8165.977,3.9,2022-06-05
FDH54,15.683,LF,0.023064,Frozen Foods,OUT013,1987,High,Tier 3,Supermarket Type1,2075.2683,3.9,2023-12-03
FDH23,19.557,LF,0.089554,Baking Goods,OUT018,2009,Medium,Tier 3,Supermarket Type2,3639.1531,4.2,2023-12-02
FDK23,13.829,Low Fat ,0.093181,Meat,OUT046,1997,Small,Tier 1,Supermarket Type1,7379.3781,4.8,2023-01-26
FDM59,15.761,LF,0.054737,Breads,OUT045,2002,,Tier 2,Supermarket Type1,6791.6184,4.387,2023-11-11
FDJ52,,Low Fat ,0.017529,Snack Foods,OUT049,1999,Medium,Tier 1,Supermarket Type1,2450.2106,4.0,2022-05-08
FDE39,20.416,Low Fat ,0.041129,Meat,OUT045,2002,,Tier 2,Supermarket Type1,1167.3247,4.4,2022-04-30
NCX11,4.603,Low Fat ,0.034175,Household,OUT013,1987,High,Tier 3,Supermarket Type1,1587.4066,4.2,2022-03-27
NCP36,12.717,Low Fat,0.034072,Household,OUT049,1999,Medium,Tier 1,Supermarket Type1,4646.979,4.0,2023-01-15
FDM38,13.464,Regular,0.016172,Starchy Foods,OUT013,1987,High,Tier 3,Supermarket Type1,2172.3648,4.1,2023-11-13
FDB52,18.889,Low Fat,0.0,Baking Goods,OUT045,2002,,Tier 2,Supermarket Type1,1803.0345,3.5,2022-11-16
FDA53,11.458,Regular,0.040779,Fruits and Vegetables,OUT035,2004,Small,Tier 2,Supermarket Type1,6139.9301,2.9,2022-01-19
FDP21,9.697,Low Fat ,0.066431,Canned,OUT046,1997,Small,Tier 1,Supermarket Type1,1404.0012,4.0,2023-01-27
NCW31,8.359,LF,0.054048,Health and Hygiene,OUT013,1987,High,Tier 3,Supermarket Type1,1258.7206,4.1,2023-12-31
FDH18,15.853,Low Fat,0.046341,Dairy,OUT010,1998,,Tier 3,Grocery Store,786.3634,3.9,2022-02-14
DRC23,,reg,0.139871,Soft Drinks,OUT010,1998,,Tier 3,Grocery Store,1559.9155,4.3,2023-06-26
NCP28,15.47,Low Fat ,0.051438,Health and Hygiene,OUT027,1985,Medium,Tier 3,Supermarket Type3,2784.569,3.8,2022-05-17
NCM44,,LF,0.061854,Others,OUT027,1985,Medium,Tier 3,Supermarket Type3,3648.5435,4.4,2023-07-26
FDW13,17.305,Low Fat,0.049484,Canned,OUT045,2002,,Tier 2,Supermarket Type1,2132.7229,4.2,2022-10-24
FDV27,5.974, Regular,0.096731,Fruits and Vegetables,OUT049,1999,Medium,Tier 1,Supermarket Type1,4414.5794,4.1,2022-09-12
NCG21,12.139,low fat,0.055075,Others,OUT035,2004,Small,Tier 2,Supermarket Type1,1533.9545,3.5,2022-02-24
FDY27,12.851,Low Fat ,0.086226,Fruits and Vegetables,OUT017,2007,,Tier 2,Supermarket Type1,7573.4167,4.1,2022-12-28
FDH15,12.884,Regular,0.08825,Dairy,OUT045,2002,,Tier 2,Supermarket Type1,9348.2991,4.9,2023-04-08
FDU36,20.347,LF,0.068026,Canned,OUT049,1999,Medium,Tier 1,Supermarket Type1,1945.0032,4.2,2022-04-15
FDC33,, Regular,0.024687,Dairy,OUT035,2004,Small,Tier 2,Supermarket Type1,752.156,3.9,2022-06-06
FDR45,,Low Fat,0.070189,Snack Foods,OUT027,1985,Medium,Tier 3,Supermarket Type3,2933.1178,4.2,2022-08-06
DRX49,8.48,Low Fat ,0.049104,Hard Drinks,OUT017,2007,,Tier 2,Supermarket Type1,898.1683,4.2,2023-12-19
FDF18,, Regular,0.044042,Dairy,OUT045,2002,,Tier 2,Supermarket Type1,1996.5128,3.9,2022-05-20
NCS14,16.323,Low Fat ,0.043686,Health and Hygiene,OUT035,2004,Small,Tier 2,Supermarket Type1,1359.8101,4.3,2022-04-30
DRF57,9.904,Regular,0.013984,Soft Drinks,OUT018,2009,Medium,Tier 3,Supermarket Type2,3394.8864,4.5,2023-08-11
FDA32,16.316,reg,0.027146,Frozen Foods,OUT019,1985,Small,Tier 1,Grocery Store,1006.7376,3.9,2022-01-17
FDK21,21.068, Regular,0.04451,Snack Foods,OUT017,2007,,Tier 2,Supermarket Type1,2422.7856,4.3,2023-07-10
FDX28,7.177,Regular,0.039961,Fruits and Vegetables,OUT018,2009,Medium,Tier 3,Supermarket Type2,1077.2565,4.1,2022-08-25
FDN55,19.232,Low Fat,0.093695,Breakfast,OUT035,2004,Small,Tier 2,Supermarket Type1,4469.6505,3.8,2023-01-14
NCB17,17.144,Low Fat,0.083175,Health and Hygiene,OUT027,1985,Medium,Tier 3,Supermarket Type3,2930.2216,4.2,2023-09-22
FDE36,,LF,0.004166,Canned,OUT035,2004,Small,Tier 2,Supermarket Type1,2068.2928,3.8,2023-05-21
FDR34,,Low Fat ,0.099811,Seafood,OUT045,2002,,Tier 2,Supermarket Type1,898.7587,4.4,2023-04-16
FDM13,,Low Fat,0.241928,Fruits and Vegetables,OUT013,1987,High,Tier 3,Supermarket Type1,3920.3592,3.9,2022-07-15
NCV38,,Low Fat,0.046542,Household,OUT045,2002,,Tier 2,Supermarket Type1,1419.8908,4.1,2023-10-16
FDP57,,Regular,0.039968,Frozen Foods,OUT027,1985,Medium,Tier 3,Supermarket Type3,6528.5453,3.7,2023-08-31
FDQ32,17.352,LF,0.034766,Starchy Foods,OUT018,2009,Medium,Tier 3,Supermarket Type2,5358.4268,3.9,2023-11-01
FDY42,12.403,reg,0.025621,Fruits and Vegetables,OUT017,2007,,Tier 2,Supermarket Type1,4279.9051,4.2,2022-10-19
DRB12,6.889,LF,0.06931,Soft Drinks,OUT035,2004,Small,Tier 2,Supermarket Type1,1798.5022,3.7,2022-12-18
FDV29,,Regular,0.104346,Snack Foods,OUT049,1999,Medium,Tier 1,Supermarket Type1,1214.9774,3.59,2023-05-17
FDF54,20.693,LF,0.05147,Snack Foods,OUT017,2007,,Tier 2,Supermarket Type1,1380.2266,4.1,2023-03-26
FDN40,18.543,Regular,0.087484,Canned,OUT049,1999,Medium,Tier 1,Supermarket Type1,1477.2568,4.374,2023-03-29
FDF14,9.674,Regular,0.125647,Canned,OUT045,2002,,Tier 2,Supermarket Type1,3164.7133,4.3,2022-07-17
FDF21,11.97,Regular,0.064825,Meat,OUT035,2004,Small,Tier 2,Supermarket Type1,6278.2319,4.032,2023-01-31
FDW32,5.723,reg,0.047434,Meat,OUT017,2007,,Tier 2,Supermarket Type1,1689.3382,4.4,2022-11-30
NCF14,7.281,low fat,0.027087,Household,OUT046,1997,Small,Tier 1,Supermarket Type1,8078.6851,4.1,2023-10-30
DRE52,,LF,0.119584,Hard Drinks,OUT049,1999,Medium,Tier 1,Supermarket Type1,746.3384,3.9,2022-10-07
NCF15,4.572,Low Fat ,0.033046,Health and Hygiene,OUT017,2007,,Tier 2,Supermarket Type1,6141.7412,3.631,2023-11-24
DRR46,, Regular,0.040548,Hard Drinks,OUT018,2009,Medium,Tier 3,Supermarket Type2,4931.1236,3.498,2022-03-10
FDS55,,low fat,0.042873,Canned,OUT046,1997,Small,Tier 1,Supermarket Type1,1805.4927,4.089,2022-06-29
FDK43,20.271,Regular,0.040198,Breads,OUT017,2007,,Tier 2,Supermarket Type1,759.595,3.4,2023-11-12
NCR32,9.322,Low Fat,0.170563,Household,OUT045,2002,,Tier 2,Supermarket Type1,3231.8548,3.9,2022-11-24
FDS51,5.332,LF,0.03051,Frozen Foods,OUT027,1985,Medium,Tier 3,Supermarket Type3,8820.3041,4.3,2022-04-22
NCA26,14.675,Low Fat ,0.040538,Health and Hygiene,OUT017,2007,,Tier 2,Supermarket Type1,2610.6881,3.7,2023-03-28
FDC19,15.267,Low Fat,0.0555,Baking Goods,OUT035,2004,Small,Tier 2,Supermarket Type1,5257.1294,4.0,2022-11-06
FDM11,10.74,Low Fat ,0.0917,Fruits and Vegetables,OUT035,2004,Small,Tier 2,Supermarket Type1,2983.0465,3.6,2022-09-06
FDY12,10.827,Low Fat ,0.031628,Fruits and Vegetables,OUT010,1998,,Tier 3,Grocery Store,943.9662,4.4,2022-06-04
NCN44,,Low Fat,0.028057,Health and Hygiene,OUT027,1985,Medium,Tier 3,Supermarket Type3,2419.2002,4.7,2022-09-16
DRJ50,,Low Fat,0.084311,Hard Drinks,OUT027,1985,Medium,Tier 3,Supermarket Type3,11959.2748,3.7,2022-09-05
DRW34,15.552, Regular,0.093905,Soft Drinks,OUT049,1999,Medium,Tier 1,Supermarket Type1,673.1456,4.2,2022-03-29
FDB59,5.156,low fat,0.059719,Dairy,OUT013,1987,High,Tier 3,Supermarket Type1,2755.0579,3.8,2022-04-06
FDM25,7.381,Low Fat ,0.066918,Fruits and Vegetables,OUT017,2007,,Tier 2,Supermarket Type1,3055.3479,4.2,2023-09-10
FDC34,19.864,reg,0.0,Frozen Foods,OUT049,1999,Medium,Tier 1,Supermarket Type1,3396.6122,4.5,2023-12-31
FDA41,7.503,Low Fat ,0.027821,Fruits and Vegetables,OUT046,1997,Small,Tier 1,Supermarket Type1,640.2014,4.1,2023-08-27
FDY14,15.915,Low Fat,0.042376,Fruits and Vegetables,OUT046,1997,Small,Tier 1,Supermarket Type1,3512.7286,4.166,2022-06-14
NCC22,,LF,0.0,Health and Hygiene,OUT035,2004,Small,Tier 2,Supermarket Type1,4149.3085,3.6,2022-04-30
FDY11,18.738,Low Fat,0.044729,Breads,OUT045,2002,,Tier 2,Supermarket Type1,1157.584,3.6,2023-11-06
FDQ52,5.784,reg,0.086984,Fruits and Vegetables,OUT045,2002,,Tier 2,Supermarket Type1,1206.3611,4.2,2022-01-12
NCG15,20.108,low fat,0.028365,Household,OUT049,1999,Medium,Tier 1,Supermarket Type1,3925.7759,3.501,2023-10-19
NCD11,10.151,low fat,0.036535,Household,OUT013,1987,High,Tier 3,Supermarket Type1,3104.5359,3.3,2023-09-28
FDD49,7.08,LF,0.028186,Baking Goods,OUT046,1997,Small,Tier 1,Supermarket Type1,3041.6872,4.3,2022-10-30
NCW53,6.829,low fat,0.048184,Household,OUT027,1985,Medium,Tier 3,Supermarket Type3,3181.8148,3.6,2022-06-08
FDA45,10.96, Regular,0.042173,Canned,OUT017,2007,,Tier 2,Supermarket Type1,2771.4279,3.6,2023-12-22
FDV19,9.897,low fat,0.035133,Fruits and Vegetables,OUT010,1998,,Tier 3,Grocery Store,785.1068,4.3,2023-03-13
FDQ16,,Regular,0.058059,Baking Goods,OUT046,1997,Small,Tier 1,Supermarket Type1,2272.2367,3.3,2023-11-30
FDG47,9.964,LF,0.04962,Fruits and Vegetables,OUT018,2009,Medium,Tier 3,Supermarket Type2,8415.6423,4.0,2022-07-28
NCA33,,LF,0.0,Health and Hygiene,OUT035,2004,Small,Tier 2,Supermarket Type1,2849.702,4.0,2023-05-22
FDF44,14.414,Low Fat ,0.0,Starchy Foods,OUT010,1998,,Tier 3,Grocery Store,842.4465,4.3,2022-09-30
FDS51,5.332,Low Fat,0.020815,Frozen Foods,OUT017,2007,,Tier 2,Supermarket Type1,5149.9145,4.0,2023-06-28
DRD10,8.09,LF,0.026753,Soft Drinks,OUT017,2007,,Tier 2,Supermarket Type1,2519.651,3.5,2022-01-02
DRC54,16.659,LF,0.105119,Hard Drinks,OUT019,1985,Small,Tier 1,Grocery Store,2918.6739,4.1,2023-08-14
FDE10,9.23, Regular,0.155923,Snack Foods,OUT049,1999,Medium,Tier 1,Supermarket Type1,2915.386,3.3,2023-10-25
FDC57,8.606,low fat,0.033088,Meat,OUT017,2007,,Tier 2,Supermarket Type1,1435.5628,4.3,2022-01-12
DRF20,,low fat,0.076856,Soft Drinks,OUT019,1985,Small,Tier 1,Grocery Store,783.9628,3.5,2022-11-28
NCY44,11.451,low fat,0.054339,Health and Hygiene,OUT010,1998,,Tier 3,Grocery Store,1192.8158,3.6,2022-12-02
FDP13,9.114,Low Fat,0.022366,Baking Goods,OUT013,1987,High,Tier 3,Supermarket Type1,2161.1852,3.9,2022-09-28
FDS15,17.959,Low Fat,0.030332,Breakfast,OUT049,1999,Medium,Tier 1,Supermarket Type1,1948.9742,4.1,2022-07-15
FDA36,7.569,Regular,0.106731,Frozen Foods,OUT019,1985,Small,Tier 1,Grocery Store,682.0188,4.3,2023-10-03
FDC12,,low fat,0.031256,Dairy,OUT010,1998,,Tier 3,Grocery Store,816.1463,3.6,2022-03-24
FDK42,12.402,LF,0.035664,Dairy,OUT035,2004,Small,Tier 2,Supermarket Type1,913.0067,3.9,2023-11-06
FDV14,17.416, Regular,0.078108,Baking Goods,OUT049,1999,Medium,Tier 1,Supermarket Type1,848.2893,3.5,2023-09-20
FDM13,12.125,low fat,0.084198,Fruits and Vegetables,OUT045,2002,,Tier 2,Supermarket Type1,2409.1115,3.7,2022-10-08
FDA24,13.219,LF,0.04415,Fruits and Vegetables,OUT049,1999,Medium,Tier 1,Supermarket Type1,3311.1103,3.8,2023-01-04
FDU47,9.498,LF,0.055454,Fruits and Vegetables,OUT018,2009,Medium,Tier 3,Supermarket Type2,6802.8849,4.2,2023-07-07
DRK43,19.927,low fat,0.024832,Soft Drinks,OUT035,2004,Small,Tier 2,Supermarket Type1,4385.3677,4.2,2023-04-24
DRC19,6.277,Low Fat ,0.07602,Soft Drinks,OUT045,2002,,Tier 2,Supermarket Type1,1658.8797,3.261,2023-05-03
FDE16,10.615,Low Fat ,0.052082,Baking Goods,OUT010,1998,,Tier 3,Grocery Store,1235.6584,3.7,2022-01-04
NCX39,9.744,low fat,0.097448,Health and Hygiene,OUT045,2002,,Tier 2,Supermarket Type1,1524.6775,3.8,2023-06-28
NCH58,,Low Fat ,0.0,Household,OUT017,2007,,Tier 2,Supermarket Type1,1923.2964,3.7,2023-10-03
FDU25,18.973,Low Fat ,0.027596,Dairy,OUT010,1998,,Tier 3,Grocery Store,2076.3479,3.938,2022-04-01
NCP10,20.869,Low Fat,0.066348,Others,OUT013,1987,High,Tier 3,Supermarket Type1,2062.6244,3.6,2023-03-13
NCF26,16.877,Low Fat ,0.055472,Household,OUT046,1997,Small,Tier 1,Supermarket Type1,1276.5286,3.9,2023-12-09
FDF16,19.706,low fat,0.021455,Fruits and Vegetables,OUT019,1985,Small,Tier 1,Grocery Store,2599.9375,3.7,2023-12-18
FDU26,10.34,Low Fat,0.02434,Dairy,OUT013,1987,High,Tier 3,Supermarket Type1,2912.9165,4.171,2022-10-14
FDM33,,Low Fat,0.026646,Baking Goods,OUT049,1999,Medium,Tier 1,Supermarket Type1,2120.2052,3.989,2023-07-19
FDG13,7.757,Low Fat ,0.018671,Baking Goods,OUT035,2004,Small,Tier 2,Supermarket Type1,1452.6181,3.5,2023-08-03
NCQ26,6.334,Low Fat,0.0,Household,OUT018,2009,Medium,Tier 3,Supermarket Type2,5383.0663,4.433,2022-10-10
FDJ49,19.666,LF,0.016506,Breads,OUT017,2007,,Tier 2,Supermarket Type1,3305.2065,4.6,2023-10-25
NCE10,8.542,LF,0.030522,Health and Hygiene,OUT049,1999,Medium,Tier 1,Supermarket Type1,4005.0125,3.7,2023-03-14
FDK34,14.805,reg,0.080598,Starchy Foods,OUT027,1985,Medium,Tier 3,Supermarket Type3,5145.1684,4.2,2023-07-18
FDQ21,7.627,low fat,0.026556,Snack Foods,OUT046,1997,Small,Tier 1,Supermarket Type1,1825.2895,3.8,2022-05-06
FDV14,17.416,Regular,0.049131,Baking Goods,OUT046,1997,Small,Tier 1,Supermarket Type1,1213.0207,3.7,2022-01-31
FDS35,,LF,0.034624,Canned,OUT018,2009,Medium,Tier 3,Supermarket Type2,2627.1385,3.5,2023-08-01
NCC36,5.609,Low Fat ,0.063919,Household,OUT013,1987,High,Tier 3,Supermarket Type1,4419.8783,4.2,2023-06-02
NCH22,17.877,LF,0.169238,Household,OUT049,1999,Medium,Tier 1,Supermarket Type1,4269.7059,4.1,2023-11-10
FDU49,11.093,Low Fat ,0.020359,Baking Goods,OUT018,2009,Medium,Tier 3,Supermarket Type2,7185.5631,4.3,2023-11-27
DRS43,, Regular,0.142142,Hard Drinks,OUT035,2004,Small,Tier 2,Supermarket Type1,1773.3877,3.786,2022-09-04
FDD37,13.509,reg,0.0,Fruits and Vegetables,OUT045,2002,,Tier 2,Supermarket Type1,2668.8155,4.3,2023-10-15
FDR47,15.72,Regular,0.066282,Dairy,OUT035,2004,Small,Tier 2,Supermarket Type1,1653.1392,3.9,2023-05-07
NCJ28,9.833,Low Fat,0.045454,Health and Hygiene,OUT049,1999,Medium,Tier 1,Supermarket Type1,3613.4723,4.0,2022-08-19
FDG35,13.339,LF,0.021186,Meat,OUT017,2007,,Tier 2,Supermarket Type1,2386.6239,4.208,2023-04-08
NCH22,17.877,Low Fat ,0.040309,Household,OUT035,2004,Small,Tier 2,Supermarket Type1,5418.5229,3.9,2023-09-05
FDW17,15.488,Low Fat,0.015517,Dairy,OUT013,1987,High,Tier 3,Supermarket Type1,1744.3509,4.2,2022-01-09
FDX14,7.303,LF,0.039407,Fruits and Vegetables,OUT046,1997,Small,Tier 1,Supermarket Type1,2874.541,4.3,2023-10-30
DRE54,5.134,Low Fat ,0.086282,Hard Drinks,OUT045,2002,,Tier 2,Supermarket Type1,1157.4647,4.161,2023-11-14
NCD24,,Low Fat ,0.037995,Others,OUT013,1987,High,Tier 3,Supermarket Type1,1919.2896,3.6,2022-11-01
NCV52,8.062,Low Fat ,0.052758,Household,OUT045,2002,,Tier 2,Supermarket Type1,1794.4738,4.1,2023-07-02
FDU59,14.028,Low Fat,0.032109,Fruits and Vegetables,OUT017,2007,,Tier 2,Supermarket Type1,2245.9753,4.1,2023-02-24
DRX32,19.906,low fat,0.044872,Soft Drinks,OUT017,2007,,Tier 2,Supermarket Type1,1322.6039,3.881,2023-07-23
FDV14,17.416,reg,0.068349,Baking Goods,OUT013,1987,High,Tier 3,Supermarket Type1,1682.8119,3.774,2022-05-19
DRN57,6.04,Low Fat ,0.043657,Soft Drinks,OUT018,2009,Medium,Tier 3,Supermarket Type2,2271.1565,4.1,2023-02-21
FDW37,,Low Fat,0.029678,Fruits and Vegetables,OUT013,1987,High,Tier 3,Supermarket Type1,2680.1144,4.2,2023-10-10
FDD52,20.203,Regular,0.028713,Frozen Foods,OUT018,2009,Medium,Tier 3,Supermarket Type2,2173.9186,3.7,2023-02-18
FDM59,,Low Fat ,0.025944,Breads,OUT017,2007,,Tier 2,Supermarket Type1,1624.2783,3.523,2023-11-30
FDQ26,16.66,low fat,0.072223,Fruits and Vegetables,OUT017,2007,,Tier 2,Supermarket Type1,2726.8388,3.6,2023-11-20
FDC21,13.576,LF,0.0,Frozen Foods,OUT035,2004,Small,Tier 2,Supermarket Type1,2716.5345,3.9,2023-06-21
FDH49,7.134,Low Fat,0.091287,Snack Foods,OUT013,1987,High,Tier 3,Supermarket Type1,1634.1543,4.0,2023-02-02
FDF25,7.934,LF,0.079242,Snack Foods,OUT013,1987,High,Tier 3,Supermarket Type1,5348.7406,4.3,2022-01-03
FDC53,20.982,reg,0.110867,Meat,OUT049,1999,Medium,Tier 1,Supermarket Type1,2228.2222,3.7,2022-06-19
FDW29,14.51,Regular,0.011865,Dairy,OUT045,2002,,Tier 2,Supermarket Type1,2667.1657,4.0,2023-07-21
FDB43,9.581,reg,0.055229,Dairy,OUT013,1987,High,Tier 3,Supermarket Type1,2872.0584,3.8,2023-01-23
FDS37,15.272,Low Fat,0.077681,Canned,OUT027,1985,Medium,Tier 3,Supermarket Type3,3552.056,4.5,2023-08-30
FDK33,19.379,LF,0.076202,Meat,OUT010,1998,,Tier 3,Grocery Store,662.4234,4.4,2023-08-07
DRW34,15.552,Regular,0.023806,Soft Drinks,OUT013,1987,High,Tier 3,Supermarket Type1,4091.9009,4.1,2023-07-30
FDY24,5.724,reg,0.049759,Frozen Foods,OUT017,2007,,Tier 2,Supermarket Type1,1900.6767,3.7,2023-01-31
DRE18,10.415,Low Fat,0.044866,Soft Drinks,OUT046,1997,Small,Tier 1,Supermarket Type1,850.1641,3.8,2022-05-02
FDU47,9.498,Low Fat,0.079613,Fruits and Vegetables,OUT045,2002,,Tier 2,Supermarket Type1,1442.4337,3.8,2023-03-31
NCB47,14.542,Low Fat ,0.032543,Household,OUT027,1985,Medium,Tier 3,Supermarket Type3,3588.617,4.0,2022-07-17
FDF14,9.674,Regular,0.033488,Canned,OUT010,1998,,Tier 3,Grocery Store,489.0979,3.5,2022-06-08
FDJ24,21.146,low fat,0.059401,Frozen Foods,OUT027,1985,Medium,Tier 3,Supermarket Type3,7276.3539,3.7,2022-03-05
FDP17,16.082,Regular,0.031695,Canned,OUT013,1987,High,Tier 3,Supermarket Type1,4298.4108,3.834,2022-09-23
FDB18,13.882,reg,0.044972,Canned,OUT018,2009,Medium,Tier 3,Supermarket Type2,2604.9771,4.075,2023-10-18
NCG55,13.309,Low Fat ,0.0,Household,OUT010,1998,,Tier 3,Grocery Store,2072.5216,3.911,2023-03-08
FDC44,,LF,0.16649,Snack Foods,OUT013,1987,High,Tier 3,Supermarket Type1,4777.2413,3.6,2022-03-26
NCQ10,8.997,Low Fat ,0.04581,Others,OUT046,1997,Small,Tier 1,Supermarket Type1,2599.7309,3.5,2023-01-10
NCD11,10.151,Low Fat,0.02618,Household,OUT049,1999,Medium,Tier 1,Supermarket Type1,1706.2076,4.1,2023-07-18
FDA17,,Regular,0.073674,Frozen Foods,OUT018,2009,Medium,Tier 3,Supermarket Type2,9393.7314,3.5,2022-06-04
FDV44,7.847,Low Fat ,0.060055,Fruits and Vegetables,OUT046,1997,Small,Tier 1,Supermarket Type1,680.8262,3.923,2023-01-23
DRF33,12.65,Low Fat ,0.0,Soft Drinks,OUT049,1999,Medium,Tier 1,Supermarket Type1,3714.0226,4.0,2022-07-10
NCC21,16.1,Low Fat ,0.049745,Health and Hygiene,OUT035,2004,Small,Tier 2,Supermarket Type1,1216.1854,4.3,2022-12-25
FDK14,17.52, Regular,0.0,Fruits and Vegetables,OUT013,1987,High,Tier 3,Supermarket Type1,2497.5,3.2,2023-01-13
NCB30,16.23,Low Fat,0.090135,Health and Hygiene,OUT018,2009,Medium,Tier 3,Supermarket Type2,1937.9923,3.3,2023-05-03
FDS49,5.15,reg,0.018921,Fruits and Vegetables,OUT027,1985,Medium,Tier 3,Supermarket Type3,3748.7088,3.9,2023-06-08
DRC26,13.648,Regular,0.111372,Soft Drinks,OUT046,1997,Small,Tier 1,Supermarket Type1,2206.587,4.3,2023-03-04
DRG20,11.719,reg,0.014165,Soft Drinks,OUT013,1987,High,Tier 3,Supermarket Type1,2478.8482,4.0,2022-10-28
NCR43,12.792,Low Fat,0.058937,Household,OUT035,2004,Small,Tier 2,Supermarket Type1,1190.849,3.9,2023-11-17
FDY48,11.794,Low Fat,0.038231,Fruits and Vegetables,OUT045,2002,,Tier 2,Supermarket Type1,1660.8244,3.6,2022-05-12
FDA58,12.812,LF,0.028929,Snack Foods,OUT035,2004,Small,Tier 2,Supermarket Type1,929.8407,4.389,2023-06-28
FDK46,18.393,Low Fat ,0.036985,Dairy,OUT013,1987,High,Tier 3,Supermarket Type1,2255.8255,4.1,2022-04-17
NCJ10,19.491,Low Fat,0.023961,Health and Hygiene,OUT027,1985,Medium,Tier 3,Supermarket Type3,7546.0,3.5,2022-02-06
FDW26,9.187,Low Fat ,0.014496,Meat,OUT049,1999,Medium,Tier 1,Supermarket Type1,1124.0114,3.5,2022-01-24
FDW21,6.03, Regular,0.039418,Snack Foods,OUT045,2002,,Tier 2,Supermarket Type1,4163.1527,3.9,2023-08-09
DRW37,9.154,low fat,0.077692,Soft Drinks,OUT046,1997,Small,Tier 1,Supermarket Type1,933.0794,3.4,2023-09-29
FDM20,16.768,low fat,0.081483,Meat,OUT045,2002,,Tier 2,Supermarket Type1,3542.3623,3.9,2023-09-03
NCW53,6.829,Low Fat,0.09832,Household,OUT049,1999,Medium,Tier 1,Supermarket Type1,1217.6223,3.463,2022-05-14
FDA10,13.961,LF,0.054418,Meat,OUT035,2004,Small,Tier 2,Supermarket Type1,3764.0341,4.3,2023-03-31
FDV57,20.993,low fat,0.028326,Dairy,OUT019,1985,Small,Tier 1,Grocery Store,397.28,5.03,2023-01-28
FDD12,7.357,Regular,0.071752,Snack Foods,OUT045,2002,,Tier 2,Supermarket Type1,2367.5468,4.103,2023-06-20
FDF46,12.504,Low Fat,0.032328,Dairy,OUT017,2007,,Tier 2,Supermarket Type1,4091.601,4.7,2022-04-26
NCF15,,low fat,0.035732,Health and Hygiene,OUT010,1998,,Tier 3,Grocery Store,2670.9879,3.6,2022-11-13
NCA49,12.998,LF,0.052402,Household,OUT019,1985,Small,Tier 1,Grocery Store,553.6824,3.7,2023-03-14
FDA13,5.359,low fat,0.282557,Dairy,OUT018,2009,Medium,Tier 3,Supermarket Type2,1744.6063,4.0,2023-09-02
FDW26,,low fat,0.056724,Meat,OUT027,1985,Medium,Tier 3,Supermarket Type3,7179.367,4.1,2023-11-05
FDJ33,9.63,Low Fat,0.071834,Canned,OUT013,1987,High,Tier 3,Supermarket Type1,2213.3368,4.4,2022-04-02
DRF57,9.904,reg,0.025816,Soft Drinks,OUT035,2004,Small,Tier 2,Supermarket Type1,1403.7635,3.9,2022-08-02
FDW47,,Regular,0.064055,Breads,OUT045,2002,,Tier 2,Supermarket Type1,2952.0895,4.284,2022-05-13
NCB53,7.934,Low Fat ,0.034655,Household,OUT013,1987,High,Tier 3,Supermarket Type1,2221.6999,4.383,2022-08-04
FDS55,20.22,Low Fat ,0.015565,Canned,OUT035,2004,Small,Tier 2,Supermarket Type1,1135.5024,3.9,2022-02-19
FDD59,,Regular,0.051201,Dairy,OUT018,2009,Medium,Tier 3,Supermarket Type2,5991.6281,3.9,2023-07-15
DRY16,4.63,LF,0.02727,Hard Drinks,OUT045,2002,,Tier 2,Supermarket Type1,1273.8659,3.7,2022-03-23
FDF20,14.171,reg,0.148415,Breads,OUT046,1997,Small,Tier 1,Supermarket Type1,3027.9267,4.5,2022-05-30
NCG51,,Low Fat ,0.07009,Others,OUT017,2007,,Tier 2,Supermarket Type1,2886.3483,4.0,2023-09-24
FDF58,11.431,Low Fat,0.069579,Breads,OUT017,2007,,Tier 2,Supermarket Type1,6532.3401,4.1,2023-09-10
NCW32,,Low Fat,0.014679,Health and Hygiene,OUT035,2004,Small,Tier 2,Supermarket Type1,2059.6997,4.2,2022-12-17
FDY34,14.442,low fat,0.023878,Breads,OUT027,1985,Medium,Tier 3,Supermarket Type3,4247.8996,4.0,2023-11-23
FDE20,5.497,reg,0.104317,Baking Goods,OUT017,2007,,Tier 2,Supermarket Type1,1325.5798,3.7,2022-07-19
DRM44,,reg,0.037925,Hard Drinks,OUT013,1987,High,Tier 3,Supermarket Type1,2547.2597,3.7,2022-07-30
FDJ41,4.834,Low Fat ,0.020427,Snack Foods,OUT045,2002,,Tier 2,Supermarket Type1,5399.3445,4.6,2023-01-23
NCK37,21.282,Low Fat ,0.042463,Household,OUT046,1997,Small,Tier 1,Supermarket Type1,1847.687,4.3,2022-06-02
FDD49,7.08,low fat,0.01326,Baking Goods,OUT027,1985,Medium,Tier 3,Supermarket Type3,3092.4157,3.9,2023-05-01
FDR57,8.003,Low Fat,0.0,Dairy,OUT010,1998,,Tier 3,Grocery Store,367.7311,3.7,2023-06-19
FDE40,, Regular,0.011005,Fruits and Vegetables,OUT049,1999,Medium,Tier 1,Supermarket Type1,2690.1714,3.5,2022-04-24
FDH19,17.679, Regular,0.01775,Breads,OUT017,2007,,Tier 2,Supermarket Type1,1177.7131,3.6,2022-07-23
FDY13,9.099,low fat,0.0,Canned,OUT045,2002,,Tier 2,Supermarket Type1,1533.8325,3.4,2023-04-02
DRV56,8.239,Regular,0.038198,Hard Drinks,OUT045,2002,,Tier 2,Supermarket Type1,2318.8195,4.2,2023-07-16
FDE32,20.999,LF,0.052691,Dairy,OUT049,1999,Medium,Tier 1,Supermarket Type1,1902.6212,4.2,2023-07-23
FDV52,19.297,Regular,0.043533,Snack Foods,OUT046,1997,Small,Tier 1,Supermarket Type1,1564.9414,4.0,2023-06-21
FDW27,5.092,reg,0.014699,Canned,OUT018,2009,Medium,Tier 3,Supermarket Type2,2483.4799,3.8,2023-03-03
NCN36,9.616,Low Fat,0.048373,Household,OUT046,1997,Small,Tier 1,Supermarket Type1,5181.8972,4.0,2022-05-13
FDN18,14.091,reg,0.246376,Baking Goods,OUT049,1999,Medium,Tier 1,Supermarket Type1,4118.7672,4.0,2022-04-19
FDS38,7.113,reg,0.064173,Dairy,OUT049,1999,Medium,Tier 1,Supermarket Type1,1726.8221,4.3,2023-08-10
FDH28,20.909, Regular,0.051145,Frozen Foods,OUT045,2002,,Tier 2,Supermarket Type1,2059.1702,3.9,2022-08-22
FDS55,20.22,low fat,0.044844,Canned,OUT017,2007,,Tier 2,Supermarket Type1,4985.1359,4.0,2023-11-24
FDR49,,Low Fat,0.087817,Canned,OUT018,2009,Medium,Tier 3,Supermarket Type2,3746.4448,4.7,2023-12-26
DRR26,17.02,LF,0.069758,Hard Drinks,OUT017,2007,,Tier 2,Supermarket Type1,2911.2586,3.491,2022-11-08
FDU58,20.452, Regular,0.032344,Frozen Foods,OUT017,2007,,Tier 2,Supermarket Type1,774.2639,4.5,2022-10-15
NCB47,,Low Fat,0.0,Household,OUT019,1985,Small,Tier 1,Grocery Store,1012.4655,3.5,2023-07-06
DRW43,9.96, Regular,0.056218,Hard Drinks,OUT045,2002,,Tier 2,Supermarket Type1,2148.4592,3.7,2023-05-13
FDP44,9.515,reg,0.05024,Fruits and Vegetables,OUT027,1985,Medium,Tier 3,Supermarket Type3,4233.2935,4.3,2023-07-18
NCC36,5.609,Low Fat ,0.02052,Household,OUT045,2002,,Tier 2,Supermarket Type1,1338.1556,4.0,2023-05-07
NCP41,15.339,Low Fat,0.041821,Household,OUT045,2002,,Tier 2,Supermarket Type1,726.7277,3.9,2022-11-23
FDG23,16.111,Low Fat,0.030415,Snack Foods,OUT017,2007,,Tier 2,Supermarket Type1,11478.6773,3.9,2023-08-06
FDK18,6.301,reg,0.107694,Baking Goods,OUT046,1997,Small,Tier 1,Supermarket Type1,1865.8212,3.8,2022-07-12
FDN19,19.992, Regular,0.063067,Snack Foods,OUT018,2009,Medium,Tier 3,Supermarket Type2,1004.6906,3.4,2022-08-04
FDA44,21.324,Regular,0.064416,Baking Goods,OUT018,2009,Medium,Tier 3,Supermarket Type2,5980.7525,4.4,2023-08-28
FDE11,6.983,Regular,0.019113,Meat,OUT017,2007,,Tier 2,Supermarket Type1,3973.3315,5.0,2023-04-09
FDX14,7.303,Low Fat,0.071461,Fruits and Vegetables,OUT018,2009,Medium,Tier 3,Supermarket Type2,2093.4721,4.4,2023-10-29
FDF59,13.494,low fat,0.065026,Snack Foods,OUT046,1997,Small,Tier 1,Supermarket Type1,1974.0391,4.1,2023-07-30
FDF20,14.171, Regular,0.041111,Breads,OUT013,1987,High,Tier 3,Supermarket Type1,4845.5951,4.1,2023-06-21
FDK31,5.066,low fat,0.021334,Frozen Foods,OUT035,2004,Small,Tier 2,Supermarket Type1,6376.886,3.4,2023-12-10
FDW29,14.51,reg,0.027229,Dairy,OUT027,1985,Medium,Tier 3,Supermarket Type3,13005.4214,3.7,2022-06-22
FDM53,11.94,Low Fat ,0.176108,Meat,OUT019,1985,Small,Tier 1,Grocery Store,301.9837,4.1,2022-10-20
FDR31,,low fat,0.035769,Fruits and Vegetables,OUT046,1997,Small,Tier 1,Supermarket Type1,1288.3084,4.2,2022-12-31
DRH24,12.593,Low Fat,0.0,Soft Drinks,OUT035,2004,Small,Tier 2,Supermarket Type1,955.881,3.6,2022-11-26
DRU50,,low fat,0.039399,Soft Drinks,OUT018,2009,Medium,Tier 3,Supermarket Type2,5588.1644,4.0,2023-11-25
FDW54,,low fat,0.030603,Canned,OUT019,1985,Small,Tier 1,Grocery Store,534.9475,4.2,2023-03-18
FDN46,9.646,Low Fat,0.094278,Frozen Foods,OUT045,2002,,Tier 2,Supermarket Type1,1808.1614,3.9,2023-08-25
NCV30,6.545,low fat,0.061422,Household,OUT017,2007,,Tier 2,Supermarket Type1,2399.7797,4.7,2023-05-07
FDJ47,,Low Fat,0.058137,Snack Foods,OUT013,1987,High,Tier 3,Supermarket Type1,7030.2596,4.5,2022-06-12
FDA34,,LF,0.064595,Canned,OUT013,1987,High,Tier 3,Supermarket Type1,5778.9773,3.8,2022-04-06
FDG30,8.154,LF,0.086282,Dairy,OUT049,1999,Medium,Tier 1,Supermarket Type1,2826.2965,3.9,2022-09-13
DRE18,,Low Fat,0.0,Soft Drinks,OUT049,1999,Medium,Tier 1,Supermarket Type1,2508.6473,4.1,2022-09-14
DRA31,14.547, Regular,0.065196,Hard Drinks,OUT035,2004,Small,Tier 2,Supermarket Type1,655.1006,3.6,2022-01-21
FDW21,6.03,reg,0.06364,Snack Foods,OUT017,2007,,Tier 2,Supermarket Type1,1571.515,4.2,2022-03-07
FDV36,,LF,0.048612,Meat,OUT017,2007,,Tier 2,Supermarket Type1,2039.992,3.9,2022-01-17
NCD37,14.013,Low Fat,0.04384,Health and Hygiene,OUT027,1985,Medium,Tier 3,Supermarket Type3,1720.2528,3.5,2023-01-15
FDB26,20.619,Low Fat ,0.034292,Dairy,OUT019,1985,Small,Tier 1,Grocery Store,1507.5744,4.7,2023-05-19
FDB17,13.974,low fat,0.0,Baking Goods,OUT013,1987,High,Tier 3,Supermarket Type1,4288.2745,3.8,2022-12-27
FDS59,17.444,Regular,0.036608,Canned,OUT027,1985,Medium,Tier 3,Supermarket Type3,8387.0829,4.4,2022-07-16
FDU35,10.736,LF,0.077922,Seafood,OUT045,2002,,Tier 2,Supermarket Type1,1532.1289,5.0,2023-04-15
NCM20,13.713,LF,0.056941,Health and Hygiene,OUT018,2009,Medium,Tier 3,Supermarket Type2,1529.3726,4.3,2023-05-24
FDG41,7.976,Low Fat ,0.01749,Starchy Foods,OUT046,1997,Small,Tier 1,Supermarket Type1,1473.2389,4.1,2023-04-10
FDD52,20.203,reg,0.023925,Frozen Foods,OUT049,1999,Medium,Tier 1,Supermarket Type1,1493.426,4.4,2023-09-19
FDW17,15.488,Low Fat,0.079555,Dairy,OUT046,1997,Small,Tier 1,Supermarket Type1,3592.7678,4.3,2022-02-23
FDQ19,12.139,LF,0.075325,Breads,OUT035,2004,Small,Tier 2,Supermarket Type1,2943.1461,3.513,2022-02-22
FDB58,17.531,LF,0.016369,Frozen Foods,OUT010,1998,,Tier 3,Grocery Store,685.6004,3.1,2023-08-24
NCM17,8.691,Low Fat ,0.046537,Household,OUT049,1999,Medium,Tier 1,Supermarket Type1,3253.6958,4.1,2023-01-02
DRF12,,Low Fat,0.080811,Soft Drinks,OUT049,1999,Medium,Tier 1,Supermarket Type1,1793.6376,3.633,2023-10-12
FDC25,10.338,low fat,0.096981,Fruits and Vegetables,OUT013,1987,High,Tier 3,Supermarket Type1,2465.9487,3.8,2023-09-25
DRG26,19.789,LF,0.098737,Soft Drinks,OUT017,2007,,Tier 2,Supermarket Type1,2140.0447,3.9,2023-01-11
FDK59,12.562,low fat,0.044634,Starchy Foods,OUT010,1998,,Tier 3,Grocery Store,1794.0236,3.6,2022-04-10
FDW59,8.288,Low Fat,0.015623,Dairy,OUT018,2009,Medium,Tier 3,Supermarket Type2,3518.8048,4.3,2022-08-09
FDU17,, Regular,0.063258,Frozen Foods,OUT013,1987,High,Tier 3,Supermarket Type1,2803.3567,4.0,2023-02-27
FDN42,,low fat,0.03839,Snack Foods,OUT035,2004,Small,Tier 2,Supermarket Type1,813.9601,4.2,2022-03-30
FDJ58,12.906,low fat,0.06528,Meat,OUT018,2009,Medium,Tier 3,Supermarket Type2,3936.6424,4.4,2022-12-17
FDN17,14.003,Low Fat ,0.094023,Canned,OUT045,2002,,Tier 2,Supermarket Type1,1905.6615,3.7,2022-06-30
DRJ23,19.745,Regular,0.0,Soft Drinks,OUT045,2002,,Tier 2,Supermarket Type1,2493.3106,4.011,2023-03-03
FDJ43,19.335,Low Fat ,0.018282,Canned,OUT046,1997,Small,Tier 1,Supermarket Type1,4526.1026,3.5,2022-02-28
FDX23,17.717,Low Fat,0.031862,Canned,OUT035,2004,Small,Tier 2,Supermarket Type1,1249.9154,4.0,2023-08-11
FDX16,,Low Fat,0.080404,Canned,OUT018,2009,Medium,Tier 3,Supermarket Type2,5274.733,5.0,2023-05-27
NCN41,,low fat,0.025392,Household,OUT027,1985,Medium,Tier 3,Supermarket Type3,6653.9807,4.6,2022-08-13
FDM53,11.94,LF,0.063584,Meat,OUT027,1985,Medium,Tier 3,Supermarket Type3,12028.5527,3.893,2023-05-23
FDM29,13.557,LF,0.0,Frozen Foods,OUT018,2009,Medium,Tier 3,Supermarket Type2,2471.1049,3.9,2023-12-13
DRQ43,6.048, Regular,0.019254,Hard Drinks,OUT013,1987,High,Tier 3,Supermarket Type1,4973.6898,3.925,2022-09-21
FDU39,9.03,Low Fat ,0.092074,Fruits and Vegetables,OUT018,2009,Medium,Tier 3,Supermarket Type2,5226.5357,3.5,2023-12-14
FDH33,13.406,low fat,0.047943,Canned,OUT017,2007,,Tier 2,Supermarket Type1,2414.826,3.8,2023-11-23
FDN26,13.151,Low Fat,0.042526,Fruits and Vegetables,OUT045,2002,,Tier 2,Supermarket Type1,2956.7758,3.7,2022-09-10
FDS41,7.539, Regular,0.087848,Meat,OUT017,2007,,Tier 2,Supermarket Type1,4252.6294,4.2,2023-03-05
NCW31,8.359,low fat,0.024577,Health and Hygiene,OUT046,1997,Small,Tier 1,Supermarket Type1,2796.7818,3.9,2023-08-17
FDE23,15.058,Low Fat ,0.147068,Dairy,OUT013,1987,High,Tier 3,Supermarket Type1,4927.018,4.4,2023-05-08
FDW30,5.672,Regular,0.079099,Baking Goods,OUT018,2009,Medium,Tier 3,Supermarket Type2,9379.2378,4.0,2023-05-30
FDH20,10.816,Low Fat,0.042945,Frozen Foods,OUT027,1985,Medium,Tier 3,Supermarket Type3,7107.4391,3.7,2023-10-05
NCF22,10.804,Low Fat,0.056311,Health and Hygiene,OUT049,1999,Medium,Tier 1,Supermarket Type1,2490.1132,4.7,2022-06-18
FDM21,15.007,Low Fat ,0.053796,Dairy,OUT046,1997,Small,Tier 1,Supermarket Type1,1584.3501,4.2,2022-03-30
FDY22,17.995,low fat,0.0,Frozen Foods,OUT049,1999,Medium,Tier 1,Supermarket Type1,6829.1749,3.5,2022-06-05
NCX39,9.744,low fat,0.041469,Health and Hygiene,OUT027,1985,Medium,Tier 3,Supermarket Type3,7094.8674,4.0,2023-08-06
FDE50,5.926, Regular,0.033695,Meat,OUT046,1997,Small,Tier 1,Supermarket Type1,3178.2699,4.412,2023-07-30
FDW31,,LF,0.025655,Baking Goods,OUT035,2004,Small,Tier 2,Supermarket Type1,1027.6976,4.0,2022-06-23
DRV20,4.713,LF,0.048027,Hard Drinks,OUT035,2004,Small,Tier 2,Supermarket Type1,1730.3952,3.4,2022-08-11
NCN21,4.624,Low Fat ,0.036909,Household,OUT027,1985,Medium,Tier 3,Supermarket Type3,3736.9243,3.7,2022-01-15
FDP12,8.51,Low Fat,0.110959,Meat,OUT027,1985,Medium,Tier 3,Supermarket Type3,13086.9648,3.9,2023-08-27
FDN14,5.884,LF,0.020969,Snack Foods,OUT035,2004,Small,Tier 2,Supermarket Type1,2544.9348,4.2,2023-09-09
FDG45,11.153,Regular,0.191324,Snack Foods,OUT027,1985,Medium,Tier 3,Supermarket Type3,11615.9088,3.564,2022-12-24
FDV29,20.039,reg,0.079792,Snack Foods,OUT035,2004,Small,Tier 2,Supermarket Type1,2842.6246,4.3,2023-10-17
FDJ50,17.491, Regular,0.0,Breakfast,OUT013,1987,High,Tier 3,Supermarket Type1,3296.4084,3.0,2023-02-07
FDH50,13.429,LF,0.047825,Frozen Foods,OUT019,1985,Small,Tier 1,Grocery Store,2643.0824,3.9,2022-02-20
FDP40,,Low Fat ,0.014856,Baking Goods,OUT045,2002,,Tier 2,Supermarket Type1,1726.8,3.886,2023-01-19
FDN54,16.623, Regular,0.023154,Meat,OUT013,1987,High,Tier 3,Supermarket Type1,2396.7822,4.2,2022-05-27
FDC16,11.398,Regular,0.069242,Seafood,OUT045,2002,,Tier 2,Supermarket Type1,1169.2548,4.0,2022-06-12
FDW48,10.875,low fat,0.044634,Baking Goods,OUT035,2004,Small,Tier 2,Supermarket Type1,1683.0558,3.7,2023-04-11
DRA26,,reg,0.064213,Soft Drinks,OUT017,2007,,Tier 2,Supermarket Type1,1853.1726,3.5,2022-07-17
NCN40,11.603,Low Fat ,0.07846,Household,OUT035,2004,Small,Tier 2,Supermarket Type1,1394.7838,4.1,2022-02-21
FDR58,14.98,Low Fat ,0.096165,Canned,OUT049,1999,Medium,Tier 1,Supermarket Type1,1645.2007,4.1,2022-09-14
FDF30,13.516,LF,0.064266,Baking Goods,OUT045,2002,,Tier 2,Supermarket Type1,1521.4204,3.7,2023-08-07
FDY42,12.403,reg,0.02104,Fruits and Vegetables,OUT045,2002,,Tier 2,Supermarket Type1,5453.2241,4.1,2023-10-05
NCB30,16.23,Low Fat,0.0419,Health and Hygiene,OUT035,2004,Small,Tier 2,Supermarket Type1,5406.9019,4.4,2022-07-07
FDW35,20.905,LF,0.045647,Breakfast,OUT027,1985,Medium,Tier 3,Supermarket Type3,4783.9261,3.6,2022-03-29
NCX59,19.495,low fat,0.069308,Household,OUT018,2009,Medium,Tier 3,Supermarket Type2,2163.1078,4.1,2023-08-18
FDE45,9.688,Regular,0.03486,Snack Foods,OUT010,1998,,Tier 3,Grocery Store,891.0096,4.2,2023-09-14
FDU21,12.19,LF,0.091135,Starchy Foods,OUT046,1997,Small,Tier 1,Supermarket Type1,1313.0226,4.2,2022-12-14
FDG35,13.339,LF,0.09696,Meat,OUT035,2004,Small,Tier 2,Supermarket Type1,764.615,4.5,2022-02-23
NCJ10,19.491,low fat,0.047671,Health and Hygiene,OUT017,2007,,Tier 2,Supermarket Type1,3740.6363,4.2,2023-01-29
FDA33,11.471,LF,0.059889,Frozen Foods,OUT046,1997,Small,Tier 1,Supermarket Type1,3975.6671,4.2,2023-12-28
FDM57,,low fat,0.084576,Baking Goods,OUT017,2007,,Tier 2,Supermarket Type1,1662.3194,3.3,2023-08-11
FDN51,19.659,Low Fat,0.076872,Dairy,OUT017,2007,,Tier 2,Supermarket Type1,1588.336,4.3,2022-11-26
NCG12,15.375,Low Fat ,0.083238,Health and Hygiene,OUT018,2009,Medium,Tier 3,Supermarket Type2,820.0623,4.9,2022-03-29
FDS33,13.86,Low Fat,0.100225,Snack Foods,OUT010,1998,,Tier 3,Grocery Store,1013.8227,3.8,2022-01-24
NCS49,13.575,low fat,0.073277,Health and Hygiene,OUT010,1998,,Tier 3,Grocery Store,362.7639,4.0,2022-12-17
FDX58,16.851,reg,0.027051,Starchy Foods,OUT045,2002,,Tier 2,Supermarket Type1,1408.697,4.0,2022-04-23
FDC25,10.338,LF,0.0,Fruits and Vegetables,OUT049,1999,Medium,Tier 1,Supermarket Type1,3794.3692,4.1,2023-02-20
NCD27,19.869,Low Fat ,0.049432,Health and Hygiene,OUT019,1985,Small,Tier 1,Grocery Store,665.491,4.2,2022-12-17
FDE47,14.375,Low Fat,0.070538,Canned,OUT018,2009,Medium,Tier 3,Supermarket Type2,5698.723,4.2,2022-06-23
FDS44,14.082, Regular,0.02803,Canned,OUT045,2002,,Tier 2,Supermarket Type1,894.0928,4.1,2022-11-05
FDA18,,Regular,0.075532,Seafood,OUT013,1987,High,Tier 3,Supermarket Type1,3419.937,4.336,2023-04-05
FDX53,10.726,reg,0.086658,Frozen Foods,OUT046,1997,Small,Tier 1,Supermarket Type1,1021.8936,4.0,2023-02-12
NCK58,6.983,Low Fat,0.0,Health and Hygiene,OUT035,2004,Small,Tier 2,Supermarket Type1,4094.557,4.1,2023-09-08
FDY20,11.657,low fat,0.075672,Frozen Foods,OUT027,1985,Medium,Tier 3,Supermarket Type3,5637.9259,4.033,2023-06-14
DRW14,17.668, Regular,0.039218,Soft Drinks,OUT045,2002,,Tier 2,Supermarket Type1,1199.0607,4.0,2023-01-09
FDD16,18.287,Low Fat ,0.197177,Meat,OUT018,2009,Medium,Tier 3,Supermarket Type2,1425.7142,3.9,2022-02-04
DRN55,,low fat,0.085446,Soft Drinks,OUT013,1987,High,Tier 3,Supermarket Type1,3329.6196,4.0,2023-12-12
FDV53,11.249,Low Fat ,0.0,Fruits and Vegetables,OUT013,1987,High,Tier 3,Supermarket Type1,1742.19,4.0,2022-05-27
NCF18,8.583,low fat,0.041878,Household,OUT046,1997,Small,Tier 1,Supermarket Type1,3571.9257,4.4,2023-03-20
DRM21,11.613,low fat,0.0,Hard Drinks,OUT013,1987,High,Tier 3,Supermarket Type1,1816.816,3.9,2022-02-19
FDP21,9.697,LF,0.074184,Canned,OUT045,2002,,Tier 2,Supermarket Type1,4284.3057,4.0,2022-07-25
FDQ34,, Regular,0.036857,Seafood,OUT045,2002,,Tier 2,Supermarket Type1,3529.1701,4.1,2023-11-08
FDJ35,11.177,LF,0.135746,Breads,OUT035,2004,Small,Tier 2,Supermarket Type1,1036.9377,3.866,2022-05-02
FDH30,12.546,LF,0.044913,Frozen Foods,OUT018,2009,Medium,Tier 3,Supermarket Type2,3411.1774,3.8,2023-06-04
FDR28,20.735,low fat,0.205,Dairy,OUT017,2007,,Tier 2,Supermarket Type1,3984.0697,4.2,2022-03-27
FDM40,12.304,low fat,0.037617,Snack Foods,OUT013,1987,High,Tier 3,Supermarket Type1,2142.5222,3.6,2022-12-09
FDB52,,Low Fat,0.033357,Baking Goods,OUT018,2009,Medium,Tier 3,Supermarket Type2,1003.6793,4.1,2023-01-22
FDW22,11.457,LF,0.022227,Baking Goods,OUT017,2007,,Tier 2,Supermarket Type1,2672.3815,3.6,2022-08-25
FDR56,20.984,low fat,0.045732,Frozen Foods,OUT045,2002,,Tier 2,Supermarket Type1,1565.9341,3.6,2022-02-04
FDS58,,Regular,0.088973,Meat,OUT017,2007,,Tier 2,Supermarket Type1,2449.7006,4.099,2022-07-05
FDN12,19.577,Regular,0.020013,Starchy Foods,OUT017,2007,,Tier 2,Supermarket Type1,2245.566,4.2,2022-07-20
FDJ18,20.204,reg,0.044014,Meat,OUT010,1998,,Tier 3,Grocery Store,1248.0984,3.4,2022-02-10
FDX15,6.832,Low Fat,0.066421,Meat,OUT049,1999,Medium,Tier 1,Supermarket Type1,1946.2296,3.7,2022-07-06
DRS47,17.105,LF,0.077619,Soft Drinks,OUT027,1985,Medium,Tier 3,Supermarket Type3,3178.364,4.1,2023-12-19
FDS55,20.22,Low Fat ,0.0,Canned,OUT013,1987,High,Tier 3,Supermarket Type1,2866.0802,3.8,2022-03-14
FDH59,16.114,Low Fat,0.054997,Snack Foods,OUT019,1985,Small,Tier 1,Grocery Store,1584.5359,3.8,2022-07-28
DRK30,4.594,LF,0.037058,Soft Drinks,OUT045,2002,,Tier 2,Supermarket Type1,1765.8214,3.868,2023-06-23
FDD48,18.431,LF,0.08443,Fruits and Vegetables,OUT035,2004,Small,Tier 2,Supermarket Type1,964.4122,3.8,2023-08-19
FDV44,7.847,LF,0.0,Fruits and Vegetables,OUT019,1985,Small,Tier 1,Grocery Store,1781.455,4.3,2023-03-10
FDB12,21.066,low fat,0.027896,Starchy Foods,OUT010,1998,,Tier 3,Grocery Store,1957.5617,3.5,2022-12-30
FDG43,20.952, Regular,0.038235,Meat,OUT013,1987,High,Tier 3,Supermarket Type1,2427.7903,4.166,2022-11-21
NCE40,10.768,Low Fat,0.050643,Others,OUT035,2004,Small,Tier 2,Supermarket Type1,2510.7141,3.8,2022-05-06
FDB28,,LF,0.026799,Canned,OUT046,1997,Small,Tier 1,Supermarket Type1,1191.9111,3.9,2022-11-12
FDR20,13.437,low fat,0.041005,Frozen Foods,OUT027,1985,Medium,Tier 3,Supermarket Type3,9174.9276,4.019,2023-01-06
FDC53,20.982,reg,0.039709,Meat,OUT010,1998,,Tier 3,Grocery Store,678.6087,4.6,2022-04-01
FDC22,7.88,reg,0.030931,Dairy,OUT027,1985,Medium,Tier 3,Supermarket Type3,9341.9059,4.1,2022-03-25
NCC36,5.609,low fat,0.02895,Household,OUT010,1998,,Tier 3,Grocery Store,1315.8405,3.7,2023-04-02
NCK13,20.327,low fat,0.030327,Health and Hygiene,OUT017,2007,,Tier 2,Supermarket Type1,2651.2309,3.9,2022-05-25
FDQ14,21.248,LF,0.07387,Meat,OUT018,2009,Medium,Tier 3,Supermarket Type2,1668.3958,3.9,2023-08-29
FDN45,12.636,low fat,0.082657,Canned,OUT049,1999,Medium,Tier 1,Supermarket Type1,1954.1557,4.2,2023-03-25
FDS12,,Regular,0.028098,Breads,OUT027,1985,Medium,Tier 3,Supermarket Type3,7296.8841,4.1,2023-12-27
FDP39,7.657,LF,0.047855,Fruits and Vegetables,OUT046,1997,Small,Tier 1,Supermarket Type1,1625.5708,3.968,2023-10-21
FDP45,20.593,Low Fat,0.042688,Meat,OUT027,1985,Medium,Tier 3,Supermarket Type3,3530.1251,4.2,2023-09-10
FDD45,18.262,reg,0.112845,Fruits and Vegetables,OUT017,2007,,Tier 2,Supermarket Type1,10569.3047,3.7,2023-05-02
FDU43,9.272, Regular,0.053234,Frozen Foods,OUT019,1985,Small,Tier 1,Grocery Store,471.8048,3.668,2022-04-03
FDC22,7.88,Regular,0.073564,Dairy,OUT017,2007,,Tier 2,Supermarket Type1,2722.1227,4.0,2022-04-24
FDM48,18.414, Regular,0.050957,Dairy,OUT035,2004,Small,Tier 2,Supermarket Type1,2825.183,4.1,2023-05-21
FDX31,20.166,LF,0.054027,Snack Foods,OUT017,2007,,Tier 2,Supermarket Type1,1574.704,4.0,2022-12-02
FDA26,20.21,Low Fat ,0.052601,Baking Goods,OUT018,2009,Medium,Tier 3,Supermarket Type2,1837.4196,4.136,2022-09-14
DRJ33,6.311,reg,0.065262,Soft Drinks,OUT010,1998,,Tier 3,Grocery Store,945.1163,3.8,2023-06-16
DRU18,8.703,Low Fat,0.04768,Soft Drinks,OUT018,2009,Medium,Tier 3,Supermarket Type2,5202.1137,3.9,2023-06-26
FDG48,19.546,Low Fat ,0.082984,Fruits and Vegetables,OUT035,2004,Small,Tier 2,Supermarket Type1,4256.361,4.7,2023-08-27
FDD31,17.566,Low Fat ,0.054063,Snack Foods,OUT017,2007,,Tier 2,Supermarket Type1,2775.3714,4.015,2023-01-18
FDN10,14.799,LF,0.071896,Snack Foods,OUT017,2007,,Tier 2,Supermarket Type1,1385.4334,3.963,2022-01-26
NCP21,19.786,Low Fat,0.019702,Health and Hygiene,OUT013,1987,High,Tier 3,Supermarket Type1,1925.1431,4.1,2023-10-12
FDP18,19.939,Regular,0.036618,Fruits and Vegetables,OUT049,1999,Medium,Tier 1,Supermarket Type1,2902.8863,4.489,2022-05-19
NCN41,5.875,Low Fat,0.041846,Household,OUT049,1999,Medium,Tier 1,Supermarket Type1,1516.2116,4.2,2022-11-26
FDD56,,Regular,0.075438,Frozen Foods,OUT045,2002,,Tier 2,Supermarket Type1,1399.0449,4.115,2022-07-19
FDN30,,low fat,0.077202,Starchy Foods,OUT045,2002,,Tier 2,Supermarket Type1,1956.61,4.3,2022-04-08
FDC55,8.051,reg,0.056509,Baking Goods,OUT046,1997,Small,Tier 1,Supermarket Type1,1736.2521,3.7,2022-01-28
FDP38,12.339,Regular,0.015087,Dairy,OUT045,2002,,Tier 2,Supermarket Type1,1820.233,3.8,2022-09-19
FDH38,,reg,0.049821,Snack Foods,OUT046,1997,Small,Tier 1,Supermarket Type1,2472.576,3.5,2023-10-26
NCV52,8.062,low fat,0.02411,Household,OUT049,1999,Medium,Tier 1,Supermarket Type1,2277.3785,3.676,2023-06-28
FDX53,10.726,Regular,0.0,Frozen Foods,OUT017,2007,,Tier 2,Supermarket Type1,6749.0788,4.6,2023-09-03
FDF11,6.732,Low Fat,0.055649,Fruits and Vegetables,OUT019,1985,Small,Tier 1,Grocery Store,388.0269,4.1,2022-06-17
NCQ52,6.962,Low Fat ,0.197958,Household,OUT027,1985,Medium,Tier 3,Supermarket Type3,5182.0059,4.0,2023-05-18
FDC30,, Regular,0.046549,Dairy,OUT018,2009,Medium,Tier 3,Supermarket Type2,895.1486,4.2,2023-07-21
NCY48,15.177,Low Fat ,0.036687,Health and Hygiene,OUT045,2002,,Tier 2,Supermarket Type1,4713.8363,4.5,2023-03-18
NCH25,18.184,Low Fat,0.052531,Household,OUT010,1998,,Tier 3,Grocery Store,665.9979,4.2,2023-03-07
FDV42,16.161, Regular,0.079056,Canned,OUT035,2004,Small,Tier 2,Supermarket Type1,2113.4944,3.9,2023-03-09
FDY16,7.963,Low Fat,0.026125,Frozen Foods,OUT046,1997,Small,Tier 1,Supermarket Type1,2506.3121,3.6,2022-11-23
FDA49,, Regular,0.088424,Frozen Foods,OUT013,1987,High,Tier 3,Supermarket Type1,1546.1717,3.97,2022-06-10
FDK26,19.747,Low Fat ,0.017902,Dairy,OUT049,1999,Medium,Tier 1,Supermarket Type1,2660.7613,4.408,2022-01-14
DRR17,10.172, Regular,0.019503,Soft Drinks,OUT035,2004,Small,Tier 2,Supermarket Type1,1387.7214,3.4,2022-06-03
DRM49,9.865,LF,0.073109,Soft Drinks,OUT035,2004,Small,Tier 2,Supermarket Type1,1922.7686,3.7,2022-12-14
FDN16,15.648,Regular,0.029546,Dairy,OUT013,1987,High,Tier 3,Supermarket Type1,2470.1729,4.5,2023-12-16
FDP25,20.416,LF,0.024826,Snack Foods,OUT013,1987,High,Tier 3,Supermarket Type1,1648.4158,3.6,2022-03-08
FDE44,6.406, Regular,0.077647,Fruits and Vegetables,OUT046,1997,Small,Tier 1,Supermarket Type1,1432.0955,3.6,2023-02-27
FDG58,11.849,Regular,0.0,Snack Foods,OUT013,1987,High,Tier 3,Supermarket Type1,10847.8722,4.2,2022-06-17
FDN50,10.536,Low Fat ,0.021566,Starchy Foods,OUT045,2002,,Tier 2,Supermarket Type1,1047.1955,4.5,2023-07-07
FDU21,12.19,LF,0.059951,Starchy Foods,OUT049,1999,Medium,Tier 1,Supermarket Type1,4609.6362,3.7,2022-07-30
FDB15,11.316,Regular,0.029089,Snack Foods,OUT045,2002,,Tier 2,Supermarket Type1,1885.9303,3.8,2023-09-25
FDS42,10.114,low fat,0.111687,Baking Goods,OUT013,1987,High,Tier 3,Supermarket Type1,4984.3583,4.2,2023-04-10
FDV29,, Regular,0.062771,Snack Foods,OUT019,1985,Small,Tier 1,Grocery Store,1048.3983,3.7,2023-09-08
FDW47,6.385, Regular,0.042302,Breads,OUT035,2004,Small,Tier 2,Supermarket Type1,841.1913,3.8,2022-08-14
FDR36,13.532,low fat,0.156514,Baking Goods,OUT035,2004,Small,Tier 2,Supermarket Type1,4785.1929,3.4,2023-01-21
NCU55,18.587,Low Fat,0.035303,Household,OUT035,2004,Small,Tier 2,Supermarket Type1,3721.7691,4.2,2023-06-21
FDF29,5.518,Low Fat ,0.093609,Snack Foods,OUT035,2004,Small,Tier 2,Supermarket Type1,2086.685,3.6,2023-11-26
FDH39,16.819,reg,0.039401,Frozen Foods,OUT027,1985,Medium,Tier 3,Supermarket Type3,2945.5178,4.0,2022-09-22
FDN42,7.836,LF,0.062091,Snack Foods,OUT017,2007,,Tier 2,Supermarket Type1,1173.1392,3.8,2023-08-19
FDU19,,Regular,0.029569,Baking Goods,OUT027,1985,Medium,Tier 3,Supermarket Type3,1288.3309,3.4,2023-05-02
FDM31,4.659,LF,0.040478,Frozen Foods,OUT013,1987,High,Tier 3,Supermarket Type1,1776.5114,3.8,2023-04-20
NCH10,8.972,Low Fat,0.023558,Health and Hygiene,OUT046,1997,Small,Tier 1,Supermarket Type1,2119.979,4.2,2022-08-11
FDN51,19.659,low fat,0.037017,Dairy,OUT013,1987,High,Tier 3,Supermarket Type1,3695.3506,4.4,2023-12-11
FDH56,7.011, Regular,0.036257,Frozen Foods,OUT018,2009,Medium,Tier 3,Supermarket Type2,4344.8325,4.3,2022-03-27
FDP14,11.67,reg,0.022962,Snack Foods,OUT017,2007,,Tier 2,Supermarket Type1,5215.7307,4.0,2023-11-13
NCD10,6.994,low fat,0.115581,Household,OUT018,2009,Medium,Tier 3,Supermarket Type2,2575.4145,3.9,2022-09-26
FDR12,19.066, Regular,0.090105,Snack Foods,OUT017,2007,,Tier 2,Supermarket Type1,3344.3351,3.9,2023-11-01
FDW57,4.66,Low Fat,0.082516,Baking Goods,OUT035,2004,Small,Tier 2,Supermarket Type1,5081.7394,3.675,2023-02-17
FDJ54,16.83,Low Fat,0.019259,Breakfast,OUT027,1985,Medium,Tier 3,Supermarket Type3,2497.2348,3.9,2022-10-04
FDR48,17.856,LF,0.022,Fruits and Vegetables,OUT035,2004,Small,Tier 2,Supermarket Type1,838.0839,4.4,2022-07-26
FDP25,20.416,Low Fat ,0.03118,Snack Foods,OUT049,1999,Medium,Tier 1,Supermarket Type1,1305.8441,4.2,2022-04-25
FDM32,, Regular,0.062669,Seafood,OUT049,1999,Medium,Tier 1,Supermarket Type1,930.163,4.5,2023-08-16
DRX40,, Regular,0.023805,Soft Drinks,OUT046,1997,Small,Tier 1,Supermarket Type1,954.6324,3.8,2023-08-28
NCS19,11.704,Low Fat ,0.029925,Others,OUT027,1985,Medium,Tier 3,Supermarket Type3,1694.7385,4.1,2022-06-04
FDB20,5.075,Low Fat ,0.004821,Baking Goods,OUT046,1997,Small,Tier 1,Supermarket Type1,1806.4704,3.683,2022-08-15
FDW27,5.092,Regular,0.064049,Canned,OUT045,2002,,Tier 2,Supermarket Type1,5219.8812,3.982,2023-11-26
FDF55,15.98, Regular,0.025511,Dairy,OUT045,2002,,Tier 2,Supermarket Type1,4155.4881,4.0,2022-08-24
FDQ49,14.592,LF,0.068884,Meat,OUT017,2007,,Tier 2,Supermarket Type1,2175.8031,3.7,2023-07-12
FDY57,6.161,low fat,0.107338,Dairy,OUT035,2004,Small,Tier 2,Supermarket Type1,1326.3302,4.3,2022-04-13
FDA57,9.997,Regular,0.074085,Meat,OUT046,1997,Small,Tier 1,Supermarket Type1,3722.328,4.176,2022-05-16
FDG16,12.066,Low Fat,0.059595,Canned,OUT035,2004,Small,Tier 2,Supermarket Type1,1436.5216,4.31,2022-05-16
DRB48,20.082,LF,0.07031,Soft Drinks,OUT019,1985,Small,Tier 1,Grocery Store,363.6524,3.4,2022-07-04
FDQ22,20.353,Low Fat ,0.034522,Dairy,OUT027,1985,Medium,Tier 3,Supermarket Type3,11915.212,4.3,2023-06-13
NCF24,,Low Fat,0.04719,Household,OUT017,2007,,Tier 2,Supermarket Type1,1792.3983,4.6,2023-03-10
FDW41,19.908,Regular,0.03258,Snack Foods,OUT017,2007,,Tier 2,Supermarket Type1,2844.7681,4.1,2022-03-30
NCA49,12.998,LF,0.014906,Household,OUT017,2007,,Tier 2,Supermarket Type1,2236.678,4.1,2023-03-25
FDH51,14.138,Low Fat ,0.08944,Fruits and Vegetables,OUT035,2004,Small,Tier 2,Supermarket Type1,1852.5432,4.6,2022-06-06
FDF45,11.932,LF,0.023453,Snack Foods,OUT027,1985,Medium,Tier 3,Supermarket Type3,2863.1031,4.293,2022-08-19
NCH58,5.453,LF,0.018442,Household,OUT019,1985,Small,Tier 1,Grocery Store,573.884,3.8,2022-06-27
FDX15,6.832,LF,0.052861,Meat,OUT046,1997,Small,Tier 1,Supermarket Type1,2265.5134,4.2,2022-08-19
NCW51,16.454,Low Fat,0.030847,Household,OUT045,2002,,Tier 2,Supermarket Type1,3436.5534,4.178,2022-03-01
FDH22,18.209,reg,0.025694,Canned,OUT018,2009,Medium,Tier 3,Supermarket Type2,2894.0523,4.3,2022-10-30
FDM49,,LF,0.0,Fruits and Vegetables,OUT027,1985,Medium,Tier 3,Supermarket Type3,5264.2088,3.711,2022-10-13
FDW33,,Low Fat,0.034709,Canned,OUT049,1999,Medium,Tier 1,Supermarket Type1,2414.5174,3.9,2023-10-03
FDF27,4.963,low fat,0.040266,Canned,OUT045,2002,,Tier 2,Supermarket Type1,10272.5877,4.0,2023-09-11
NCM50,6.641,Low Fat ,0.052759,Health and Hygiene,OUT049,1999,Medium,Tier 1,Supermarket Type1,2920.1985,3.9,2023-08-09
NCA31,11.841,Low Fat,0.030942,Household,OUT017,2007,,Tier 2,Supermarket Type1,2863.1914,3.9,2022-05-24
FDP36,4.852,Low Fat ,0.06859,Canned,OUT046,1997,Small,Tier 1,Supermarket Type1,1268.5437,4.0,2023-10-30
FDY32,20.03,reg,0.0,Fruits and Vegetables,OUT018,2009,Medium,Tier 3,Supermarket Type2,1442.3232,3.6,2023-10-12
NCA49,12.998,LF,0.016436,Household,OUT010,1998,,Tier 3,Grocery Store,1073.559,3.6,2022-12-09
FDK45,12.951,Regular,0.053319,Snack Foods,OUT045,2002,,Tier 2,Supermarket Type1,2083.454,3.6,2023-09-12
FDY56,,low fat,0.030483,Snack Foods,OUT019,1985,Small,Tier 1,Grocery Store,517.1638,3.4,2022-08-23
FDB27,7.882, Regular,0.131211,Dairy,OUT035,2004,Small,Tier 2,Supermarket Type1,6414.6336,3.9,2023-08-14
FDX35,5.017,low fat,0.0,Starchy Foods,OUT018,2009,Medium,Tier 3,Supermarket Type2,5209.7625,4.0,2023-09-24
FDJ49,,low fat,0.159133,Breads,OUT019,1985,Small,Tier 1,Grocery Store,459.7891,4.4,2022-07-23
DRA49,16.511, Regular,0.048631,Hard Drinks,OUT049,1999,Medium,Tier 1,Supermarket Type1,1755.2965,3.5,2022-06-25
FDH29,5.308,Regular,0.064726,Baking Goods,OUT049,1999,Medium,Tier 1,Supermarket Type1,3309.0182,4.572,2022-02-26
FDU34,9.3,LF,0.104688,Dairy,OUT049,1999,Medium,Tier 1,Supermarket Type1,4572.1967,4.3,2023-11-30
DRE16,11.303,Low Fat,0.127757,Soft Drinks,OUT019,1985,Small,Tier 1,Grocery Store,869.7825,3.7,2022-01-05
FDQ14,21.248,low fat,0.07712,Meat,OUT010,1998,,Tier 3,Grocery Store,759.475,4.0,2022-03-22
NCA51,19.257,Low Fat ,0.0,Health and Hygiene,OUT046,1997,Small,Tier 1,Supermarket Type1,827.1996,4.794,2022-11-23
FDW39,15.743,LF,0.035887,Snack Foods,OUT045,2002,,Tier 2,Supermarket Type1,2483.6641,4.4,2023-08-10
FDP29,7.078,Low Fat ,0.0,Dairy,OUT045,2002,,Tier 2,Supermarket Type1,4582.5251,4.3,2022-11-22
FDH39,16.819, Regular,0.022136,Frozen Foods,OUT013,1987,High,Tier 3,Supermarket Type1,1196.7175,4.207,2023-03-24
FDN35,20.499,Low Fat ,0.094088,Fruits and Vegetables,OUT010,1998,,Tier 3,Grocery Store,565.7963,4.298,2022-01-19
FDS28,16.939,LF,0.097421,Meat,OUT049,1999,Medium,Tier 1,Supermarket Type1,3225.9434,4.1,2022-05-13
NCB48,,LF,0.069362,Health and Hygiene,OUT010,1998,,Tier 3,Grocery Store,1306.0108,4.6,2023-05-06
NCF33,14.13,Low Fat,0.10933,Health and Hygiene,OUT045,2002,,Tier 2,Supermarket Type1,3164.8069,3.971,2023-11-19
FDX36,17.813,Low Fat ,0.03336,Baking Goods,OUT035,2004,Small,Tier 2,Supermarket Type1,2599.1785,3.9,2023-01-16
DRJ25,,Regular,0.046371,Soft Drinks,OUT013,1987,High,Tier 3,Supermarket Type1,1313.4718,3.6,2023-08-01
DRS17,,LF,0.028268,Soft Drinks,OUT019,1985,Small,Tier 1,Grocery Store,1203.9418,3.8,2023-02-14
NCM57,11.429,low fat,0.012354,Health and Hygiene,OUT045,2002,,Tier 2,Supermarket Type1,1296.5833,3.105,2022-05-16
FDU12,19.02,reg,0.014855,Canned,OUT049,1999,Medium,Tier 1,Supermarket Type1,2083.2682,4.3,2023-12-25
FDP27,17.098,LF,0.054359,Baking Goods,OUT017,2007,,Tier 2,Supermarket Type1,2378.3659,3.8,2023-10-11
NCK58,6.983,Low Fat,0.03259,Health and Hygiene,OUT027,1985,Medium,Tier 3,Supermarket Type3,6138.9113,4.213,2023-03-02
NCN21,4.624,Low Fat ,0.082671,Household,OUT013,1987,High,Tier 3,Supermarket Type1,2531.1333,4.4,2023-10-27
DRY16,4.63,low fat,0.073505,Hard Drinks,OUT017,2007,,Tier 2,Supermarket Type1,2492.2975,3.7,2022-03-12
FDB21,17.245,LF,0.0,Snack Foods,OUT045,2002,,Tier 2,Supermarket Type1,520.2589,4.0,2023-05-29
DRC25,,low fat,0.05364,Soft Drinks,OUT010,1998,,Tier 3,Grocery Store,584.3822,4.1,2023-06-14
FDG50,11.393,Low Fat ,0.039736,Breakfast,OUT049,1999,Medium,Tier 1,Supermarket Type1,2368.5173,4.3,2022-11-15
FDM17,9.053, Regular,0.02583,Fruits and Vegetables,OUT018,2009,Medium,Tier 3,Supermarket Type2,691.1726,3.811,2022-01-24
NCQ22,14.662,Low Fat ,0.042551,Health and Hygiene,OUT027,1985,Medium,Tier 3,Supermarket Type3,4399.9646,4.0,2023-03-22
FDH39,16.819,Regular,0.038526,Frozen Foods,OUT049,1999,Medium,Tier 1,Supermarket Type1,1092.7883,3.8,2022-11-20
NCA31,11.841,Low Fat ,0.030296,Household,OUT018,2009,Medium,Tier 3,Supermarket Type2,2515.5668,3.5,2023-01-25
NCU52,10.865,low fat,0.053481,Health and Hygiene,OUT013,1987,High,Tier 3,Supermarket Type1,1890.5093,4.8,2022-06-20
DRK22,19.888,Low Fat ,0.073992,Hard Drinks,OUT017,2007,,Tier 2,Supermarket Type1,1379.0742,4.3,2023-06-08
FDU16,,Regular,0.068078,Meat,OUT019,1985,Small,Tier 1,Grocery Store,759.2451,4.2,2022-07-30
FDJ48,,low fat,0.017772,Canned,OUT027,1985,Medium,Tier 3,Supermarket Type3,6064.2444,4.3,2022-09-24
NCA40,5.55,Low Fat,0.016661,Household,OUT046,1997,Small,Tier 1,Supermarket Type1,3339.6573,4.4,2023-11-25
FDM33,,Low Fat ,0.031144,Baking Goods,OUT018,2009,Medium,Tier 3,Supermarket Type2,5452.0136,4.0,2022-07-06
FDD56,18.15,reg,0.117105,Frozen Foods,OUT013,1987,High,Tier 3,Supermarket Type1,2762.2745,4.3,2022-10-07
FDY53,13.553,Low Fat ,0.022551,Frozen Foods,OUT013,1987,High,Tier 3,Supermarket Type1,1244.6775,3.7,2022-02-14
DRX32,19.906,LF,0.045215,Soft Drinks,OUT045,2002,,Tier 2,Supermarket Type1,527.4274,3.7,2023-02-10
FDC44,15.311,LF,0.0125,Snack Foods,OUT045,2002,,Tier 2,Supermarket Type1,846.32,4.5,2023-01-11
DRK33,5.465,LF,0.015285,Hard Drinks,OUT049,1999,Medium,Tier 1,Supermarket Type1,2603.8133,3.8,2023-12-17
FDJ29,,reg,0.080628,Dairy,OUT010,1998,,Tier 3,Grocery Store,883.5858,4.2,2022-04-17
FDX15,6.832,Low Fat ,0.066499,Meat,OUT018,2009,Medium,Tier 3,Supermarket Type2,1270.7375,3.9,2022-12-24
FDG48,19.546,LF,0.036249,Fruits and Vegetables,OUT027,1985,Medium,Tier 3,Supermarket Type3,2900.0517,3.6,2022-10-06
FDK24,11.935,low fat,0.027297,Fruits and Vegetables,OUT049,1999,Medium,Tier 1,Supermarket Type1,1932.9228,3.8,2022-02-17
FDQ42,21.085,reg,0.03666,Canned,OUT046,1997,Small,Tier 1,Supermarket Type1,1157.9417,3.4,2023-11-08
FDA51,12.561,reg,0.099615,Meat,OUT046,1997,Small,Tier 1,Supermarket Type1,4902.8055,4.0,2022-07-07
FDP15,10.188,Regular,0.081747,Dairy,OUT045,2002,,Tier 2,Supermarket Type1,4582.8064,4.6,2023-03-14
FDH33,13.406,low fat,0.033371,Canned,OUT046,1997,Small,Tier 1,Supermarket Type1,1808.5702,4.0,2023-03-03
FDA59,10.043,Low Fat ,0.018991,Fruits and Vegetables,OUT013,1987,High,Tier 3,Supermarket Type1,5951.8876,4.1,2023-08-27
NCQ31,4.712,Low Fat ,0.147838,Household,OUT017,2007,,Tier 2,Supermarket Type1,814.3631,4.2,2022-10-27
FDX51,12.577,Regular,0.0,Frozen Foods,OUT045,2002,,Tier 2,Supermarket Type1,1703.5887,3.5,2022-05-02
FDS22,10.789, Regular,0.049573,Frozen Foods,OUT045,2002,,Tier 2,Supermarket Type1,3373.5311,3.6,2022-07-10
FDD17,18.35,Regular,0.082282,Breakfast,OUT046,1997,Small,Tier 1,Supermarket Type1,1260.7735,3.919,2023-02-13
FDS55,20.22,Low Fat,0.028889,Canned,OUT027,1985,Medium,Tier 3,Supermarket Type3,13086.9648,3.5,2022-10-22
NCN18,4.574,Low Fat,0.056662,Household,OUT045,2002,,Tier 2,Supermarket Type1,3220.7232,4.2,2023-01-27
FDK57,8.216,reg,0.0,Snack Foods,OUT035,2004,Small,Tier 2,Supermarket Type1,6628.9016,3.9,2022-01-04
FDH16,13.075,low fat,0.027252,Fruits and Vegetables,OUT013,1987,High,Tier 3,Supermarket Type1,4629.6707,3.8,2022-01-01
FDU22,,Low Fat,0.022282,Snack Foods,OUT046,1997,Small,Tier 1,Supermarket Type1,1772.1657,4.2,2022-02-17
FDS25,4.842,LF,0.050662,Dairy,OUT045,2002,,Tier 2,Supermarket Type1,3118.0905,4.2,2023-04-07
NCN35,16.393,Low Fat,0.018834,Household,OUT049,1999,Medium,Tier 1,Supermarket Type1,5257.358,3.9,2022-03-10
FDP57,5.776,reg,0.019678,Frozen Foods,OUT019,1985,Small,Tier 1,Grocery Store,402.7016,4.2,2022-06-16
FDR15,7.06,Low Fat,0.023445,Baking Goods,OUT049,1999,Medium,Tier 1,Supermarket Type1,2630.8377,3.4,2022-08-08
FDJ20,,LF,0.050947,Fruits and Vegetables,OUT035,2004,Small,Tier 2,Supermarket Type1,2500.0774,4.1,2023-12-11
FDN30,6.759,Low Fat ,0.171992,Starchy Foods,OUT018,2009,Medium,Tier 3,Supermarket Type2,6957.6921,5.0,2023-08-18
FDN54,16.623, Regular,0.110551,Meat,OUT045,2002,,Tier 2,Supermarket Type1,2137.617,4.3,2023-01-27
NCM51,5.408,Low Fat ,0.027394,Household,OUT045,2002,,Tier 2,Supermarket Type1,2917.8268,3.8,2022-03-14
FDB40,19.928,Regular,0.006322,Snack Foods,OUT049,1999,Medium,Tier 1,Supermarket Type1,5410.1999,3.5,2023-07-23
NCS27,11.051,Low Fat ,0.049761,Others,OUT018,2009,Medium,Tier 3,Supermarket Type2,5090.7414,3.7,2022-10-02
FDH25,18.309, Regular,0.100712,Snack Foods,OUT045,2002,,Tier 2,Supermarket Type1,1043.766,4.0,2022-07-04
FDF30,13.516,LF,0.043971,Baking Goods,OUT027,1985,Medium,Tier 3,Supermarket Type3,7933.707,3.8,2023-08-21
DRJ35,18.995,low fat,0.034909,Soft Drinks,OUT027,1985,Medium,Tier 3,Supermarket Type3,8143.1069,4.3,2023-05-07
FDN36,13.968,reg,0.066425,Breads,OUT046,1997,Small,Tier 1,Supermarket Type1,1478.8497,3.9,2023-08-22
FDY55,, Regular,0.148748,Canned,OUT035,2004,Small,Tier 2,Supermarket Type1,4292.5449,4.1,2023-02-28
FDD27,19.047, Regular,0.094914,Baking Goods,OUT046,1997,Small,Tier 1,Supermarket Type1,3098.7257,3.8,2023-11-16
FDR50,, Regular,0.116035,Meat,OUT013,1987,High,Tier 3,Supermarket Type1,1708.2852,3.8,2022-07-13
DRK22,19.888,low fat,0.026871,Hard Drinks,OUT045,2002,,Tier 2,Supermarket Type1,1296.4196,3.3,2022-01-12
NCE10,8.542,Low Fat,0.100979,Health and Hygiene,OUT010,1998,,Tier 3,Grocery Store,704.2098,3.6,2022-09-21
FDW21,6.03,Regular,0.176245,Snack Foods,OUT049,1999,Medium,Tier 1,Supermarket Type1,3107.5374,4.0,2023-04-01
FDM41,,Regular,0.029265,Canned,OUT019,1985,Small,Tier 1,Grocery Store,1132.7789,4.0,2023-02-20
FDJ51,, Regular,0.047686,Meat,OUT027,1985,Medium,Tier 3,Supermarket Type3,3016.4717,4.1,2022-06-03
FDJ21,17.442,Low Fat ,0.029981,Fruits and Vegetables,OUT045,2002,,Tier 2,Supermarket Type1,1326.8196,3.6,2022-05-17
NCX26,18.035,LF,0.103084,Household,OUT046,1997,Small,Tier 1,Supermarket Type1,1392.5576,4.5,2022-09-16
NCG12,,low fat,0.069167,Health and Hygiene,OUT019,1985,Small,Tier 1,Grocery Store,464.7971,4.8,2022-02-07
FDD41,11.807,Low Fat,0.04902,Snack Foods,OUT027,1985,Medium,Tier 3,Supermarket Type3,2358.482,3.6,2023-06-23
FDC18,7.393,Regular,0.040234,Snack Foods,OUT013,1987,High,Tier 3,Supermarket Type1,7937.9259,3.7,2023-11-10
FDU35,,Low Fat,0.055692,Seafood,OUT019,1985,Small,Tier 1,Grocery Store,430.8565,4.0,2023-06-08
NCS30,,low fat,0.057407,Household,OUT018,2009,Medium,Tier 3,Supermarket Type2,4738.1903,4.362,2022-01-23
FDP10,12.262,Low Fat ,0.039235,Dairy,OUT013,1987,High,Tier 3,Supermarket Type1,2387.3044,3.5,2023-02-06
NCG32,,Low Fat ,0.088396,Health and Hygiene,OUT017,2007,,Tier 2,Supermarket Type1,1001.9623,3.8,2022-05-08
FDK37,11.932,LF,0.040382,Snack Foods,OUT013,1987,High,Tier 3,Supermarket Type1,2634.0533,3.9,2022-06-11
FDS24,7.131,Low Fat ,0.028553,Fruits and Vegetables,OUT049,1999,Medium,Tier 1,Supermarket Type1,2698.2968,3.9,2023-04-09
FDS12,4.79,reg,0.042768,Breads,OUT017,2007,,Tier 2,Supermarket Type1,2964.6379,4.133,2022-06-15
NCP10,20.869,Low Fat ,0.079181,Others,OUT027,1985,Medium,Tier 3,Supermarket Type3,9407.5394,4.3,2022-07-14
DRH42,15.824,Low Fat ,0.019669,Hard Drinks,OUT045,2002,,Tier 2,Supermarket Type1,2443.698,4.2,2023-08-07
FDW24,17.997,Low Fat,0.017702,Frozen Foods,OUT035,2004,Small,Tier 2,Supermarket Type1,1397.7506,4.2,2022-05-09
FDY50,17.4,LF,0.013303,Seafood,OUT027,1985,Medium,Tier 3,Supermarket Type3,4187.8182,3.9,2023-04-14
FDC36,11.757,Low Fat ,0.0,Canned,OUT035,2004,Small,Tier 2,Supermarket Type1,4114.4184,3.8,2022-10-14
FDE31,,Low Fat,0.101215,Meat,OUT045,2002,,Tier 2,Supermarket Type1,2858.7671,5.0,2022-02-08
FDD32,19.457,reg,0.067469,Snack Foods,OUT035,2004,Small,Tier 2,Supermarket Type1,1035.6208,3.9,2023-08-24
FDF36,14.458, Regular,0.033104,Fruits and Vegetables,OUT027,1985,Medium,Tier 3,Supermarket Type3,2934.3687,4.3,2022-03-08
FDB33,6.36, Regular,0.044223,Starchy Foods,OUT035,2004,Small,Tier 2,Supermarket Type1,7101.2494,4.2,2022-10-16
FDX27,16.83,LF,0.060892,Breakfast,OUT013,1987,High,Tier 3,Supermarket Type1,2701.5926,4.484,2023-08-10
FDK58,10.127,LF,0.04473,Canned,OUT046,1997,Small,Tier 1,Supermarket Type1,1434.2994,3.3,2022-05-20
NCA51,,Low Fat,0.027824,Health and Hygiene,OUT017,2007,,Tier 2,Supermarket Type1,3139.301,4.6,2022-12-24
FDN39,8.43,low fat,0.055206,Snack Foods,OUT018,2009,Medium,Tier 3,Supermarket Type2,990.0752,3.6,2023-06-28
FDW20,,low fat,0.015423,Frozen Foods,OUT045,2002,,Tier 2,Supermarket Type1,2711.6777,3.86,2022-12-04
FDX25,,Low Fat ,0.084342,Snack Foods,OUT045,2002,,Tier 2,Supermarket Type1,2103.11,4.3,2022-05-17
DRY34,9.338,reg,0.025006,Hard Drinks,OUT018,2009,Medium,Tier 3,Supermarket Type2,2306.2502,3.8,2022-11-19
NCA37,20.692,low fat,0.0,Household,OUT018,2009,Medium,Tier 3,Supermarket Type2,3060.2809,4.3,2023-07-24
DRQ18,9.666,low fat,0.059289,Soft Drinks,OUT027,1985,Medium,Tier 3,Supermarket Type3,5478.0831,3.5,2022-06-21
FDS33,13.86,low fat,0.046257,Snack Foods,OUT045,2002,,Tier 2,Supermarket Type1,4933.8431,4.1,2022-01-06
DRK43,19.927,LF,0.033475,Soft Drinks,OUT017,2007,,Tier 2,Supermarket Type1,2064.0301,4.0,2023-09-15
FDQ24,11.524,Low Fat,0.07955,Baking Goods,OUT035,2004,Small,Tier 2,Supermarket Type1,1930.3568,4.0,2023-06-25
FDB22,5.666,Regular,0.041298,Fruits and Vegetables,OUT049,1999,Medium,Tier 1,Supermarket Type1,3436.4342,3.568,2023-09-07
FDD51,5.897,low fat,0.021013,Dairy,OUT045,2002,,Tier 2,Supermarket Type1,1452.6715,3.6,2022-02-22
DRQ33,8.029, Regular,0.034377,Soft Drinks,OUT035,2004,Small,Tier 2,Supermarket Type1,1153.5526,3.9,2023-02-16
FDN49,13.059,reg,0.105235,Fruits and Vegetables,OUT046,1997,Small,Tier 1,Supermarket Type1,5783.189,4.1,2023-07-03
DRH24,12.593,Low Fat ,0.0,Soft Drinks,OUT017,2007,,Tier 2,Supermarket Type1,4400.0281,4.3,2023-06-01
FDJ29,15.594,Regular,0.021137,Dairy,OUT027,1985,Medium,Tier 3,Supermarket Type3,5785.9708,5.0,2023-07-22
NCS30,5.594,Low Fat,0.0,Household,OUT019,1985,Small,Tier 1,Grocery Store,1766.4799,4.5,2023-09-19
FDK43,20.271,Regular,0.0,Breads,OUT018,2009,Medium,Tier 3,Supermarket Type2,1067.848,3.2,2023-10-05
FDN31,12.992, Regular,0.074341,Fruits and Vegetables,OUT027,1985,Medium,Tier 3,Supermarket Type3,3289.1621,4.0,2022-03-12
FDK36,13.411,Low Fat ,0.066355,Frozen Foods,OUT017,2007,,Tier 2,Supermarket Type1,2816.5619,3.8,2022-08-01
NCB30,16.23,low fat,0.123107,Health and Hygiene,OUT045,2002,,Tier 2,Supermarket Type1,8801.7941,4.6,2022-05-27
FDE56,8.3,LF,0.015299,Dairy,OUT010,1998,,Tier 3,Grocery Store,1655.1196,4.0,2023-05-04
NCP35,,low fat,0.028662,Household,OUT046,1997,Small,Tier 1,Supermarket Type1,1957.9617,4.2,2023-03-06
FDJ20,8.609,Low Fat ,0.0,Fruits and Vegetables,OUT045,2002,,Tier 2,Supermarket Type1,1483.7785,4.9,2023-07-26
FDV35,16.043,LF,0.020576,Meat,OUT046,1997,Small,Tier 1,Supermarket Type1,1011.6861,4.122,2022-09-14
FDE52,11.89,low fat,0.101603,Canned,OUT013,1987,High,Tier 3,Supermarket Type1,3892.4193,4.0,2022-09-22
FDS58,10.143, Regular,0.036216,Meat,OUT046,1997,Small,Tier 1,Supermarket Type1,1940.2558,4.0,2023-08-06
FDQ19,12.139,Low Fat ,0.02784,Breads,OUT017,2007,,Tier 2,Supermarket Type1,3235.2665,3.8,2022-02-21
FDE20,,Regular,0.093345,Baking Goods,OUT045,2002,,Tier 2,Supermarket Type1,6163.8427,4.1,2023-03-11
FDH47,11.626,LF,0.134631,Snack Foods,OUT010,1998,,Tier 3,Grocery Store,1042.8671,4.0,2022-07-28
FDJ49,19.666,Low Fat ,0.023213,Breads,OUT035,2004,Small,Tier 2,Supermarket Type1,1704.3929,3.794,2023-12-12
FDK12,4.771,Low Fat ,0.087458,Fruits and Vegetables,OUT027,1985,Medium,Tier 3,Supermarket Type3,13086.9648,3.9,2022-10-09
FDD45,18.262, Regular,0.057738,Fruits and Vegetables,OUT035,2004,Small,Tier 2,Supermarket Type1,1919.1738,3.807,2022-09-23
NCN21,4.624,LF,0.048995,Household,OUT018,2009,Medium,Tier 3,Supermarket Type2,2397.8711,3.5,2022-05-03
FDQ44,7.873,Low Fat,0.026032,Dairy,OUT046,1997,Small,Tier 1,Supermarket Type1,1847.382,4.3,2022-10-22
FDH20,10.816,Low Fat,0.08402,Frozen Foods,OUT045,2002,,Tier 2,Supermarket Type1,2402.5757,3.9,2023-08-13
FDW25,20.683,low fat,0.022552,Frozen Foods,OUT018,2009,Medium,Tier 3,Supermarket Type2,3593.3519,4.0,2022-07-10
DRR20,8.315,low fat,0.127441,Soft Drinks,OUT035,2004,Small,Tier 2,Supermarket Type1,731.6339,4.2,2022-04-15
FDH16,13.075,LF,0.03468,Fruits and Vegetables,OUT027,1985,Medium,Tier 3,Supermarket Type3,7634.3025,4.4,2023-03-06
FDC49,, Regular,0.191571,Meat,OUT027,1985,Medium,Tier 3,Supermarket Type3,4480.6803,3.6,2022-11-19
FDC49,13.853,reg,0.065968,Meat,OUT049,1999,Medium,Tier 1,Supermarket Type1,3076.1026,4.3,2023-03-11
NCQ26,6.334,LF,0.104132,Household,OUT049,1999,Medium,Tier 1,Supermarket Type1,1652.6779,3.5,2023-04-08
FDA53,11.458,Regular,0.031883,Fruits and Vegetables,OUT045,2002,,Tier 2,Supermarket Type1,1252.9287,3.6,2022-12-03
FDD23,12.959, Regular,0.074629,Baking Goods,OUT046,1997,Small,Tier 1,Supermarket Type1,1737.5141,3.738,2023-06-13
FDM28,, Regular,0.094328,Meat,OUT045,2002,,Tier 2,Supermarket Type1,5729.6756,4.4,2022-03-04
FDG21,7.985,Low Fat,0.02431,Dairy,OUT019,1985,Small,Tier 1,Grocery Store,2475.1674,3.7,2022-11-25
FDB19,10.949,reg,0.12255,Fruits and Vegetables,OUT017,2007,,Tier 2,Supermarket Type1,2081.9366,4.2,2022-02-16
FDY51,10.12,low fat,0.027191,Meat,OUT010,1998,,Tier 3,Grocery Store,1692.0971,3.714,2023-06-04
FDG56,14.983,low fat,0.071797,Starchy Foods,OUT049,1999,Medium,Tier 1,Supermarket Type1,2972.3649,3.8,2022-09-27
FDR14,18.82,Low Fat ,0.097998,Snack Foods,OUT013,1987,High,Tier 3,Supermarket Type1,3278.6298,3.619,2022-06-17
FDC38,12.14,LF,0.039607,Snack Foods,OUT045,2002,,Tier 2,Supermarket Type1,7689.2164,4.7,2023-10-05
FDU24,17.902,reg,0.098489,Snack Foods,OUT018,2009,Medium,Tier 3,Supermarket Type2,2136.3363,3.8,2022-09-01
NCD31,9.601,Low Fat ,0.05339,Household,OUT017,2007,,Tier 2,Supermarket Type1,5614.021,4.6,2022-05-01
FDR25,11.994,reg,0.048921,Fruits and Vegetables,OUT010,1998,,Tier 3,Grocery Store,2506.3869,4.2,2023-06-19
FDY12,10.827,LF,0.022375,Fruits and Vegetables,OUT027,1985,Medium,Tier 3,Supermarket Type3,3008.9188,4.1,2023-10-13
FDH32,,reg,0.057489,Baking Goods,OUT017,2007,,Tier 2,Supermarket Type1,1206.7983,3.9,2022-10-18
FDM34,8.621,low fat,0.08036,Breads,OUT013,1987,High,Tier 3,Supermarket Type1,4788.1814,3.8,2022-12-26
FDF39,10.917,Low Fat,0.090248,Canned,OUT018,2009,Medium,Tier 3,Supermarket Type2,2563.5518,4.5,2023-06-23
FDP51,5.948,Low Fat,0.0,Frozen Foods,OUT046,1997,Small,Tier 1,Supermarket Type1,3056.9867,4.472,2022-06-20
FDY20,11.657,low fat,0.038403,Frozen Foods,OUT045,2002,,Tier 2,Supermarket Type1,1574.7883,3.972,2023-03-08
FDU17,8.352,Regular,0.07944,Frozen Foods,OUT017,2007,,Tier 2,Supermarket Type1,906.1732,4.1,2022-04-08
DRW14,,Regular,0.015102,Soft Drinks,OUT017,2007,,Tier 2,Supermarket Type1,1363.4264,3.8,2022-05-17
FDU46,13.585,Low Fat,0.023258,Canned,OUT017,2007,,Tier 2,Supermarket Type1,3623.0411,4.2,2023-07-10
FDD59,8.724,reg,0.046243,Dairy,OUT046,1997,Small,Tier 1,Supermarket Type1,2051.7959,4.0,2022-07-16
FDS51,5.332,Low Fat,0.02833,Frozen Foods,OUT045,2002,,Tier 2,Supermarket Type1,4950.2252,3.9,2022-06-23
FDA43,18.354,Low Fat,0.127632,Snack Foods,OUT035,2004,Small,Tier 2,Supermarket Type1,2074.6042,4.1,2022-11-29
NCQ52,6.962,LF,0.056937,Household,OUT010,1998,,Tier 3,Grocery Store,585.8837,4.1,2023-05-08
FDJ21,17.442,low fat,0.058753,Fruits and Vegetables,OUT049,1999,Medium,Tier 1,Supermarket Type1,1726.5193,3.8,2023-10-24
FDE53,, Regular,0.074674,Dairy,OUT027,1985,Medium,Tier 3,Supermarket Type3,4022.2815,3.6,2023-10-11
NCV42,,low fat,0.088247,Health and Hygiene,OUT027,1985,Medium,Tier 3,Supermarket Type3,2278.5375,3.5,2023-02-12
FDK42,12.402,Low Fat ,0.056664,Dairy,OUT049,1999,Medium,Tier 1,Supermarket Type1,10557.5443,4.4,2023-03-07
FDP14,, Regular,0.150259,Snack Foods,OUT018,2009,Medium,Tier 3,Supermarket Type2,1454.8158,4.1,2022-03-21
FDE42,21.003, Regular,0.03348,Snack Foods,OUT013,1987,High,Tier 3,Supermarket Type1,2283.4552,3.7,2022-09-22
FDS50,12.73,LF,0.129998,Baking Goods,OUT046,1997,Small,Tier 1,Supermarket Type1,995.978,3.6,2022-03-11
FDM45,,Low Fat,0.02938,Breads,OUT035,2004,Small,Tier 2,Supermarket Type1,8053.6591,3.6,2023-07-30
FDN35,20.499,Low Fat,0.054885,Fruits and Vegetables,OUT017,2007,,Tier 2,Supermarket Type1,2827.788,3.9,2023-02-15
DRE22,18.87,low fat,0.067259,Soft Drinks,OUT049,1999,Medium,Tier 1,Supermarket Type1,1533.2334,3.8,2022-04-13
FDM50,11.67,low fat,0.013832,Frozen Foods,OUT010,1998,,Tier 3,Grocery Store,1433.9273,3.404,2022-01-17
FDQ56,,LF,0.024246,Breakfast,OUT035,2004,Small,Tier 2,Supermarket Type1,3189.0024,3.9,2023-07-03
NCR51,12.717,Low Fat,0.053199,Health and Hygiene,OUT045,2002,,Tier 2,Supermarket Type1,1457.5756,4.3,2023-01-04
FDN44,,LF,0.067977,Fruits and Vegetables,OUT010,1998,,Tier 3,Grocery Store,426.1806,3.7,2022-11-13
FDS22,, Regular,0.068124,Frozen Foods,OUT017,2007,,Tier 2,Supermarket Type1,1295.7771,3.9,2022-11-06
FDE33,18.977,Low Fat ,0.061122,Snack Foods,OUT027,1985,Medium,Tier 3,Supermarket Type3,6797.8286,3.5,2022-12-07
FDD55,, Regular,0.043373,Breads,OUT013,1987,High,Tier 3,Supermarket Type1,4099.3053,3.3,2023-04-20
FDC15,11.909,Regular,0.150441,Breads,OUT017,2007,,Tier 2,Supermarket Type1,1874.9193,3.967,2023-12-29
FDX42,6.733,Low Fat ,0.088177,Breakfast,OUT018,2009,Medium,Tier 3,Supermarket Type2,5203.563,4.3,2023-07-01
NCB29,20.014,low fat,0.025648,Health and Hygiene,OUT010,1998,,Tier 3,Grocery Store,647.4601,3.519,2022-05-02
FDE53,6.075,reg,0.065183,Dairy,OUT017,2007,,Tier 2,Supermarket Type1,1787.6417,3.9,2022-08-30
FDB37,13.472,Regular,0.030447,Snack Foods,OUT010,1998,,Tier 3,Grocery Store,546.1295,4.461,2023-06-09
FDP34,12.561,LF,0.06043,Snack Foods,OUT019,1985,Small,Tier 1,Grocery Store,597.0047,4.0,2023-09-07
FDM16,9.208,LF,0.117694,Fruits and Vegetables,OUT045,2002,,Tier 2,Supermarket Type1,2044.8569,4.2,2023-04-26
NCC21,16.1,Low Fat,0.021265,Health and Hygiene,OUT010,1998,,Tier 3,Grocery Store,1827.2777,4.184,2023-01-15
FDW39,15.743,Low Fat ,0.062242,Snack Foods,OUT018,2009,Medium,Tier 3,Supermarket Type2,2867.0011,3.5,2022-03-02
FDU31,10.971,Low Fat ,0.083134,Breakfast,OUT035,2004,Small,Tier 2,Supermarket Type1,2597.0347,4.5,2023-01-22
FDB13,18.295,LF,0.028931,Breads,OUT035,2004,Small,Tier 2,Supermarket Type1,766.6064,4.0,2022-02-12
FDN43,15.12, Regular,0.045411,Baking Goods,OUT046,1997,Small,Tier 1,Supermarket Type1,2616.3137,3.9,2023-05-26
FDN15,12.135,Regular,0.130868,Baking Goods,OUT049,1999,Medium,Tier 1,Supermarket Type1,1216.0143,4.2,2022-02-01
FDS21,14.595,Low Fat ,0.047265,Dairy,OUT027,1985,Medium,Tier 3,Supermarket Type3,8753.2086,4.417,2023-04-14
NCW53,6.829,Low Fat ,0.020961,Household,OUT017,2007,,Tier 2,Supermarket Type1,2396.1374,3.4,2022-11-23
NCR32,9.322,low fat,0.134918,Household,OUT027,1985,Medium,Tier 3,Supermarket Type3,6500.6,4.0,2023-10-17
FDY26,9.045,reg,0.034917,Starchy Foods,OUT027,1985,Medium,Tier 3,Supermarket Type3,2515.098,3.8,2023-01-03
NCG15,20.108,low fat,0.044142,Household,OUT035,2004,Small,Tier 2,Supermarket Type1,1007.9582,3.4,2023-04-04
FDK41,20.011,Low Fat,0.055019,Fruits and Vegetables,OUT013,1987,High,Tier 3,Supermarket Type1,2343.9057,3.8,2023-07-11
FDD46,11.853,Low Fat ,0.066791,Canned,OUT017,2007,,Tier 2,Supermarket Type1,5293.8182,4.7,2022-05-29
FDP49,19.303,Regular,0.058661,Frozen Foods,OUT049,1999,Medium,Tier 1,Supermarket Type1,1952.8588,3.9,2023-07-19
FDM44,16.472,Low Fat ,0.051159,Baking Goods,OUT018,2009,Medium,Tier 3,Supermarket Type2,1608.2488,3.833,2023-08-26
FDF40,15.809,Regular,0.0511,Dairy,OUT049,1999,Medium,Tier 1,Supermarket Type1,1303.0798,4.0,2023-01-24
FDH19,17.679,reg,0.120049,Breads,OUT010,1998,,Tier 3,Grocery Store,2720.4577,3.8,2022-07-27
DRM17,19.619,reg,0.101854,Soft Drinks,OUT013,1987,High,Tier 3,Supermarket Type1,1862.7581,3.7,2022-03-27
NCB29,20.014,Low Fat,0.049447,Health and Hygiene,OUT017,2007,,Tier 2,Supermarket Type1,1440.7817,4.0,2022-09-04
DRX30,8.157,Low Fat ,0.011365,Soft Drinks,OUT019,1985,Small,Tier 1,Grocery Store,786.8893,3.4,2022-12-27
FDC13,13.006,Low Fat ,0.091853,Seafood,OUT046,1997,Small,Tier 1,Supermarket Type1,4561.5551,4.1,2023-01-10
FDV32,,Regular,0.029944,Meat,OUT013,1987,High,Tier 3,Supermarket Type1,4963.6012,4.1,2022-10-15
FDJ47,,Low Fat,0.038122,Snack Foods,OUT035,2004,Small,Tier 2,Supermarket Type1,863.1006,4.3,2022-02-18
NCG51,11.182,low fat,0.036759,Others,OUT013,1987,High,Tier 3,Supermarket Type1,2820.415,3.8,2022-01-22
FDR37,17.086,low fat,0.019194,Canned,OUT045,2002,,Tier 2,Supermarket Type1,3436.1601,3.9,2023-05-04
DRM59,6.384,low fat,0.088373,Soft Drinks,OUT045,2002,,Tier 2,Supermarket Type1,2059.5076,4.0,2022-04-23
FDG52,20.43,low fat,0.164631,Fruits and Vegetables,OUT045,2002,,Tier 2,Supermarket Type1,3613.9076,3.4,2023-04-06
FDW45,5.875,reg,0.056959,Fruits and Vegetables,OUT013,1987,High,Tier 3,Supermarket Type1,4709.5815,4.3,2022-10-15
FDS13,19.828,reg,0.116204,Meat,OUT046,1997,Small,Tier 1,Supermarket Type1,2383.2202,4.1,2022-01-25
FDC39,5.657,Low Fat ,0.015391,Snack Foods,OUT013,1987,High,Tier 3,Supermarket Type1,3318.9152,4.6,2023-12-24
NCQ52,6.962,LF,0.04807,Household,OUT045,2002,,Tier 2,Supermarket Type1,4855.3257,3.8,2023-09-19
FDQ24,11.524,LF,0.029252,Baking Goods,OUT049,1999,Medium,Tier 1,Supermarket Type1,7866.2541,3.9,2023-07-05
FDG56,14.983,Low Fat ,0.04614,Starchy Foods,OUT046,1997,Small,Tier 1,Supermarket Type1,3354.7562,3.5,2022-08-05
DRR35,13.958, Regular,0.0,Soft Drinks,OUT045,2002,,Tier 2,Supermarket Type1,5174.6732,4.2,2022-12-28
FDF36,14.458,reg,0.037177,Fruits and Vegetables,OUT046,1997,Small,Tier 1,Supermarket Type1,2728.6662,3.836,2022-03-28
FDS42,10.114,Low Fat ,0.065506,Baking Goods,OUT049,1999,Medium,Tier 1,Supermarket Type1,2851.3161,3.2,2022-09-19
FDK23,,low fat,0.054186,Meat,OUT013,1987,High,Tier 3,Supermarket Type1,9926.9808,4.4,2022-11-18
FDY38,11.241,Low Fat,0.033091,Breads,OUT013,1987,High,Tier 3,Supermarket Type1,5741.1289,4.1,2023-08-09
FDX59,10.438,Low Fat ,0.128552,Seafood,OUT027,1985,Medium,Tier 3,Supermarket Type3,4535.3919,4.5,2022-08-26
FDN26,13.151,LF,0.030372,Fruits and Vegetables,OUT035,2004,Small,Tier 2,Supermarket Type1,2411.0218,4.6,2023-04-27
FDN27,16.64,LF,0.0,Frozen Foods,OUT035,2004,Small,Tier 2,Supermarket Type1,1831.5545,4.3,2023-04-30
FDA25,,LF,0.033394,Fruits and Vegetables,OUT013,1987,High,Tier 3,Supermarket Type1,1832.4403,4.3,2022-09-23
FDG53,11.484,low fat,0.035493,Seafood,OUT027,1985,Medium,Tier 3,Supermarket Type3,6954.7623,4.5,2023-03-17
FDJ10,17.71, Regular,0.057643,Breakfast,OUT027,1985,Medium,Tier 3,Supermarket Type3,4864.6531,4.4,2023-11-28
FDQ52,5.784, Regular,0.056704,Fruits and Vegetables,OUT027,1985,Medium,Tier 3,Supermarket Type3,901.132,4.0,2022-04-11
FDD59,8.724,reg,0.031108,Dairy,OUT013,1987,High,Tier 3,Supermarket Type1,1116.9243,4.8,2022-04-20
NCD50,9.969,LF,0.028398,Household,OUT049,1999,Medium,Tier 1,Supermarket Type1,3643.5968,4.2,2022-08-19
FDK56,8.175,Low Fat ,0.03023,Frozen Foods,OUT035,2004,Small,Tier 2,Supermarket Type1,4932.415,4.2,2023-08-14
FDU29,,LF,0.0,Snack Foods,OUT049,1999,Medium,Tier 1,Supermarket Type1,2596.8329,4.0,2023-08-02
FDA32,16.316, Regular,0.120797,Frozen Foods,OUT018,2009,Medium,Tier 3,Supermarket Type2,818.989,3.9,2023-06-10
NCP35,14.756,Low Fat,0.093076,Household,OUT018,2009,Medium,Tier 3,Supermarket Type2,3141.679,4.1,2022-05-07
FDA58,12.812,Low Fat,0.016984,Snack Foods,OUT045,2002,,Tier 2,Supermarket Type1,563.8295,4.6,2022-12-17
NCN33,11.601,Low Fat ,0.013066,Health and Hygiene,OUT035,2004,Small,Tier 2,Supermarket Type1,2957.8475,3.7,2022-01-15
FDH24,, Regular,0.048983,Baking Goods,OUT035,2004,Small,Tier 2,Supermarket Type1,3200.5289,4.1,2023-12-23
FDN57,7.271,low fat,0.027895,Frozen Foods,OUT017,2007,,Tier 2,Supermarket Type1,1142.5421,3.62,2022-05-21
FDG38,8.202,Low Fat ,0.097784,Dairy,OUT046,1997,Small,Tier 1,Supermarket Type1,1319.6738,4.2,2022-09-21
FDH49,7.134,Low Fat ,0.093903,Snack Foods,OUT046,1997,Small,Tier 1,Supermarket Type1,3316.6423,4.2,2023-05-01
NCH53,10.593,Low Fat ,0.020854,Health and Hygiene,OUT017,2007,,Tier 2,Supermarket Type1,1967.8517,3.9,2023-02-13
FDF52,11.876,LF,0.026378,Canned,OUT018,2009,Medium,Tier 3,Supermarket Type2,3305.1121,4.0,2022-12-20
DRS17,14.637,low fat,0.0,Soft Drinks,OUT027,1985,Medium,Tier 3,Supermarket Type3,1977.6097,4.4,2023-04-04
FDV16,13.45,Low Fat ,0.041707,Meat,OUT049,1999,Medium,Tier 1,Supermarket Type1,2808.5264,3.9,2023-05-19
NCY22,7.705,low fat,0.113789,Household,OUT017,2007,,Tier 2,Supermarket Type1,1836.1904,3.9,2023-09-13
FDB54,10.299, Regular,0.098635,Meat,OUT035,2004,Small,Tier 2,Supermarket Type1,3873.4061,3.9,2022-04-08
FDR19,9.203,low fat,0.011884,Fruits and Vegetables,OUT035,2004,Small,Tier 2,Supermarket Type1,1622.1442,4.1,2023-10-07
NCV20,16.094,LF,0.026347,Health and Hygiene,OUT018,2009,Medium,Tier 3,Supermarket Type2,1351.1416,4.3,2022-06-21
FDF10,10.456,Low Fat,0.073089,Breakfast,OUT035,2004,Small,Tier 2,Supermarket Type1,3574.2208,4.1,2023-11-14
DRM48,,Low Fat,0.042554,Soft Drinks,OUT019,1985,Small,Tier 1,Grocery Store,893.5245,3.7,2023-05-01
FDU32,,low fat,0.0,Fruits and Vegetables,OUT010,1998,,Tier 3,Grocery Store,737.1672,4.3,2022-01-10
FDD49,,Low Fat ,0.030187,Baking Goods,OUT035,2004,Small,Tier 2,Supermarket Type1,2526.3982,3.7,2022-01-31
FDW33,18.507,LF,0.01985,Canned,OUT017,2007,,Tier 2,Supermarket Type1,2632.8459,4.1,2023-01-22
FDK19,13.328,reg,0.158517,Snack Foods,OUT035,2004,Small,Tier 2,Supermarket Type1,4621.2567,4.3,2023-12-04
FDN31,12.992,reg,0.015632,Fruits and Vegetables,OUT045,2002,,Tier 2,Supermarket Type1,1323.7365,4.3,2022-06-25
FDD13,17.781,Low Fat,0.069274,Snack Foods,OUT018,2009,Medium,Tier 3,Supermarket Type2,4221.2955,4.2,2022-05-23
FDY26,9.045,Regular,0.031458,Starchy Foods,OUT010,1998,,Tier 3,Grocery Store,977.4654,4.1,2023-06-08
FDX40,,Low Fat ,0.021188,Frozen Foods,OUT035,2004,Small,Tier 2,Supermarket Type1,2537.774,4.1,2022-08-05
FDU43,9.272,Regular,0.060826,Frozen Foods,OUT049,1999,Medium,Tier 1,Supermarket Type1,2320.6205,3.5,2023-10-06
FDH42,,Low Fat ,0.137989,Meat,OUT046,1997,Small,Tier 1,Supermarket Type1,2948.7717,4.0,2023-08-27
FDV59,5.292,Low Fat ,0.031889,Fruits and Vegetables,OUT017,2007,,Tier 2,Supermarket Type1,6210.6143,4.2,2022-02-04
FDG41,,LF,0.053151,Starchy Foods,OUT045,2002,,Tier 2,Supermarket Type1,3515.5218,4.432,2023-03-14
NCY22,,Low Fat ,0.12987,Household,OUT049,1999,Medium,Tier 1,Supermarket Type1,6424.4254,4.1,2023-03-06
FDV15,,Low Fat ,0.026038,Snack Foods,OUT013,1987,High,Tier 3,Supermarket Type1,1848.8263,4.7,2022-08-30
FDN59,8.55,reg,0.159211,Baking Goods,OUT049,1999,Medium,Tier 1,Supermarket Type1,1707.4431,4.0,2022-08-23
DRJ30,9.615,reg,0.037086,Hard Drinks,OUT017,2007,,Tier 2,Supermarket Type1,1328.3677,3.6,2023-03-29
FDM27,17.196,Regular,0.042113,Frozen Foods,OUT035,2004,Small,Tier 2,Supermarket Type1,2740.3711,4.126,2023-08-10
FDB20,5.075,LF,0.0,Baking Goods,OUT035,2004,Small,Tier 2,Supermarket Type1,5476.8607,3.4,2022-03-18
FDE23,15.058,LF,0.021758,Dairy,OUT049,1999,Medium,Tier 1,Supermarket Type1,4006.3603,4.2,2022-01-16
FDJ11,19.325,reg,0.085646,Fruits and Vegetables,OUT027,1985,Medium,Tier 3,Supermarket Type3,8970.0781,4.2,2022-04-02
FDW20,,LF,0.021593,Frozen Foods,OUT046,1997,Small,Tier 1,Supermarket Type1,1906.6845,3.4,2022-12-19
NCH42,17.427,low fat,0.0,Others,OUT018,2009,Medium,Tier 3,Supermarket Type2,4130.5093,4.3,2023-09-20
NCK26,14.313,LF,0.040139,Others,OUT046,1997,Small,Tier 1,Supermarket Type1,1115.4091,3.7,2022-12-26
FDM20,,Low Fat,0.077972,Meat,OUT019,1985,Small,Tier 1,Grocery Store,1352.0605,4.2,2023-04-28
FDG35,13.339,Low Fat ,0.030013,Meat,OUT018,2009,Medium,Tier 3,Supermarket Type2,3126.9613,4.1,2022-08-09
NCK13,20.327,LF,0.040229,Health and Hygiene,OUT035,2004,Small,Tier 2,Supermarket Type1,746.1512,4.2,2023-06-23
FDC25,10.338,Low Fat,0.097633,Fruits and Vegetables,OUT035,2004,Small,Tier 2,Supermarket Type1,1182.1422,3.9,2022-12-16
FDP40,9.659,Low Fat,0.114606,Baking Goods,OUT035,2004,Small,Tier 2,Supermarket Type1,2642.6408,3.4,2023-12-31
FDN34,6.37,reg,0.0,Canned,OUT046,1997,Small,Tier 1,Supermarket Type1,940.6969,3.2,2023-09-03
FDP35,,low fat,0.019577,Breakfast,OUT046,1997,Small,Tier 1,Supermarket Type1,4253.3259,4.0,2022-06-11
FDS40,9.643,LF,0.044676,Frozen Foods,OUT017,2007,,Tier 2,Supermarket Type1,2704.8616,3.712,2023-10-22
NCH25,18.184,low fat,0.0,Household,OUT049,1999,Medium,Tier 1,Supermarket Type1,1355.1321,4.2,2023-07-18
FDE35,11.964,LF,0.083364,Snack Foods,OUT035,2004,Small,Tier 2,Supermarket Type1,3542.601,4.0,2022-03-07
FDM51,8.576,Regular,0.208664,Baking Goods,OUT018,2009,Medium,Tier 3,Supermarket Type2,952.4885,3.9,2022-06-26
FDE13,18.625,reg,0.045231,Canned,OUT046,1997,Small,Tier 1,Supermarket Type1,1373.7232,4.135,2022-09-30
FDF16,19.706,LF,0.019855,Fruits and Vegetables,OUT018,2009,Medium,Tier 3,Supermarket Type2,2330.4847,4.2,2022-07-20
FDY56,,Low Fat,0.067602,Snack Foods,OUT010,1998,,Tier 3,Grocery Store,1588.9527,3.6,2023-11-18
FDC52,21.079,low fat,0.035299,Baking Goods,OUT013,1987,High,Tier 3,Supermarket Type1,6323.5154,4.1,2022-03-23
FDF45,11.932,low fat,0.060451,Snack Foods,OUT017,2007,,Tier 2,Supermarket Type1,1896.6568,3.4,2023-05-27
NCH12,9.794,Low Fat,0.138141,Household,OUT013,1987,High,Tier 3,Supermarket Type1,3380.004,4.2,2022-12-23
FDD37,13.509,Regular,0.090269,Fruits and Vegetables,OUT049,1999,Medium,Tier 1,Supermarket Type1,13086.9648,4.1,2023-12-24
FDV59,5.292,LF,0.039679,Fruits and Vegetables,OUT019,1985,Small,Tier 1,Grocery Store,1041.2257,4.03,2022-10-15
FDE45,9.688,Regular,0.058518,Snack Foods,OUT018,2009,Medium,Tier 3,Supermarket Type2,1435.1881,3.9,2022-11-06
FDJ27,,LF,0.028847,Snack Foods,OUT017,2007,,Tier 2,Supermarket Type1,1261.2172,4.1,2023-03-03
FDK31,5.066,Low Fat,0.016075,Frozen Foods,OUT027,1985,Medium,Tier 3,Supermarket Type3,8108.9729,3.6,2023-09-29
FDB49,10.108,LF,0.029789,Baking Goods,OUT013,1987,High,Tier 3,Supermarket Type1,9272.0926,4.5,2023-04-26
FDE19,4.573,LF,0.053845,Canned,OUT017,2007,,Tier 2,Supermarket Type1,3119.3229,4.409,2023-04-16
FDD27,19.047,reg,0.030971,Baking Goods,OUT045,2002,,Tier 2,Supermarket Type1,1555.5835,3.4,2023-08-29
FDS15,,Low Fat ,0.024481,Breakfast,OUT018,2009,Medium,Tier 3,Supermarket Type2,3142.3002,4.0,2023-12-10
FDH30,12.546,low fat,0.033581,Frozen Foods,OUT035,2004,Small,Tier 2,Supermarket Type1,2186.1669,3.2,2022-08-07
DRA30,7.906,reg,0.022549,Soft Drinks,OUT045,2002,,Tier 2,Supermarket Type1,4285.7748,4.1,2023-08-22
FDB40,19.928,Regular,0.0,Snack Foods,OUT035,2004,Small,Tier 2,Supermarket Type1,2195.4518,3.9,2023-02-23
FDR59,,Low Fat ,0.062031,Canned,OUT019,1985,Small,Tier 1,Grocery Store,528.7532,3.521,2023-05-17
FDS56,11.166,Low Fat ,0.020927,Baking Goods,OUT045,2002,,Tier 2,Supermarket Type1,1751.3322,3.8,2022-08-16
FDW11,9.673,low fat,0.049536,Fruits and Vegetables,OUT045,2002,,Tier 2,Supermarket Type1,2654.0523,4.2,2023-01-31
FDD49,,LF,0.029028,Baking Goods,OUT018,2009,Medium,Tier 3,Supermarket Type2,2067.7832,4.5,2023-03-21
DRR17,10.172, Regular,0.143084,Soft Drinks,OUT018,2009,Medium,Tier 3,Supermarket Type2,5572.1258,4.3,2022-06-01
FDQ40,,Low Fat,0.015762,Frozen Foods,OUT017,2007,,Tier 2,Supermarket Type1,1480.6591,4.0,2022-05-19
NCA46,11.428,LF,0.095464,Health and Hygiene,OUT049,1999,Medium,Tier 1,Supermarket Type1,3419.4068,4.5,2023-12-13
FDV52,19.297,reg,0.062899,Snack Foods,OUT049,1999,Medium,Tier 1,Supermarket Type1,1533.0764,3.4,2022-09-30
FDP17,16.082,Regular,0.038726,Canned,OUT019,1985,Small,Tier 1,Grocery Store,1410.8328,3.6,2023-12-27
FDU44,8.169,Low Fat ,0.053122,Dairy,OUT049,1999,Medium,Tier 1,Supermarket Type1,4284.4955,4.6,2023-12-04
FDD39,19.409,Regular,0.040024,Fruits and Vegetables,OUT049,1999,Medium,Tier 1,Supermarket Type1,2645.8257,4.2,2022-04-09
FDM38,13.464,reg,0.060696,Starchy Foods,OUT045,2002,,Tier 2,Supermarket Type1,2613.0446,3.9,2022-05-29
DRW26,10.189,LF,0.02091,Soft Drinks,OUT046,1997,Small,Tier 1,Supermarket Type1,770.9513,4.2,2022-12-19
FDB31,15.89, Regular,0.0,Snack Foods,OUT045,2002,,Tier 2,Supermarket Type1,2204.016,3.7,2022-11-01
FDP15,10.188, Regular,0.032437,Dairy,OUT017,2007,,Tier 2,Supermarket Type1,1588.2663,3.7,2022-02-20
NCQ22,14.662,Low Fat,0.006226,Health and Hygiene,OUT013,1987,High,Tier 3,Supermarket Type1,1390.5076,3.3,2022-11-01
DRN52,12.709,reg,0.045157,Soft Drinks,OUT027,1985,Medium,Tier 3,Supermarket Type3,3189.5374,4.2,2022-02-24
FDP11,13.849, Regular,0.014227,Baking Goods,OUT017,2007,,Tier 2,Supermarket Type1,873.7137,3.9,2022-08-24
NCV49,14.347,low fat,0.148274,Household,OUT049,1999,Medium,Tier 1,Supermarket Type1,3385.343,3.9,2022-01-22
NCV15,7.34,low fat,0.046935,Household,OUT010,1998,,Tier 3,Grocery Store,1108.9415,4.0,2023-03-10
FDQ47,19.566,reg,0.142442,Meat,OUT017,2007,,Tier 2,Supermarket Type1,3637.0161,4.2,2022-12-11
NCF35,15.674,Low Fat ,0.017648,Health and Hygiene,OUT049,1999,Medium,Tier 1,Supermarket Type1,4438.1624,3.9,2023-05-10
FDF36,14.458,Regular,0.027801,Fruits and Vegetables,OUT017,2007,,Tier 2,Supermarket Type1,2145.2431,4.6,2022-12-29
FDS59,,Regular,0.0,Canned,OUT049,1999,Medium,Tier 1,Supermarket Type1,2073.9691,4.433,2023-10-17
DRH12,,Regular,0.073898,Soft Drinks,OUT045,2002,,Tier 2,Supermarket Type1,2530.8286,4.2,2023-10-15
NCK37,21.282,Low Fat ,0.060059,Household,OUT045,2002,,Tier 2,Supermarket Type1,1561.6321,3.8,2023-07-05
NCW51,16.454,Low Fat ,0.056336,Household,OUT018,2009,Medium,Tier 3,Supermarket Type2,1246.4223,4.0,2023-01-30
NCG42,14.403,Low Fat ,0.017177,Household,OUT045,2002,,Tier 2,Supermarket Type1,622.7775,3.9,2022-04-25
NCD27,19.869,low fat,0.099979,Health and Hygiene,OUT049,1999,Medium,Tier 1,Supermarket Type1,2324.7378,3.9,2023-10-20
FDK43,20.271,reg,0.054473,Breads,OUT019,1985,Small,Tier 1,Grocery Store,679.4708,4.0,2022-06-18
FDD49,7.08,LF,0.074161,Baking Goods,OUT010,1998,,Tier 3,Grocery Store,1860.3153,3.8,2022-06-26
FDE58,7.959,Regular,0.017425,Dairy,OUT027,1985,Medium,Tier 3,Supermarket Type3,7891.1807,4.2,2023-12-25
DRA31,14.547,reg,0.041722,Hard Drinks,OUT017,2007,,Tier 2,Supermarket Type1,4907.8813,3.6,2022-08-16
FDJ31,18.471,low fat,0.028446,Starchy Foods,OUT049,1999,Medium,Tier 1,Supermarket Type1,6429.1399,4.4,2022-07-03
FDJ51,10.605, Regular,0.0,Meat,OUT045,2002,,Tier 2,Supermarket Type1,1813.5976,4.5,2022-03-22
FDW45,,reg,0.113177,Fruits and Vegetables,OUT046,1997,Small,Tier 1,Supermarket Type1,5192.0989,3.8,2023-09-24
NCR53,,Low Fat,0.0,Health and Hygiene,OUT010,1998,,Tier 3,Grocery Store,2306.449,4.3,2023-08-05
DRS47,17.105,Low Fat,0.015518,Soft Drinks,OUT046,1997,Small,Tier 1,Supermarket Type1,1448.5537,4.1,2022-01-09
FDP10,12.262,low fat,0.076447,Dairy,OUT045,2002,,Tier 2,Supermarket Type1,7535.6824,4.6,2023-08-01
FDS50,12.73,low fat,0.0,Baking Goods,OUT049,1999,Medium,Tier 1,Supermarket Type1,2836.5417,4.0,2022-10-10
FDA29,,Regular,0.037208,Meat,OUT019,1985,Small,Tier 1,Grocery Store,1855.578,4.1,2022-07-13
FDE50,5.926, Regular,0.0106,Meat,OUT010,1998,,Tier 3,Grocery Store,516.7547,3.9,2023-04-22
FDB39,,Low Fat,0.019319,Breads,OUT018,2009,Medium,Tier 3,Supermarket Type2,3251.397,3.4,2023-07-04
NCH50,12.83,LF,0.059451,Household,OUT017,2007,,Tier 2,Supermarket Type1,939.6357,4.2,2022-04-20
NCA23,7.253,LF,0.055407,Others,OUT035,2004,Small,Tier 2,Supermarket Type1,3061.8295,4.4,2023-06-02
FDC57,8.606,Low Fat ,0.05648,Meat,OUT019,1985,Small,Tier 1,Grocery Store,737.4111,4.3,2023-11-02
FDN28,21.282, Regular,0.120157,Snack Foods,OUT013,1987,High,Tier 3,Supermarket Type1,1338.8775,3.9,2023-11-07
FDV45,5.5, Regular,0.0,Snack Foods,OUT013,1987,High,Tier 3,Supermarket Type1,2184.5277,4.1,2023-03-22
FDE44,6.406, Regular,0.035927,Fruits and Vegetables,OUT027,1985,Medium,Tier 3,Supermarket Type3,5819.1879,4.6,2022-07-20
FDB30,5.332,low fat,0.036486,Fruits and Vegetables,OUT013,1987,High,Tier 3,Supermarket Type1,2202.7818,4.7,2022-03-06
NCW18,13.063,Low Fat,0.041446,Household,OUT017,2007,,Tier 2,Supermarket Type1,2159.6461,4.0,2022-01-17
NCW18,,Low Fat ,0.04584,Household,OUT045,2002,,Tier 2,Supermarket Type1,990.2711,4.2,2023-05-07
FDH34,,reg,0.180175,Fruits and Vegetables,OUT013,1987,High,Tier 3,Supermarket Type1,1155.2637,4.4,2023-10-01
DRK50,7.483,reg,0.031805,Soft Drinks,OUT019,1985,Small,Tier 1,Grocery Store,457.3723,4.3,2022-09-21
FDA51,12.561, Regular,0.132894,Meat,OUT045,2002,,Tier 2,Supermarket Type1,4649.8511,3.9,2023-01-21
FDX30,,Regular,0.04326,Dairy,OUT027,1985,Medium,Tier 3,Supermarket Type3,1964.3051,4.1,2023-06-01
FDU50,16.604,low fat,0.111075,Dairy,OUT049,1999,Medium,Tier 1,Supermarket Type1,5098.9058,3.9,2023-08-15
FDJ33,,Low Fat ,0.0605,Canned,OUT017,2007,,Tier 2,Supermarket Type1,2665.9491,3.4,2023-02-05
DRU30,17.591,LF,0.01479,Soft Drinks,OUT035,2004,Small,Tier 2,Supermarket Type1,965.8773,3.9,2023-08-25
NCN18,4.574,low fat,0.055292,Household,OUT017,2007,,Tier 2,Supermarket Type1,1553.2183,4.3,2022-10-30
DRE26,11.039,low fat,0.094285,Soft Drinks,OUT049,1999,Medium,Tier 1,Supermarket Type1,1040.1466,3.3,2022-09-30
FDV52,19.297, Regular,0.039669,Snack Foods,OUT027,1985,Medium,Tier 3,Supermarket Type3,3889.6685,4.4,2023-02-27
NCV49,14.347,LF,0.129209,Household,OUT046,1997,Small,Tier 1,Supermarket Type1,3014.9097,4.3,2022-05-09
FDJ52,15.723,LF,0.176998,Snack Foods,OUT013,1987,High,Tier 3,Supermarket Type1,1999.1727,4.21,2022-01-29
FDJ37,16.603,low fat,0.074605,Canned,OUT017,2007,,Tier 2,Supermarket Type1,2236.8093,4.0,2022-09-02
FDX23,17.717,Low Fat ,0.060931,Canned,OUT045,2002,,Tier 2,Supermarket Type1,1035.0043,4.004,2022-05-23
FDP37,20.789,reg,0.06465,Meat,OUT013,1987,High,Tier 3,Supermarket Type1,6945.6561,4.024,2023-11-11
FDD54,16.63, Regular,0.017655,Snack Foods,OUT013,1987,High,Tier 3,Supermarket Type1,5113.6798,4.6,2022-08-08
NCM20,13.713,Low Fat ,0.050305,Health and Hygiene,OUT035,2004,Small,Tier 2,Supermarket Type1,1681.1792,4.8,2022-04-26
FDB15,11.316, Regular,0.038148,Snack Foods,OUT013,1987,High,Tier 3,Supermarket Type1,5914.5916,4.3,2023-06-04
FDM15,16.291,low fat,0.15592,Snack Foods,OUT019,1985,Small,Tier 1,Grocery Store,1325.7004,3.686,2022-09-09
FDQ20,15.514,LF,0.087286,Breads,OUT017,2007,,Tier 2,Supermarket Type1,3748.9773,3.277,2022-10-10
FDG24,20.741, Regular,0.035604,Frozen Foods,OUT018,2009,Medium,Tier 3,Supermarket Type2,2403.0801,3.537,2022-10-09
FDS47,6.875,Low Fat ,0.097774,Snack Foods,OUT019,1985,Small,Tier 1,Grocery Store,680.7016,4.173,2023-09-20
NCM27,11.83,Low Fat ,0.02876,Health and Hygiene,OUT027,1985,Medium,Tier 3,Supermarket Type3,3005.9671,3.8,2022-01-13
FDX55,11.307,Regular,0.0,Snack Foods,OUT045,2002,,Tier 2,Supermarket Type1,6335.4015,3.9,2023-05-28
FDX12,9.05, Regular,0.030874,Dairy,OUT019,1985,Small,Tier 1,Grocery Store,953.0564,4.3,2023-01-28
NCC21,16.1,low fat,0.136751,Health and Hygiene,OUT045,2002,,Tier 2,Supermarket Type1,2125.1076,3.7,2022-09-28
FDQ56,10.801,LF,0.096225,Breakfast,OUT018,2009,Medium,Tier 3,Supermarket Type2,2101.9435,2.88,2023-11-27
FDS52,,Low Fat ,0.06304,Baking Goods,OUT017,2007,,Tier 2,Supermarket Type1,5832.4322,4.1,2022-03-19
FDG17,16.541,Low Fat ,0.122241,Fruits and Vegetables,OUT035,2004,Small,Tier 2,Supermarket Type1,468.9401,4.4,2023-09-03
FDR18,19.841,reg,0.014682,Baking Goods,OUT018,2009,Medium,Tier 3,Supermarket Type2,6151.2496,3.9,2022-02-26
DRG39,11.128,Regular,0.166792,Hard Drinks,OUT027,1985,Medium,Tier 3,Supermarket Type3,13086.9648,3.6,2023-04-09
NCC42,,Low Fat ,0.015144,Household,OUT018,2009,Medium,Tier 3,Supermarket Type2,10436.9373,4.2,2023-08-11
FDC57,8.606,Low Fat ,0.020603,Meat,OUT013,1987,High,Tier 3,Supermarket Type1,5459.519,4.4,2022-05-05
FDW39,,Low Fat ,0.027956,Snack Foods,OUT046,1997,Small,Tier 1,Supermarket Type1,933.3207,4.2,2022-07-11
FDP31,15.829,Low Fat ,0.02059,Snack Foods,OUT018,2009,Medium,Tier 3,Supermarket Type2,937.7167,3.9,2023-08-03
FDB42,5.566,Regular,0.06174,Frozen Foods,OUT017,2007,,Tier 2,Supermarket Type1,935.4736,3.636,2022-02-28
FDJ48,11.266,low fat,0.009076,Canned,OUT046,1997,Small,Tier 1,Supermarket Type1,650.4988,3.5,2022-10-11
FDF24,12.755,Low Fat,0.017401,Breads,OUT046,1997,Small,Tier 1,Supermarket Type1,3499.0371,3.9,2022-11-09
NCJ10,19.491,Low Fat ,0.065699,Health and Hygiene,OUT013,1987,High,Tier 3,Supermarket Type1,3059.9032,4.0,2023-12-25
FDP26,7.446,Low Fat,0.030897,Snack Foods,OUT027,1985,Medium,Tier 3,Supermarket Type3,2387.3565,3.7,2022-03-18
FDB59,5.156,LF,0.006314,Dairy,OUT017,2007,,Tier 2,Supermarket Type1,2999.5482,4.2,2022-09-12
FDG17,16.541,low fat,0.042687,Fruits and Vegetables,OUT013,1987,High,Tier 3,Supermarket Type1,1700.7522,4.0,2023-08-29
FDS38,7.113,reg,0.032915,Dairy,OUT017,2007,,Tier 2,Supermarket Type1,2276.37,4.033,2022-09-23
NCX11,4.603,Low Fat ,0.088843,Household,OUT045,2002,,Tier 2,Supermarket Type1,2091.5798,3.8,2023-02-26
FDG42,6.635,Low Fat ,0.051845,Canned,OUT049,1999,Medium,Tier 1,Supermarket Type1,985.3977,3.7,2023-07-15
FDW18,18.71,Low Fat ,0.031723,Dairy,OUT018,2009,Medium,Tier 3,Supermarket Type2,13086.9648,4.3,2022-02-01
NCV25,,LF,0.033755,Health and Hygiene,OUT045,2002,,Tier 2,Supermarket Type1,2025.8053,4.1,2023-10-15
FDM49,11.914,low fat,0.084925,Fruits and Vegetables,OUT018,2009,Medium,Tier 3,Supermarket Type2,2188.9309,4.2,2022-07-24
DRW43,9.96,Regular,0.020006,Hard Drinks,OUT049,1999,Medium,Tier 1,Supermarket Type1,9589.6996,3.7,2023-07-31
FDQ40,19.202,LF,0.04309,Frozen Foods,OUT035,2004,Small,Tier 2,Supermarket Type1,2115.5901,4.2,2023-10-11
DRB48,,Low Fat ,0.039261,Soft Drinks,OUT013,1987,High,Tier 3,Supermarket Type1,4062.0942,4.1,2022-03-23
DRJ33,6.311, Regular,0.059693,Soft Drinks,OUT046,1997,Small,Tier 1,Supermarket Type1,2170.9257,4.3,2023-12-24
FDP50,9.977, Regular,0.020395,Baking Goods,OUT035,2004,Small,Tier 2,Supermarket Type1,990.9642,3.8,2023-03-10
DRV10,8.939,Low Fat,0.072342,Soft Drinks,OUT049,1999,Medium,Tier 1,Supermarket Type1,2322.2177,4.0,2023-12-19
FDB46,,Regular,0.015203,Dairy,OUT017,2007,,Tier 2,Supermarket Type1,2530.2906,3.766,2023-08-16
FDD55,, Regular,0.0,Breads,OUT035,2004,Small,Tier 2,Supermarket Type1,1689.8345,3.7,2023-10-24
FDG58,11.849,Regular,0.054907,Snack Foods,OUT018,2009,Medium,Tier 3,Supermarket Type2,6674.5033,3.8,2022-10-25
FDG55,13.772,LF,0.063138,Snack Foods,OUT045,2002,,Tier 2,Supermarket Type1,1303.5721,3.4,2023-01-04
NCP35,14.756,low fat,0.083207,Household,OUT035,2004,Small,Tier 2,Supermarket Type1,3719.2256,3.8,2022-09-09
FDQ47,19.566,reg,0.077374,Meat,OUT049,1999,Medium,Tier 1,Supermarket Type1,5324.3716,4.2,2022-02-27
FDW45,,reg,0.088162,Fruits and Vegetables,OUT027,1985,Medium,Tier 3,Supermarket Type3,7657.383,4.2,2023-10-31
FDS27,20.851,Low Fat,0.035186,Meat,OUT018,2009,Medium,Tier 3,Supermarket Type2,6604.2672,4.8,2023-01-01
FDR44,20.279,LF,0.048317,Fruits and Vegetables,OUT018,2009,Medium,Tier 3,Supermarket Type2,2470.2141,3.9,2022-05-22
FDM33,,Low Fat ,0.040365,Baking Goods,OUT013,1987,High,Tier 3,Supermarket Type1,5935.8994,3.9,2023-04-29
FDE46,6.907,low fat,0.04267,Canned,OUT017,2007,,Tier 2,Supermarket Type1,4356.562,4.262,2022-03-19
FDV29,,reg,0.06327,Snack Foods,OUT017,2007,,Tier 2,Supermarket Type1,2963.0628,4.3,2022-03-02
FDV16,13.45,low fat,0.038316,Meat,OUT013,1987,High,Tier 3,Supermarket Type1,1659.7186,4.227,2022-01-31
FDB29,6.533,low fat,0.0,Baking Goods,OUT046,1997,Small,Tier 1,Supermarket Type1,1970.5879,3.3,2023-08-23
DRH12,4.791,Regular,0.066414,Soft Drinks,OUT018,2009,Medium,Tier 3,Supermarket Type2,643.672,4.089,2023-04-25
NCC11,11.461,Low Fat,0.032515,Household,OUT049,1999,Medium,Tier 1,Supermarket Type1,2207.7874,3.3,2022-12-12
FDQ53,14.056,LF,0.071491,Canned,OUT046,1997,Small,Tier 1,Supermarket Type1,1244.4298,3.4,2022-04-01
DRQ36,19.959,reg,0.059548,Soft Drinks,OUT045,2002,,Tier 2,Supermarket Type1,4198.7802,4.1,2023-11-03
NCW32,,LF,0.085176,Health and Hygiene,OUT018,2009,Medium,Tier 3,Supermarket Type2,5514.8842,4.5,2022-09-02
FDM15,16.291,low fat,0.038671,Snack Foods,OUT049,1999,Medium,Tier 1,Supermarket Type1,1047.3964,4.4,2022-07-28
FDW55,5.143,LF,0.03912,Dairy,OUT017,2007,,Tier 2,Supermarket Type1,2405.0175,4.4,2022-11-05
FDJ34,18.813,low fat,0.0,Canned,OUT013,1987,High,Tier 3,Supermarket Type1,7786.7529,3.9,2023-03-30
FDQ16,13.135,Regular,0.034233,Baking Goods,OUT027,1985,Medium,Tier 3,Supermarket Type3,5374.2125,3.8,2022-12-01
FDS13,19.828,reg,0.024995,Meat,OUT018,2009,Medium,Tier 3,Supermarket Type2,2615.2678,3.994,2023-07-04
DRS17,14.637,Low Fat ,0.0,Soft Drinks,OUT018,2009,Medium,Tier 3,Supermarket Type2,3065.5689,3.4,2023-01-19
FDA31,5.689,Regular,0.019911,Dairy,OUT046,1997,Small,Tier 1,Supermarket Type1,3381.349,3.9,2022-09-18
FDE42,21.003,Regular,0.074746,Snack Foods,OUT027,1985,Medium,Tier 3,Supermarket Type3,11695.6695,4.1,2022-05-23
FDF59,13.494,low fat,0.02067,Snack Foods,OUT017,2007,,Tier 2,Supermarket Type1,683.2948,3.8,2023-10-26
FDX11,20.914,Low Fat ,0.050978,Starchy Foods,OUT045,2002,,Tier 2,Supermarket Type1,4920.6799,4.4,2023-01-13
FDV21,5.063,Low Fat ,0.022895,Seafood,OUT046,1997,Small,Tier 1,Supermarket Type1,2858.7175,4.3,2023-12-09
FDV28,9.353,LF,0.147954,Breads,OUT045,2002,,Tier 2,Supermarket Type1,3466.104,4.1,2023-07-09
FDX37,8.709,Low Fat ,0.110362,Canned,OUT013,1987,High,Tier 3,Supermarket Type1,5783.7091,4.0,2023-09-24
FDA43,18.354,low fat,0.064856,Snack Foods,OUT018,2009,Medium,Tier 3,Supermarket Type2,1222.2688,4.2,2022-02-26
NCA40,5.55,Low Fat ,0.047179,Household,OUT035,2004,Small,Tier 2,Supermarket Type1,5929.2138,3.6,2023-09-17
FDS28,16.939,low fat,0.04522,Meat,OUT035,2004,Small,Tier 2,Supermarket Type1,3948.2049,4.4,2022-09-10
FDU38,,Low Fat ,0.036304,Fruits and Vegetables,OUT027,1985,Medium,Tier 3,Supermarket Type3,13086.9648,4.2,2022-11-19
FDV38,16.939,Regular,0.038323,Frozen Foods,OUT046,1997,Small,Tier 1,Supermarket Type1,1046.1742,3.4,2022-08-29
FDB32,6.61,LF,0.04921,Starchy Foods,OUT027,1985,Medium,Tier 3,Supermarket Type3,3773.9781,3.4,2022-08-30
FDC28,18.384,low fat,0.036814,Frozen Foods,OUT035,2004,Small,Tier 2,Supermarket Type1,1085.8566,3.9,2022-04-29
FDH17,18.178,Low Fat ,0.123746,Canned,OUT018,2009,Medium,Tier 3,Supermarket Type2,1553.7842,3.3,2022-03-14
FDF24,12.755,Low Fat ,0.136873,Breads,OUT049,1999,Medium,Tier 1,Supermarket Type1,905.6842,4.082,2022-06-17
NCG52,,LF,0.029681,Household,OUT017,2007,,Tier 2,Supermarket Type1,854.4369,4.1,2022-04-13
NCE40,10.768,LF,0.06631,Others,OUT049,1999,Medium,Tier 1,Supermarket Type1,2386.2321,3.472,2023-01-20
FDW41,19.908, Regular,0.086772,Snack Foods,OUT045,2002,,Tier 2,Supermarket Type1,5324.9996,3.713,2022-10-02
FDP22,17.485,LF,0.066133,Snack Foods,OUT027,1985,Medium,Tier 3,Supermarket Type3,5584.753,4.012,2023-05-07
FDJ44,10.233,Low Fat,0.025011,Snack Foods,OUT035,2004,Small,Tier 2,Supermarket Type1,2116.8075,3.919,2023-08-07
FDA21,,low fat,0.027239,Fruits and Vegetables,OUT046,1997,Small,Tier 1,Supermarket Type1,1302.1825,3.898,2022-02-18
DRW34,15.552,Regular,0.095284,Soft Drinks,OUT017,2007,,Tier 2,Supermarket Type1,1888.7539,3.8,2023-09-11
FDH14,11.919, Regular,0.016419,Starchy Foods,OUT019,1985,Small,Tier 1,Grocery Store,492.8944,4.0,2022-04-07
FDE29,5.379,Low Fat ,0.077342,Meat,OUT019,1985,Small,Tier 1,Grocery Store,229.889,4.0,2022-09-09
FDX44,20.503,reg,0.064064,Baking Goods,OUT013,1987,High,Tier 3,Supermarket Type1,6731.9692,3.5,2022-10-26
FDY18,14.949,reg,0.044059,Snack Foods,OUT017,2007,,Tier 2,Supermarket Type1,1405.1723,4.33,2022-12-29
FDQ35,,Regular,0.025846,Snack Foods,OUT019,1985,Small,Tier 1,Grocery Store,429.4874,3.636,2022-09-26
FDX30,10.772, Regular,0.0,Dairy,OUT017,2007,,Tier 2,Supermarket Type1,1057.8036,4.4,2022-12-11
FDX52,18.043,low fat,0.17469,Baking Goods,OUT019,1985,Small,Tier 1,Grocery Store,446.8151,3.6,2022-04-27
FDU15,9.842,Low Fat ,0.047934,Dairy,OUT018,2009,Medium,Tier 3,Supermarket Type2,1007.8959,3.8,2023-12-27
FDJ31,18.471,Low Fat ,0.13926,Starchy Foods,OUT013,1987,High,Tier 3,Supermarket Type1,2728.8255,3.6,2022-03-01
DRJ23,19.745, Regular,0.019018,Soft Drinks,OUT018,2009,Medium,Tier 3,Supermarket Type2,4994.1602,4.5,2022-04-07
FDQ35,5.542, Regular,0.040363,Snack Foods,OUT013,1987,High,Tier 3,Supermarket Type1,1085.6424,3.8,2023-11-29
FDW49,, Regular,0.02893,Frozen Foods,OUT035,2004,Small,Tier 2,Supermarket Type1,5278.1377,3.4,2022-02-17
FDB33,6.36,Regular,0.071501,Starchy Foods,OUT046,1997,Small,Tier 1,Supermarket Type1,1503.6567,3.6,2023-05-07
FDR12,,Regular,0.121306,Snack Foods,OUT035,2004,Small,Tier 2,Supermarket Type1,1730.5038,3.3,2023-10-20
FDV57,20.993,low fat,0.019863,Dairy,OUT049,1999,Medium,Tier 1,Supermarket Type1,1123.8816,4.6,2022-07-10
FDF33,20.83, Regular,0.071882,Baking Goods,OUT035,2004,Small,Tier 2,Supermarket Type1,2139.0995,3.8,2023-01-13
FDB13,18.295,Low Fat,0.050986,Breads,OUT010,1998,,Tier 3,Grocery Store,2913.5157,3.872,2022-11-18
DRV20,4.713,Low Fat,0.054092,Hard Drinks,OUT046,1997,Small,Tier 1,Supermarket Type1,1129.5932,4.0,2023-03-17
FDE19,,low fat,0.0,Canned,OUT049,1999,Medium,Tier 1,Supermarket Type1,3655.889,3.9,2022-03-21
FDR50,9.777,reg,0.054391,Meat,OUT018,2009,Medium,Tier 3,Supermarket Type2,5764.764,3.8,2023-11-10
NCF33,14.13,LF,0.075408,Health and Hygiene,OUT013,1987,High,Tier 3,Supermarket Type1,2075.4759,3.8,2022-07-30
FDV34,20.063,Regular,0.035877,Snack Foods,OUT045,2002,,Tier 2,Supermarket Type1,2200.4699,4.3,2023-02-11
DRP40,11.034,Low Fat,0.086337,Soft Drinks,OUT018,2009,Medium,Tier 3,Supermarket Type2,5178.5924,4.0,2022-08-02
FDJ11,19.325, Regular,0.065696,Fruits and Vegetables,OUT035,2004,Small,Tier 2,Supermarket Type1,2823.6591,4.2,2022-10-12
NCW15,17.547,Low Fat,0.109422,Health and Hygiene,OUT013,1987,High,Tier 3,Supermarket Type1,3720.4198,4.5,2023-05-01
FDB25,,low fat,0.168437,Breads,OUT013,1987,High,Tier 3,Supermarket Type1,1980.8517,3.5,2022-09-25
FDC47,8.806,Regular,0.049142,Fruits and Vegetables,OUT019,1985,Small,Tier 1,Grocery Store,447.8319,3.8,2022-04-14
FDV40,16.19,low fat,0.076216,Fruits and Vegetables,OUT013,1987,High,Tier 3,Supermarket Type1,1830.8999,4.1,2022-05-26
FDW44,8.828,reg,0.021581,Fruits and Vegetables,OUT046,1997,Small,Tier 1,Supermarket Type1,12057.3872,4.2,2023-09-12
FDX53,,Regular,0.019281,Frozen Foods,OUT049,1999,Medium,Tier 1,Supermarket Type1,1740.3766,4.3,2022-02-15
FDU37,12.834,Regular,0.056509,Snack Foods,OUT046,1997,Small,Tier 1,Supermarket Type1,2143.5967,4.1,2023-10-25
NCF58,12.655,low fat,0.096723,Household,OUT019,1985,Small,Tier 1,Grocery Store,563.8311,4.586,2023-04-09
DRM21,11.613,LF,0.025931,Hard Drinks,OUT035,2004,Small,Tier 2,Supermarket Type1,936.4702,3.7,2022-07-14
FDP37,20.789, Regular,0.052096,Meat,OUT017,2007,,Tier 2,Supermarket Type1,3968.2766,3.3,2023-06-20
FDM56,15.795,reg,0.058195,Frozen Foods,OUT018,2009,Medium,Tier 3,Supermarket Type2,3957.3637,4.335,2022-11-05
FDJ29,15.594, Regular,0.025548,Dairy,OUT019,1985,Small,Tier 1,Grocery Store,1364.5259,3.7,2022-04-08
FDV26,5.546, Regular,0.0,Breakfast,OUT049,1999,Medium,Tier 1,Supermarket Type1,1506.1504,3.8,2023-01-17
FDA27,8.785,low fat,0.023309,Meat,OUT049,1999,Medium,Tier 1,Supermarket Type1,3542.2747,4.0,2023-02-19
NCP21,19.786,Low Fat,0.039764,Health and Hygiene,OUT049,1999,Medium,Tier 1,Supermarket Type1,1381.1253,4.2,2023-08-07
NCD53,7.873,Low Fat ,0.032995,Health and Hygiene,OUT035,2004,Small,Tier 2,Supermarket Type1,1909.3349,3.8,2022-09-17
FDN20,10.021, Regular,0.030818,Baking Goods,OUT017,2007,,Tier 2,Supermarket Type1,4044.062,3.7,2022-07-24
NCF35,15.674,Low Fat ,0.055161,Health and Hygiene,OUT017,2007,,Tier 2,Supermarket Type1,1809.4363,4.1,2023-05-29
FDU36,20.347,low fat,0.046602,Canned,OUT046,1997,Small,Tier 1,Supermarket Type1,4651.8498,3.7,2023-03-18
DRM17,19.619,reg,0.0,Soft Drinks,OUT049,1999,Medium,Tier 1,Supermarket Type1,6927.4316,4.54,2022-07-30
FDS56,,Low Fat ,0.043421,Baking Goods,OUT049,1999,Medium,Tier 1,Supermarket Type1,1010.2048,4.5,2023-05-18
FDE58,,Regular,0.049146,Dairy,OUT049,1999,Medium,Tier 1,Supermarket Type1,1562.5227,3.6,2022-06-17
DRC25,21.121,LF,0.055364,Soft Drinks,OUT035,2004,Small,Tier 2,Supermarket Type1,925.8628,3.7,2022-07-31
FDF57,19.891,Regular,0.042317,Fruits and Vegetables,OUT017,2007,,Tier 2,Supermarket Type1,5751.6893,4.5,2023-07-18
NCV49,14.347,Low Fat ,0.044939,Household,OUT013,1987,High,Tier 3,Supermarket Type1,4182.4992,4.193,2023-03-17
DRU56,,low fat,0.044138,Soft Drinks,OUT046,1997,Small,Tier 1,Supermarket Type1,1502.4223,4.0,2023-01-15
FDA31,5.689,Regular,0.043163,Dairy,OUT035,2004,Small,Tier 2,Supermarket Type1,2093.929,3.9,2022-05-18
DRC54,,Low Fat,0.050068,Hard Drinks,OUT046,1997,Small,Tier 1,Supermarket Type1,652.0052,4.2,2023-02-09
FDV45,5.5,Regular,0.036797,Snack Foods,OUT035,2004,Small,Tier 2,Supermarket Type1,5318.8492,4.2,2022-10-05
FDN16,15.648,reg,0.07125,Dairy,OUT010,1998,,Tier 3,Grocery Store,3221.0113,4.3,2022-03-12
FDD44,8.69,reg,0.07102,Meat,OUT017,2007,,Tier 2,Supermarket Type1,7603.4079,4.2,2023-01-03
FDP13,9.114,LF,0.064528,Baking Goods,OUT017,2007,,Tier 2,Supermarket Type1,792.8138,4.2,2023-03-02
FDJ16,5.715,Low Fat ,0.073882,Fruits and Vegetables,OUT013,1987,High,Tier 3,Supermarket Type1,3194.0804,4.3,2022-02-14
NCW32,9.188,LF,0.046109,Health and Hygiene,OUT049,1999,Medium,Tier 1,Supermarket Type1,2143.3181,4.113,2022-09-18
NCV55,15.451,Low Fat,0.055141,Household,OUT046,1997,Small,Tier 1,Supermarket Type1,3215.209,3.3,2022-11-08
NCC34,4.652,LF,0.025781,Health and Hygiene,OUT010,1998,,Tier 3,Grocery Store,3785.0341,4.3,2023-10-29
FDM49,11.914,low fat,0.0,Fruits and Vegetables,OUT046,1997,Small,Tier 1,Supermarket Type1,1143.0909,4.2,2023-02-23
DRM48,5.751,LF,0.043416,Soft Drinks,OUT013,1987,High,Tier 3,Supermarket Type1,1967.3922,3.3,2022-03-11
FDA17,8.303,Regular,0.076093,Frozen Foods,OUT035,2004,Small,Tier 2,Supermarket Type1,2445.2902,3.4,2022-12-02
FDP53,5.453,Regular,0.026384,Snack Foods,OUT018,2009,Medium,Tier 3,Supermarket Type2,2875.1018,4.2,2023-08-09
NCC29,8.081,LF,0.0,Household,OUT046,1997,Small,Tier 1,Supermarket Type1,2256.994,3.5,2023-10-17
FDR20,13.437,low fat,0.085488,Frozen Foods,OUT010,1998,,Tier 3,Grocery Store,1804.0719,4.1,2022-10-11
FDS33,13.86,LF,0.03481,Snack Foods,OUT018,2009,Medium,Tier 3,Supermarket Type2,1820.8484,3.8,2023-06-10
NCQ44,8.704,Low Fat,0.076356,Health and Hygiene,OUT045,2002,,Tier 2,Supermarket Type1,1268.0055,3.8,2022-02-03
NCA51,,Low Fat,0.050006,Health and Hygiene,OUT013,1987,High,Tier 3,Supermarket Type1,3218.7735,4.126,2022-08-04
FDP47,,reg,0.03851,Fruits and Vegetables,OUT049,1999,Medium,Tier 1,Supermarket Type1,4351.0177,4.1,2023-05-24
FDQ17,15.182,reg,0.050891,Dairy,OUT035,2004,Small,Tier 2,Supermarket Type1,2161.523,4.8,2023-06-16
FDA56,18.497,Low Fat ,0.07125,Snack Foods,OUT035,2004,Small,Tier 2,Supermarket Type1,1804.5839,4.4,2023-01-25
FDD17,18.35,Regular,0.050363,Breakfast,OUT017,2007,,Tier 2,Supermarket Type1,1739.0429,3.7,2023-07-19
DRH24,12.593,low fat,0.088069,Soft Drinks,OUT018,2009,Medium,Tier 3,Supermarket Type2,1625.4392,4.2,2023-08-25
FDR10,20.918,low fat,0.061361,Baking Goods,OUT035,2004,Small,Tier 2,Supermarket Type1,2418.0783,3.9,2023-09-27
DRB53,4.636,Low Fat,0.095174,Soft Drinks,OUT027,1985,Medium,Tier 3,Supermarket Type3,5079.1716,4.4,2022-09-04
FDP58,16.822,Low Fat ,0.026468,Fruits and Vegetables,OUT017,2007,,Tier 2,Supermarket Type1,1274.5837,4.4,2022-08-07
FDX21,13.66,Low Fat,0.023753,Dairy,OUT010,1998,,Tier 3,Grocery Store,1991.6786,4.6,2023-06-01
FDB37,,Regular,0.027716,Snack Foods,OUT046,1997,Small,Tier 1,Supermarket Type1,4080.6618,3.8,2022-04-17
NCH29,8.102,LF,0.128675,Others,OUT035,2004,Small,Tier 2,Supermarket Type1,404.3607,3.9,2022-04-21
DRF12,12.238,low fat,0.037345,Soft Drinks,OUT045,2002,,Tier 2,Supermarket Type1,4122.9971,4.1,2023-10-29
FDG17,16.541,Low Fat ,0.033478,Fruits and Vegetables,OUT046,1997,Small,Tier 1,Supermarket Type1,5312.1081,4.2,2023-10-21
FDH35,14.462,Low Fat ,0.021379,Dairy,OUT018,2009,Medium,Tier 3,Supermarket Type2,3571.1297,4.5,2022-04-28
FDC40,, Regular,0.055805,Dairy,OUT019,1985,Small,Tier 1,Grocery Store,2605.6154,4.0,2023-10-14
NCD37,14.013,Low Fat ,0.019299,Health and Hygiene,OUT017,2007,,Tier 2,Supermarket Type1,1359.4536,3.7,2022-12-28
DRJ30,9.615, Regular,0.05393,Hard Drinks,OUT035,2004,Small,Tier 2,Supermarket Type1,6280.9394,4.1,2022-08-24
FDF11,,Low Fat,0.0,Fruits and Vegetables,OUT010,1998,,Tier 3,Grocery Store,1255.4086,4.1,2023-09-25
FDF35,18.693,low fat,0.041002,Canned,OUT046,1997,Small,Tier 1,Supermarket Type1,1742.2968,3.9,2022-10-11
FDQ19,12.139,Low Fat,0.078352,Breads,OUT019,1985,Small,Tier 1,Grocery Store,396.2103,4.2,2022-08-22
FDG55,,LF,0.075935,Snack Foods,OUT017,2007,,Tier 2,Supermarket Type1,3984.1165,4.2,2023-02-11
FDG21,,Low Fat ,0.055636,Dairy,OUT010,1998,,Tier 3,Grocery Store,452.9431,4.2,2023-04-12
NCH10,8.972,Low Fat ,0.0,Health and Hygiene,OUT049,1999,Medium,Tier 1,Supermarket Type1,2879.7108,4.7,2022-02-17
FDP38,12.339,Regular,0.029761,Dairy,OUT049,1999,Medium,Tier 1,Supermarket Type1,1049.6805,4.4,2023-06-05
NCB51,7.71,low fat,0.02053,Household,OUT017,2007,,Tier 2,Supermarket Type1,3657.4518,4.4,2022-10-01
FDY45,18.592,Low Fat,0.037003,Meat,OUT046,1997,Small,Tier 1,Supermarket Type1,1024.7184,4.6,2022-10-22
FDS28,16.939,LF,0.035283,Meat,OUT019,1985,Small,Tier 1,Grocery Store,413.1838,4.3,2022-09-01
FDV47,6.823,Low Fat ,0.059861,Frozen Foods,OUT013,1987,High,Tier 3,Supermarket Type1,5893.7285,3.7,2023-03-24
NCC29,8.081,Low Fat,0.067363,Household,OUT049,1999,Medium,Tier 1,Supermarket Type1,2096.2689,4.3,2022-05-02
FDA19,,Regular,0.033029,Frozen Foods,OUT045,2002,,Tier 2,Supermarket Type1,1653.9695,3.9,2022-11-18
NCW15,,LF,0.075673,Health and Hygiene,OUT049,1999,Medium,Tier 1,Supermarket Type1,2312.8032,3.4,2022-08-03
FDU17,8.352,reg,0.075722,Frozen Foods,OUT046,1997,Small,Tier 1,Supermarket Type1,1477.8508,3.6,2023-03-08
FDK16,10.281,Low Fat,0.032312,Fruits and Vegetables,OUT017,2007,,Tier 2,Supermarket Type1,1846.0803,4.081,2023-05-06
FDE55,20.763,LF,0.031831,Snack Foods,OUT049,1999,Medium,Tier 1,Supermarket Type1,3433.6159,4.3,2023-08-24
NCM35,7.075,low fat,0.050847,Household,OUT017,2007,,Tier 2,Supermarket Type1,9188.6926,3.5,2023-10-07
FDB15,,reg,0.041858,Snack Foods,OUT049,1999,Medium,Tier 1,Supermarket Type1,1491.4941,4.214,2022-12-22
FDH27,17.26,low fat,0.280527,Snack Foods,OUT018,2009,Medium,Tier 3,Supermarket Type2,5512.943,4.336,2023-01-13
FDA24,13.219,Low Fat ,0.043409,Fruits and Vegetables,OUT018,2009,Medium,Tier 3,Supermarket Type2,8942.7782,4.1,2023-10-28
NCF31,10.84,low fat,0.044204,Household,OUT018,2009,Medium,Tier 3,Supermarket Type2,2645.6993,3.5,2023-04-09
DRE22,18.87,low fat,0.027019,Soft Drinks,OUT045,2002,,Tier 2,Supermarket Type1,1562.1712,3.6,2022-11-09
FDG23,,low fat,0.104623,Snack Foods,OUT035,2004,Small,Tier 2,Supermarket Type1,1626.3602,4.4,2022-12-31
DRE44,12.888,LF,0.051958,Soft Drinks,OUT049,1999,Medium,Tier 1,Supermarket Type1,1492.5551,3.7,2022-09-21
FDS56,,Low Fat,0.124083,Baking Goods,OUT035,2004,Small,Tier 2,Supermarket Type1,703.3658,3.7,2023-07-08
FDC12,5.301,LF,0.034021,Dairy,OUT018,2009,Medium,Tier 3,Supermarket Type2,3508.8189,4.2,2023-05-26
FDB42,5.566,Regular,0.018791,Frozen Foods,OUT049,1999,Medium,Tier 1,Supermarket Type1,3981.2636,3.9,2022-11-20
NCQ15,10.993,low fat,0.044606,Health and Hygiene,OUT017,2007,,Tier 2,Supermarket Type1,3139.2906,4.523,2023-08-18
FDR35,19.752,reg,0.039827,Fruits and Vegetables,OUT045,2002,,Tier 2,Supermarket Type1,2315.9,4.0,2022-07-01
FDJ36,19.241,Low Fat,0.187698,Baking Goods,OUT035,2004,Small,Tier 2,Supermarket Type1,1386.7463,3.7,2022-04-29
NCQ10,8.997,low fat,0.044103,Others,OUT049,1999,Medium,Tier 1,Supermarket Type1,1877.2067,4.3,2022-04-28
FDJ22,, Regular,0.068252,Meat,OUT049,1999,Medium,Tier 1,Supermarket Type1,4949.3628,4.297,2023-02-22
NCF22,10.804,Low Fat ,0.067737,Health and Hygiene,OUT010,1998,,Tier 3,Grocery Store,1006.361,3.7,2022-09-11
FDC30,10.684,Regular,0.058863,Dairy,OUT013,1987,High,Tier 3,Supermarket Type1,2526.892,4.1,2023-09-19
DRM59,6.384,Low Fat ,0.055754,Soft Drinks,OUT018,2009,Medium,Tier 3,Supermarket Type2,2852.7103,4.1,2022-11-12
NCX13,17.755,LF,0.169145,Household,OUT017,2007,,Tier 2,Supermarket Type1,3466.1682,4.1,2023-11-19
FDG12,7.121,Low Fat,0.0,Meat,OUT013,1987,High,Tier 3,Supermarket Type1,1955.5368,4.0,2022-06-10
NCG32,18.976,low fat,0.074026,Health and Hygiene,OUT045,2002,,Tier 2,Supermarket Type1,4393.0526,4.2,2023-11-11
NCU31,10.33,low fat,0.037848,Others,OUT013,1987,High,Tier 3,Supermarket Type1,1391.9789,3.9,2022-04-29
FDK12,4.771,low fat,0.0,Fruits and Vegetables,OUT018,2009,Medium,Tier 3,Supermarket Type2,8614.8378,3.9,2023-07-01
FDV32,, Regular,0.058439,Meat,OUT049,1999,Medium,Tier 1,Supermarket Type1,3168.1387,4.4,2022-02-09
FDA20,5.554,low fat,0.017603,Fruits and Vegetables,OUT045,2002,,Tier 2,Supermarket Type1,2555.4726,4.3,2022-02-14
FDB51,15.714,Regular,0.043841,Fruits and Vegetables,OUT019,1985,Small,Tier 1,Grocery Store,650.8748,4.2,2022-10-25
NCG12,15.375,low fat,0.035107,Health and Hygiene,OUT013,1987,High,Tier 3,Supermarket Type1,1595.1586,3.9,2023-10-18
NCG12,15.375,low fat,0.027614,Health and Hygiene,OUT017,2007,,Tier 2,Supermarket Type1,1536.4802,4.0,2023-05-30
FDN26,13.151,low fat,0.0,Fruits and Vegetables,OUT013,1987,High,Tier 3,Supermarket Type1,13086.9648,4.1,2023-02-19
FDX10,,Regular,0.033689,Meat,OUT013,1987,High,Tier 3,Supermarket Type1,2755.9386,4.0,2022-12-02
FDM17,, Regular,0.051659,Fruits and Vegetables,OUT010,1998,,Tier 3,Grocery Store,982.1522,3.9,2022-01-22
DRB12,6.889,Low Fat ,0.058055,Soft Drinks,OUT017,2007,,Tier 2,Supermarket Type1,3269.3648,4.6,2022-06-08
FDG33,,reg,0.035235,Seafood,OUT049,1999,Medium,Tier 1,Supermarket Type1,642.1077,4.7,2023-01-20
NCJ28,9.833,low fat,0.006759,Health and Hygiene,OUT035,2004,Small,Tier 2,Supermarket Type1,969.0836,4.1,2023-01-15
FDN40,18.543,Regular,0.024909,Canned,OUT017,2007,,Tier 2,Supermarket Type1,3926.2856,4.3,2023-05-06
DRW34,15.552,Regular,0.020064,Soft Drinks,OUT018,2009,Medium,Tier 3,Supermarket Type2,3673.5049,4.6,2022-01-29
FDN23,11.034,Low Fat,0.070326,Fruits and Vegetables,OUT046,1997,Small,Tier 1,Supermarket Type1,1307.7803,4.7,2022-01-03
NCQ10,8.997,Low Fat,0.06028,Others,OUT013,1987,High,Tier 3,Supermarket Type1,6613.6322,3.8,2023-07-31
DRW13,11.732,reg,0.023445,Soft Drinks,OUT049,1999,Medium,Tier 1,Supermarket Type1,1189.9563,3.5,2023-05-25
FDG13,7.757,LF,0.041041,Baking Goods,OUT046,1997,Small,Tier 1,Supermarket Type1,5318.9418,4.4,2022-05-28
FDE59,,low fat,0.01796,Seafood,OUT046,1997,Small,Tier 1,Supermarket Type1,1170.7965,3.7,2022-08-08
FDB11,5.528,Low Fat,0.109418,Snack Foods,OUT046,1997,Small,Tier 1,Supermarket Type1,597.0836,4.3,2022-06-19
FDR39,20.556,Low Fat ,0.030959,Meat,OUT013,1987,High,Tier 3,Supermarket Type1,668.1693,3.5,2022-09-22
FDK22,11.029,reg,0.099293,Baking Goods,OUT013,1987,High,Tier 3,Supermarket Type1,7266.7813,4.5,2022-01-16
DRF57,9.904, Regular,0.035573,Soft Drinks,OUT027,1985,Medium,Tier 3,Supermarket Type3,9509.9377,3.6,2023-07-05
DRW51,11.078,LF,0.029981,Hard Drinks,OUT018,2009,Medium,Tier 3,Supermarket Type2,7499.4686,3.9,2022-11-07
FDJ24,21.146,LF,0.052621,Frozen Foods,OUT010,1998,,Tier 3,Grocery Store,623.107,4.5,2022-03-15
NCR18,19.109,Low Fat,0.019778,Household,OUT049,1999,Medium,Tier 1,Supermarket Type1,3958.4141,4.137,2023-04-26
NCJ23,9.852,Low Fat,0.145036,Health and Hygiene,OUT018,2009,Medium,Tier 3,Supermarket Type2,4029.1729,4.7,2022-10-22
FDH21,16.939,low fat,0.025473,Dairy,OUT035,2004,Small,Tier 2,Supermarket Type1,1638.6923,4.1,2022-12-03
NCJ20,,LF,0.093552,Others,OUT018,2009,Medium,Tier 3,Supermarket Type2,3697.8578,3.576,2023-01-10
NCG25,,Low Fat,0.031417,Health and Hygiene,OUT035,2004,Small,Tier 2,Supermarket Type1,2978.0127,4.0,2023-04-07
FDE41,14.773,Low Fat ,0.011672,Frozen Foods,OUT013,1987,High,Tier 3,Supermarket Type1,2310.8496,4.2,2023-09-23
FDJ37,,Low Fat,0.049562,Canned,OUT018,2009,Medium,Tier 3,Supermarket Type2,1485.5117,3.9,2022-09-18
FDG45,11.153,Regular,0.041663,Snack Foods,OUT017,2007,,Tier 2,Supermarket Type1,4742.1898,4.1,2023-05-13
FDR34,,low fat,0.076056,Seafood,OUT046,1997,Small,Tier 1,Supermarket Type1,2756.8762,3.8,2023-11-10
FDX33,17.218,Low Fat,0.017548,Breads,OUT027,1985,Medium,Tier 3,Supermarket Type3,1805.2765,4.134,2022-04-22
FDS22,10.789, Regular,0.018265,Frozen Foods,OUT046,1997,Small,Tier 1,Supermarket Type1,3516.7105,3.7,2023-01-12
FDP56,8.522,Regular,0.030042,Frozen Foods,OUT017,2007,,Tier 2,Supermarket Type1,2578.5636,4.0,2022-08-02
NCD54,,low fat,0.038502,Household,OUT017,2007,,Tier 2,Supermarket Type1,2548.1511,4.0,2023-09-13
FDG36,8.704,low fat,0.099228,Dairy,OUT017,2007,,Tier 2,Supermarket Type1,1402.5018,4.0,2022-08-29
FDM40,12.304,LF,0.038845,Snack Foods,OUT027,1985,Medium,Tier 3,Supermarket Type3,10016.5816,4.095,2022-11-13
FDR50,9.777,reg,0.099023,Meat,OUT027,1985,Medium,Tier 3,Supermarket Type3,2661.1427,4.4,2022-05-30
FDV27,,reg,0.078408,Fruits and Vegetables,OUT019,1985,Small,Tier 1,Grocery Store,1041.9207,4.009,2022-04-22
FDU35,10.736,Low Fat,0.056508,Seafood,OUT049,1999,Medium,Tier 1,Supermarket Type1,3614.3181,4.2,2022-06-22
FDP45,20.593,LF,0.094145,Meat,OUT013,1987,High,Tier 3,Supermarket Type1,1609.4829,3.8,2023-02-09
NCF58,,Low Fat ,0.057984,Household,OUT027,1985,Medium,Tier 3,Supermarket Type3,5988.963,3.9,2022-04-09
DRR24,14.444,reg,0.191931,Hard Drinks,OUT046,1997,Small,Tier 1,Supermarket Type1,980.9108,3.939,2023-07-09
FDQ36,,Low Fat ,0.059115,Snack Foods,OUT010,1998,,Tier 3,Grocery Store,708.9952,4.0,2022-01-29
FDB29,6.533,LF,0.034868,Baking Goods,OUT035,2004,Small,Tier 2,Supermarket Type1,3013.2191,3.9,2023-12-03
FDH21,,low fat,0.022789,Dairy,OUT017,2007,,Tier 2,Supermarket Type1,1312.686,4.5,2023-01-17
FDR12,,reg,0.052238,Snack Foods,OUT018,2009,Medium,Tier 3,Supermarket Type2,3925.1547,4.4,2023-01-04
FDW21,6.03,Regular,0.095037,Snack Foods,OUT018,2009,Medium,Tier 3,Supermarket Type2,4920.8699,4.1,2023-10-09
FDN25,11.875,Low Fat,0.091847,Fruits and Vegetables,OUT017,2007,,Tier 2,Supermarket Type1,2347.907,3.6,2022-11-26
FDD45,18.262,reg,0.047655,Fruits and Vegetables,OUT045,2002,,Tier 2,Supermarket Type1,5851.9404,3.57,2023-04-21
DRK43,,Low Fat,0.0781,Soft Drinks,OUT046,1997,Small,Tier 1,Supermarket Type1,542.9262,4.5,2022-07-04
NCN40,11.603,LF,0.112145,Household,OUT013,1987,High,Tier 3,Supermarket Type1,3158.5987,4.2,2022-11-19
FDX48,11.016,Low Fat,0.019569,Dairy,OUT010,1998,,Tier 3,Grocery Store,1182.4986,3.3,2022-09-18
FDU36,,Low Fat,0.039471,Canned,OUT018,2009,Medium,Tier 3,Supermarket Type2,2727.7471,4.366,2023-12-28
FDA17,8.303, Regular,0.139928,Frozen Foods,OUT046,1997,Small,Tier 1,Supermarket Type1,1306.9203,3.7,2023-10-23
FDY28,5.497,reg,0.05519,Meat,OUT035,2004,Small,Tier 2,Supermarket Type1,2705.8151,4.7,2022-10-06
FDP40,9.659,Low Fat ,0.014875,Baking Goods,OUT019,1985,Small,Tier 1,Grocery Store,1122.1091,3.5,2023-12-08
FDE25,17.088, Regular,0.038547,Dairy,OUT049,1999,Medium,Tier 1,Supermarket Type1,1282.7942,4.3,2022-05-13
FDF22,6.651,Regular,0.152359,Snack Foods,OUT027,1985,Medium,Tier 3,Supermarket Type3,11833.9966,4.2,2023-05-12
FDV42,,Regular,0.0,Canned,OUT045,2002,,Tier 2,Supermarket Type1,7141.733,4.1,2022-09-13
NCW50,8.005,low fat,0.124377,Others,OUT010,1998,,Tier 3,Grocery Store,851.863,3.4,2022-03-08
FDP33,12.585,LF,0.073676,Fruits and Vegetables,OUT049,1999,Medium,Tier 1,Supermarket Type1,1260.756,4.1,2023-04-12
FDA32,16.316,reg,0.043966,Frozen Foods,OUT046,1997,Small,Tier 1,Supermarket Type1,758.6913,3.6,2023-03-29
FDK22,11.029,reg,0.019023,Baking Goods,OUT035,2004,Small,Tier 2,Supermarket Type1,5067.9961,3.661,2023-10-01
FDK13,,Low Fat,0.060207,Fruits and Vegetables,OUT017,2007,,Tier 2,Supermarket Type1,4702.5008,3.8,2023-09-26
FDJ38,10.352,reg,0.033348,Breakfast,OUT046,1997,Small,Tier 1,Supermarket Type1,3413.8464,4.1,2023-01-08
FDU55,20.9,LF,0.025567,Baking Goods,OUT045,2002,,Tier 2,Supermarket Type1,387.7645,3.6,2022-03-07
FDF26,8.315,Low Fat,0.032207,Fruits and Vegetables,OUT035,2004,Small,Tier 2,Supermarket Type1,3824.5198,4.8,2022-04-14
FDV16,13.45,Low Fat ,0.110111,Meat,OUT046,1997,Small,Tier 1,Supermarket Type1,4177.6415,4.5,2022-03-15
DRM49,9.865,Low Fat ,0.046467,Soft Drinks,OUT017,2007,,Tier 2,Supermarket Type1,733.447,3.7,2023-04-06
FDG20,,low fat,0.026752,Snack Foods,OUT018,2009,Medium,Tier 3,Supermarket Type2,1127.8749,4.2,2023-04-12
FDM32,5.073,reg,0.018346,Seafood,OUT046,1997,Small,Tier 1,Supermarket Type1,4388.8561,3.8,2023-10-01
FDD10,11.826,Low Fat ,0.017341,Canned,OUT035,2004,Small,Tier 2,Supermarket Type1,3374.4599,4.0,2022-05-25
NCW31,8.359,low fat,0.04297,Health and Hygiene,OUT018,2009,Medium,Tier 3,Supermarket Type2,1343.7316,3.5,2023-11-08
FDK33,19.379,LF,0.03749,Meat,OUT013,1987,High,Tier 3,Supermarket Type1,2201.0234,3.8,2023-01-05
FDB48,,reg,0.083055,Breakfast,OUT049,1999,Medium,Tier 1,Supermarket Type1,3723.5446,4.2,2023-05-14
FDQ46,6.202,Low Fat ,0.031621,Baking Goods,OUT045,2002,,Tier 2,Supermarket Type1,833.0305,3.0,2023-02-28
FDA21,16.765,Low Fat,0.058546,Fruits and Vegetables,OUT049,1999,Medium,Tier 1,Supermarket Type1,5847.2023,4.2,2022-08-01
FDF23,15.076,Low Fat,0.092306,Breakfast,OUT049,1999,Medium,Tier 1,Supermarket Type1,1294.5939,4.1,2023-02-26
FDD24,6.241,reg,0.136803,Canned,OUT010,1998,,Tier 3,Grocery Store,268.7291,3.4,2022-11-26
FDN21,4.8,Regular,0.029248,Meat,OUT035,2004,Small,Tier 2,Supermarket Type1,2844.644,3.9,2022-01-14
DRA10,18.175,Low Fat,0.216956,Soft Drinks,OUT027,1985,Medium,Tier 3,Supermarket Type3,4393.9894,4.0,2022-05-31
FDK12,4.771,LF,0.123316,Fruits and Vegetables,OUT046,1997,Small,Tier 1,Supermarket Type1,5942.7165,3.9,2023-09-13
FDR51,16.122,LF,0.044057,Baking Goods,OUT017,2007,,Tier 2,Supermarket Type1,1448.0657,3.9,2022-09-18
FDY31,,LF,0.032462,Baking Goods,OUT017,2007,,Tier 2,Supermarket Type1,1077.9876,3.694,2022-03-04
FDE10,9.23,reg,0.074668,Snack Foods,OUT045,2002,,Tier 2,Supermarket Type1,3739.2605,4.3,2023-01-29
FDF55,,reg,0.026779,Dairy,OUT035,2004,Small,Tier 2,Supermarket Type1,1223.3229,3.4,2022-06-26
FDB12,21.066,Low Fat ,0.038925,Starchy Foods,OUT045,2002,,Tier 2,Supermarket Type1,2522.8552,3.7,2022-04-29
FDM18,18.796,Low Fat,0.055392,Meat,OUT018,2009,Medium,Tier 3,Supermarket Type2,5541.282,4.067,2022-06-09
FDC15,11.909,Regular,0.046408,Breads,OUT035,2004,Small,Tier 2,Supermarket Type1,2943.9479,4.5,2023-10-22
FDJ17,,Low Fat ,0.052677,Dairy,OUT013,1987,High,Tier 3,Supermarket Type1,4754.6749,4.4,2023-12-17
FDP23,11.716, Regular,0.035994,Snack Foods,OUT017,2007,,Tier 2,Supermarket Type1,1861.6661,4.176,2023-07-21
FDK44,,Low Fat,0.129623,Frozen Foods,OUT027,1985,Medium,Tier 3,Supermarket Type3,2637.339,4.2,2022-01-13
FDM14,7.793,low fat,0.051943,Fruits and Vegetables,OUT013,1987,High,Tier 3,Supermarket Type1,3754.15,3.8,2023-05-09
FDM24,8.58,Low Fat ,0.029397,Breads,OUT018,2009,Medium,Tier 3,Supermarket Type2,3243.0132,3.9,2022-10-29
NCR53,15.723,Low Fat,0.0514,Health and Hygiene,OUT045,2002,,Tier 2,Supermarket Type1,1084.6845,4.3,2023-03-01
FDJ59,12.917,low fat,0.0,Frozen Foods,OUT035,2004,Small,Tier 2,Supermarket Type1,1196.2911,3.9,2022-07-21
FDJ49,19.666,low fat,0.034616,Breads,OUT045,2002,,Tier 2,Supermarket Type1,2175.1859,3.4,2022-06-14
FDY11,18.738,LF,0.029826,Breads,OUT013,1987,High,Tier 3,Supermarket Type1,7565.6198,5.0,2023-08-20
NCJ28,9.833,LF,0.023719,Health and Hygiene,OUT027,1985,Medium,Tier 3,Supermarket Type3,1806.0288,3.823,2022-11-03
FDP45,20.593,low fat,0.103219,Meat,OUT045,2002,,Tier 2,Supermarket Type1,2011.1663,4.6,2023-03-07
DRN57,6.04,Low Fat ,0.079027,Soft Drinks,OUT013,1987,High,Tier 3,Supermarket Type1,1254.3377,3.7,2023-03-12
FDF41,6.557,Regular,0.017693,Fruits and Vegetables,OUT017,2007,,Tier 2,Supermarket Type1,1496.3882,3.9,2022-05-13
FDM33,,Low Fat ,0.064254,Baking Goods,OUT045,2002,,Tier 2,Supermarket Type1,5393.0968,3.7,2023-01-19
NCN41,5.875,LF,0.056289,Household,OUT046,1997,Small,Tier 1,Supermarket Type1,2182.861,3.6,2022-03-11
FDS12,, Regular,0.0,Breads,OUT019,1985,Small,Tier 1,Grocery Store,1829.423,4.0,2022-05-28
FDG29,,LF,0.058025,Snack Foods,OUT035,2004,Small,Tier 2,Supermarket Type1,2144.2533,3.803,2022-01-26
NCH53,10.593,LF,0.051466,Health and Hygiene,OUT035,2004,Small,Tier 2,Supermarket Type1,1400.5934,4.1,2023-05-15
FDW47,6.385, Regular,0.027967,Breads,OUT019,1985,Small,Tier 1,Grocery Store,607.1185,4.208,2022-10-26
FDR53,16.43,Low Fat,0.029011,Canned,OUT045,2002,,Tier 2,Supermarket Type1,2627.3649,4.16,2022-06-18
FDJ33,9.63,low fat,0.0,Canned,OUT049,1999,Medium,Tier 1,Supermarket Type1,2079.5966,3.7,2023-09-13
NCN55,,Low Fat ,0.068329,Others,OUT013,1987,High,Tier 3,Supermarket Type1,4166.5094,3.8,2022-01-09
FDV12,7.152,Regular,0.03907,Frozen Foods,OUT035,2004,Small,Tier 2,Supermarket Type1,1281.8879,3.6,2023-11-11
FDN18,14.091, Regular,0.030089,Baking Goods,OUT027,1985,Medium,Tier 3,Supermarket Type3,7056.8375,3.897,2022-02-22
NCR18,19.109,Low Fat,0.074267,Household,OUT035,2004,Small,Tier 2,Supermarket Type1,5219.5776,4.5,2022-02-19
FDA20,5.554,Low Fat ,0.053126,Fruits and Vegetables,OUT027,1985,Medium,Tier 3,Supermarket Type3,10006.5265,4.1,2022-04-07
FDH19,,Regular,0.015943,Breads,OUT027,1985,Medium,Tier 3,Supermarket Type3,1838.0926,3.835,2022-10-09
FDN40,18.543,Regular,0.020275,Canned,OUT027,1985,Medium,Tier 3,Supermarket Type3,6014.6301,3.9,2023-01-26
FDG20,15.219,low fat,0.025587,Snack Foods,OUT045,2002,,Tier 2,Supermarket Type1,9964.0695,3.6,2023-02-27
FDE37,4.89,reg,0.056616,Frozen Foods,OUT010,1998,,Tier 3,Grocery Store,1139.0596,3.9,2022-10-31
NCJ50,15.228,low fat,0.0,Health and Hygiene,OUT046,1997,Small,Tier 1,Supermarket Type1,1577.4209,3.9,2022-10-31
FDX58,,reg,0.137914,Starchy Foods,OUT013,1987,High,Tier 3,Supermarket Type1,5384.2862,3.6,2023-04-28
FDR35,19.752,reg,0.044937,Fruits and Vegetables,OUT018,2009,Medium,Tier 3,Supermarket Type2,1899.7722,3.889,2023-01-30
FDG12,,LF,0.033052,Meat,OUT035,2004,Small,Tier 2,Supermarket Type1,3939.3035,4.0,2022-10-25
FDN21,4.8,Regular,0.074074,Meat,OUT027,1985,Medium,Tier 3,Supermarket Type3,3956.5812,3.6,2023-03-16
FDM38,13.464,reg,0.050554,Starchy Foods,OUT046,1997,Small,Tier 1,Supermarket Type1,484.431,3.7,2023-01-04
FDU32,7.431,LF,0.052523,Fruits and Vegetables,OUT045,2002,,Tier 2,Supermarket Type1,8676.9921,4.415,2023-11-06
FDW51,15.542, Regular,0.043469,Baking Goods,OUT010,1998,,Tier 3,Grocery Store,1489.0745,4.3,2022-02-01
FDA59,10.043,Low Fat ,0.10556,Fruits and Vegetables,OUT045,2002,,Tier 2,Supermarket Type1,2955.5442,3.7,2022-01-02
NCS30,,LF,0.115587,Household,OUT035,2004,Small,Tier 2,Supermarket Type1,2155.9557,3.5,2023-05-30
FDD40,12.339,low fat,0.019809,Canned,OUT045,2002,,Tier 2,Supermarket Type1,1530.9242,3.4,2022-06-25
FDW36,9.086,Low Fat ,0.089463,Frozen Foods,OUT045,2002,,Tier 2,Supermarket Type1,706.7219,4.4,2022-06-02
FDD59,8.724, Regular,0.037162,Dairy,OUT027,1985,Medium,Tier 3,Supermarket Type3,2566.1189,4.1,2023-07-27
NCM35,7.075,low fat,0.08878,Household,OUT013,1987,High,Tier 3,Supermarket Type1,928.6036,3.7,2022-02-03
FDD11,17.401,LF,0.089932,Baking Goods,OUT035,2004,Small,Tier 2,Supermarket Type1,9383.5974,4.0,2022-01-02
FDS14,15.233,Low Fat,0.039316,Fruits and Vegetables,OUT017,2007,,Tier 2,Supermarket Type1,1266.9481,3.8,2022-08-08
NCK59,14.584,LF,0.014641,Health and Hygiene,OUT045,2002,,Tier 2,Supermarket Type1,2715.4671,3.9,2022-05-22
FDY53,13.553,Low Fat,0.063804,Frozen Foods,OUT018,2009,Medium,Tier 3,Supermarket Type2,1808.7922,3.9,2023-08-20
FDW36,9.086,Low Fat ,0.040708,Frozen Foods,OUT049,1999,Medium,Tier 1,Supermarket Type1,2668.1221,3.9,2023-11-13
FDK59,12.562,low fat,0.040178,Starchy Foods,OUT013,1987,High,Tier 3,Supermarket Type1,2309.0476,4.033,2023-09-09
FDA52,6.13,Regular,0.05544,Canned,OUT046,1997,Small,Tier 1,Supermarket Type1,3595.66,3.8,2022-01-26
FDS10,16.316,Low Fat,0.047873,Fruits and Vegetables,OUT035,2004,Small,Tier 2,Supermarket Type1,4133.5197,3.8,2022-12-10
FDQ25,,Low Fat ,0.055281,Baking Goods,OUT046,1997,Small,Tier 1,Supermarket Type1,1682.5866,4.071,2022-10-21
FDQ17,15.182,Regular,0.0,Dairy,OUT045,2002,,Tier 2,Supermarket Type1,3072.8101,4.2,2023-09-05
DRQ43,,reg,0.039982,Hard Drinks,OUT049,1999,Medium,Tier 1,Supermarket Type1,899.8172,3.7,2022-07-22
FDC12,5.301,Low Fat,0.093433,Dairy,OUT019,1985,Small,Tier 1,Grocery Store,1306.28,4.9,2023-02-14
NCM27,11.83,LF,0.0,Health and Hygiene,OUT035,2004,Small,Tier 2,Supermarket Type1,831.2448,3.8,2023-01-16
NCN44,15.433,low fat,0.016524,Health and Hygiene,OUT017,2007,,Tier 2,Supermarket Type1,3812.1716,4.3,2022-12-17
FDX51,,reg,0.021426,Frozen Foods,OUT027,1985,Medium,Tier 3,Supermarket Type3,5351.9047,4.5,2023-03-04
FDM10,7.376,LF,0.060185,Canned,OUT018,2009,Medium,Tier 3,Supermarket Type2,9133.7467,3.2,2022-06-11
FDH52,19.207,LF,0.097729,Baking Goods,OUT035,2004,Small,Tier 2,Supermarket Type1,3353.5175,4.3,2022-11-26
DRJ46,15.739,Low Fat ,0.022493,Soft Drinks,OUT013,1987,High,Tier 3,Supermarket Type1,1878.8169,4.4,2023-08-01
FDC28,18.384,Low Fat,0.065613,Frozen Foods,OUT046,1997,Small,Tier 1,Supermarket Type1,3582.5278,4.1,2023-02-07
FDU19,,reg,0.0,Baking Goods,OUT017,2007,,Tier 2,Supermarket Type1,912.6022,4.0,2023-10-05
NCY22,7.705,Low Fat ,0.060195,Household,OUT010,1998,,Tier 3,Grocery Store,1340.56,4.6,2022-07-18
FDJ44,10.233,Low Fat ,0.028699,Snack Foods,OUT018,2009,Medium,Tier 3,Supermarket Type2,7420.217,4.5,2022-03-07
FDU52,10.244,Low Fat,0.042294,Frozen Foods,OUT010,1998,,Tier 3,Grocery Store,3091.7677,4.5,2023-05-27
FDY17,9.351,low fat,0.070541,Dairy,OUT017,2007,,Tier 2,Supermarket Type1,1810.304,4.662,2023-10-23
NCG32,18.976,low fat,0.043019,Health and Hygiene,OUT013,1987,High,Tier 3,Supermarket Type1,5833.4949,4.9,2023-12-23
DRC23,5.584,Regular,0.069268,Soft Drinks,OUT017,2007,,Tier 2,Supermarket Type1,3276.6216,4.0,2022-11-13
FDC54,,Low Fat ,0.092318,Starchy Foods,OUT018,2009,Medium,Tier 3,Supermarket Type2,4872.9089,4.1,2022-09-15
NCN18,,Low Fat,0.055616,Household,OUT049,1999,Medium,Tier 1,Supermarket Type1,1344.1984,3.5,2022-06-16
FDM57,7.542,Low Fat,0.036805,Baking Goods,OUT049,1999,Medium,Tier 1,Supermarket Type1,4202.7105,4.3,2023-03-18
FDH24,5.563,reg,0.0,Baking Goods,OUT010,1998,,Tier 3,Grocery Store,1871.5295,3.6,2023-10-10
FDK50,12.18,LF,0.01267,Baking Goods,OUT027,1985,Medium,Tier 3,Supermarket Type3,1766.2272,3.8,2022-05-18
NCA37,20.692,Low Fat,0.053062,Household,OUT010,1998,,Tier 3,Grocery Store,822.0321,3.4,2023-10-24
FDY48,11.794,Low Fat ,0.124405,Fruits and Vegetables,OUT018,2009,Medium,Tier 3,Supermarket Type2,5240.8915,3.723,2022-10-09
FDH38,13.559, Regular,0.121455,Snack Foods,OUT018,2009,Medium,Tier 3,Supermarket Type2,3719.535,4.2,2023-10-28
FDG24,20.741,reg,0.221787,Frozen Foods,OUT013,1987,High,Tier 3,Supermarket Type1,4157.039,4.0,2022-11-20
FDF12,19.954,LF,0.083142,Baking Goods,OUT049,1999,Medium,Tier 1,Supermarket Type1,1318.5926,4.2,2023-01-11
FDN40,18.543, Regular,0.022428,Canned,OUT013,1987,High,Tier 3,Supermarket Type1,946.2529,3.9,2023-10-05
FDP38,12.339,Regular,0.055391,Dairy,OUT017,2007,,Tier 2,Supermarket Type1,1287.0347,4.4,2023-06-29
FDP18,19.939,Regular,0.067628,Fruits and Vegetables,OUT046,1997,Small,Tier 1,Supermarket Type1,2530.1109,4.4,2023-03-27
FDH26,10.128,low fat,0.109254,Frozen Foods,OUT045,2002,,Tier 2,Supermarket Type1,3545.782,3.7,2022-08-04
FDG36,,Low Fat,0.03541,Dairy,OUT049,1999,Medium,Tier 1,Supermarket Type1,3370.8058,3.9,2022-12-06
FDP39,7.657,LF,0.025901,Fruits and Vegetables,OUT045,2002,,Tier 2,Supermarket Type1,2685.7866,3.9,2022-07-04
FDV33,8.335,Regular,0.118638,Dairy,OUT010,1998,,Tier 3,Grocery Store,474.5853,4.1,2023-08-31
FDE29,5.379,low fat,0.056164,Meat,OUT045,2002,,Tier 2,Supermarket Type1,2615.8946,4.5,2023-02-05
FDH29,,Regular,0.119087,Baking Goods,OUT018,2009,Medium,Tier 3,Supermarket Type2,5306.5951,4.1,2022-04-06
FDF13,5.222,Low Fat ,0.06736,Canned,OUT049,1999,Medium,Tier 1,Supermarket Type1,1664.0456,3.9,2023-12-28
FDU19,9.122,reg,0.069962,Baking Goods,OUT013,1987,High,Tier 3,Supermarket Type1,2143.6892,4.2,2023-04-17
FDD42,12.364,Low Fat ,0.018987,Meat,OUT013,1987,High,Tier 3,Supermarket Type1,1930.189,4.277,2022-04-24
FDY17,9.351,Low Fat,0.050958,Dairy,OUT049,1999,Medium,Tier 1,Supermarket Type1,2631.0471,4.4,2023-07-21
FDW36,9.086,low fat,0.042008,Frozen Foods,OUT013,1987,High,Tier 3,Supermarket Type1,2145.7742,3.7,2022-04-15
FDS52,9.787,low fat,0.017293,Baking Goods,OUT018,2009,Medium,Tier 3,Supermarket Type2,1369.1962,3.7,2022-03-26
FDA47,5.41,Regular,0.033017,Snack Foods,OUT017,2007,,Tier 2,Supermarket Type1,2178.3215,4.3,2023-03-15
FDE17,,Low Fat,0.02325,Dairy,OUT017,2007,,Tier 2,Supermarket Type1,1948.9192,4.6,2022-04-03
FDM41,20.307,reg,0.039035,Canned,OUT046,1997,Small,Tier 1,Supermarket Type1,3724.3211,3.6,2022-09-02
FDQ23,11.436,Low Fat,0.028877,Breads,OUT035,2004,Small,Tier 2,Supermarket Type1,2654.5066,3.9,2022-04-29
FDD55,9.653,Regular,0.030097,Breads,OUT018,2009,Medium,Tier 3,Supermarket Type2,706.4954,3.7,2023-03-04
NCA33,7.735,LF,0.0,Health and Hygiene,OUT010,1998,,Tier 3,Grocery Store,1132.0955,3.8,2023-05-19
FDQ29,15.199,Low Fat ,0.118617,Snack Foods,OUT018,2009,Medium,Tier 3,Supermarket Type2,5899.5694,4.3,2022-10-04
FDG19,14.248,LF,0.022467,Snack Foods,OUT018,2009,Medium,Tier 3,Supermarket Type2,3967.0357,4.201,2022-05-24
NCH53,10.593,low fat,0.169516,Health and Hygiene,OUT046,1997,Small,Tier 1,Supermarket Type1,1928.6201,4.0,2023-10-11
FDG11,13.626, Regular,0.021222,Fruits and Vegetables,OUT027,1985,Medium,Tier 3,Supermarket Type3,7632.6698,4.4,2022-10-24
FDC38,12.14,LF,0.0,Snack Foods,OUT046,1997,Small,Tier 1,Supermarket Type1,943.4113,3.692,2022-03-21
FDY42,12.403,reg,0.036751,Fruits and Vegetables,OUT019,1985,Small,Tier 1,Grocery Store,3273.7807,4.2,2022-02-27
FDN46,,Low Fat,0.036629,Frozen Foods,OUT049,1999,Medium,Tier 1,Supermarket Type1,605.3683,3.4,2022-08-25
DRU50,,Low Fat,0.016914,Soft Drinks,OUT019,1985,Small,Tier 1,Grocery Store,2430.0105,3.6,2023-02-23
FDA58,12.812,low fat,0.0,Snack Foods,OUT017,2007,,Tier 2,Supermarket Type1,1139.8961,4.6,2023-11-25
FDS51,5.332,LF,0.064429,Frozen Foods,OUT013,1987,High,Tier 3,Supermarket Type1,2357.3809,4.6,2022-07-24
FDY50,,LF,0.063983,Seafood,OUT045,2002,,Tier 2,Supermarket Type1,4192.4466,4.2,2023-07-25
FDJ22,17.145, Regular,0.068867,Meat,OUT045,2002,,Tier 2,Supermarket Type1,2019.9905,4.6,2022-11-01
NCV17,16.21,Low Fat ,0.019679,Others,OUT049,1999,Medium,Tier 1,Supermarket Type1,1403.6096,4.2,2022-05-13
FDX22,16.516,low fat,0.119006,Frozen Foods,OUT017,2007,,Tier 2,Supermarket Type1,3102.4908,3.9,2023-03-05
FDU55,20.9,Low Fat,0.124052,Baking Goods,OUT046,1997,Small,Tier 1,Supermarket Type1,1046.3952,4.2,2023-10-09
DRU26,16.625, Regular,0.021098,Soft Drinks,OUT045,2002,,Tier 2,Supermarket Type1,642.3289,4.912,2022-09-25
FDY12,,low fat,0.039834,Fruits and Vegetables,OUT017,2007,,Tier 2,Supermarket Type1,969.8568,4.961,2022-01-11
NCF28,15.921,low fat,0.151674,Health and Hygiene,OUT018,2009,Medium,Tier 3,Supermarket Type2,3367.3109,4.015,2023-07-02
DRA30,7.906, Regular,0.081362,Soft Drinks,OUT013,1987,High,Tier 3,Supermarket Type1,2083.8681,4.0,2023-12-15
FDY45,18.592,Low Fat,0.076457,Meat,OUT027,1985,Medium,Tier 3,Supermarket Type3,4755.6575,3.8,2023-11-29
NCE23,15.973,Low Fat,0.110767,Household,OUT019,1985,Small,Tier 1,Grocery Store,1164.7803,3.8,2022-02-24
FDE19,4.573,Low Fat,0.037302,Canned,OUT045,2002,,Tier 2,Supermarket Type1,2596.8409,4.2,2022-11-27
FDW24,17.997,Low Fat ,0.060784,Frozen Foods,OUT019,1985,Small,Tier 1,Grocery Store,519.939,3.5,2023-11-21
DRJ33,,reg,0.026662,Soft Drinks,OUT035,2004,Small,Tier 2,Supermarket Type1,2264.3487,4.4,2023-07-25
FDR44,20.279,LF,0.049772,Fruits and Vegetables,OUT017,2007,,Tier 2,Supermarket Type1,2143.3752,3.9,2022-01-21
NCD31,9.601,LF,0.051088,Household,OUT049,1999,Medium,Tier 1,Supermarket Type1,1555.1283,4.1,2023-04-24
FDK38,16.765,Low Fat,0.047621,Breads,OUT046,1997,Small,Tier 1,Supermarket Type1,1510.977,3.6,2022-09-15
NCD53,7.873,Low Fat,0.115145,Health and Hygiene,OUT017,2007,,Tier 2,Supermarket Type1,2660.5206,4.0,2022-05-29
FDQ37,6.686,Regular,0.024056,Snack Foods,OUT019,1985,Small,Tier 1,Grocery Store,2968.58,4.6,2023-04-22
FDX20,19.133,low fat,0.065738,Canned,OUT035,2004,Small,Tier 2,Supermarket Type1,1526.8927,3.7,2023-10-06
FDF24,12.755,LF,0.035249,Breads,OUT035,2004,Small,Tier 2,Supermarket Type1,1475.8149,4.025,2023-09-23
FDY59,18.93,Regular,0.024047,Frozen Foods,OUT049,1999,Medium,Tier 1,Supermarket Type1,1977.2441,3.5,2022-04-09
DRR17,10.172,reg,0.027548,Soft Drinks,OUT046,1997,Small,Tier 1,Supermarket Type1,3724.2792,3.5,2022-12-27
DRE40,14.14,Regular,0.170158,Soft Drinks,OUT017,2007,,Tier 2,Supermarket Type1,1632.2193,4.3,2022-06-12
FDG30,8.154,Low Fat ,0.11442,Dairy,OUT018,2009,Medium,Tier 3,Supermarket Type2,2143.5534,4.0,2022-08-25
DRR24,14.444, Regular,0.056584,Hard Drinks,OUT045,2002,,Tier 2,Supermarket Type1,6225.014,3.9,2023-05-07
FDG30,8.154,Low Fat ,0.0,Dairy,OUT013,1987,High,Tier 3,Supermarket Type1,2967.7326,4.3,2022-03-09
FDC37,,reg,0.076501,Meat,OUT019,1985,Small,Tier 1,Grocery Store,841.0897,3.8,2023-09-08
FDF55,15.98,reg,0.009431,Dairy,OUT046,1997,Small,Tier 1,Supermarket Type1,1041.6423,4.2,2022-03-31
NCP37,17.195,low fat,0.016377,Household,OUT017,2007,,Tier 2,Supermarket Type1,1890.1611,4.105,2023-05-24
FDR10,20.918,low fat,0.038172,Baking Goods,OUT049,1999,Medium,Tier 1,Supermarket Type1,1157.753,3.8,2022-09-13
FDQ29,15.199,Low Fat ,0.081515,Snack Foods,OUT019,1985,Small,Tier 1,Grocery Store,441.7013,3.9,2022-09-12
FDW12,20.945, Regular,0.053248,Breakfast,OUT049,1999,Medium,Tier 1,Supermarket Type1,4035.9471,4.1,2022-08-08
DRE22,,LF,0.039905,Soft Drinks,OUT035,2004,Small,Tier 2,Supermarket Type1,790.6777,3.877,2023-06-06
FDX56,18.104,LF,0.038954,Meat,OUT010,1998,,Tier 3,Grocery Store,4300.4515,4.2,2023-12-01
DRX29,5.096,low fat,0.058827,Soft Drinks,OUT046,1997,Small,Tier 1,Supermarket Type1,866.2842,4.5,2023-11-27
FDU55,20.9,LF,0.065249,Baking Goods,OUT018,2009,Medium,Tier 3,Supermarket Type2,2193.9975,3.816,2023-08-30
NCV20,16.094,Low Fat,0.027763,Health and Hygiene,OUT013,1987,High,Tier 3,Supermarket Type1,2447.5287,4.0,2023-08-06
FDC29,17.674,Low Fat,0.083279,Canned,OUT049,1999,Medium,Tier 1,Supermarket Type1,1627.2651,3.9,2023-07-04
FDC19,15.267,Low Fat ,0.073778,Baking Goods,OUT049,1999,Medium,Tier 1,Supermarket Type1,1850.3067,4.1,2023-08-03
FDD12,7.357,Regular,0.038535,Snack Foods,OUT018,2009,Medium,Tier 3,Supermarket Type2,4095.9465,3.994,2023-01-07
FDQ57,17.702, Regular,0.028085,Fruits and Vegetables,OUT017,2007,,Tier 2,Supermarket Type1,5001.7281,3.6,2023-10-14
FDN40,18.543,Regular,0.058537,Canned,OUT035,2004,Small,Tier 2,Supermarket Type1,2855.359,3.8,2023-04-14
FDK39,7.804,Low Fat ,0.087699,Frozen Foods,OUT045,2002,,Tier 2,Supermarket Type1,836.03,3.9,2022-01-18
DRD42,19.259,Low Fat,0.058749,Hard Drinks,OUT045,2002,,Tier 2,Supermarket Type1,5228.0137,4.1,2023-01-14
DRN55,4.855,Low Fat,0.046917,Soft Drinks,OUT010,1998,,Tier 3,Grocery Store,1392.9226,3.4,2022-04-12
FDQ59,14.942,Low Fat,0.031177,Fruits and Vegetables,OUT027,1985,Medium,Tier 3,Supermarket Type3,3711.5814,4.5,2022-11-27
FDF30,13.516,Low Fat ,0.030452,Baking Goods,OUT017,2007,,Tier 2,Supermarket Type1,613.3716,3.8,2023-11-13
DRF51,19.821,low fat,0.066519,Hard Drinks,OUT049,1999,Medium,Tier 1,Supermarket Type1,1077.7929,3.3,2022-04-12
FDC22,7.88,reg,0.133571,Dairy,OUT035,2004,Small,Tier 2,Supermarket Type1,1849.1378,4.498,2023-08-11
NCW29,8.441,low fat,0.009326,Others,OUT046,1997,Small,Tier 1,Supermarket Type1,2905.736,3.1,2023-01-26
NCD18,16.399,Low Fat,0.074361,Household,OUT049,1999,Medium,Tier 1,Supermarket Type1,4147.9062,3.702,2022-12-29
DRE40,14.14,reg,0.010808,Soft Drinks,OUT019,1985,Small,Tier 1,Grocery Store,651.155,3.8,2022-08-08
FDU11,5.68,Low Fat ,0.033576,Breads,OUT046,1997,Small,Tier 1,Supermarket Type1,4995.2157,4.1,2022-08-28
DRW43,9.96,reg,0.03907,Hard Drinks,OUT013,1987,High,Tier 3,Supermarket Type1,2812.4844,3.8,2022-07-07
FDU37,12.834,Regular,0.075931,Snack Foods,OUT017,2007,,Tier 2,Supermarket Type1,2853.523,3.8,2023-01-08
FDJ53,,Low Fat,0.07974,Dairy,OUT049,1999,Medium,Tier 1,Supermarket Type1,1308.5206,3.9,2022-03-18
NCC13,11.653,LF,0.0639,Health and Hygiene,OUT010,1998,,Tier 3,Grocery Store,1188.4302,3.9,2023-02-21
FDQ23,11.436,low fat,0.026278,Breads,OUT018,2009,Medium,Tier 3,Supermarket Type2,2322.1249,3.8,2023-09-28
DRW26,10.189,Low Fat ,0.041974,Soft Drinks,OUT018,2009,Medium,Tier 3,Supermarket Type2,2691.7483,3.568,2023-05-21
NCQ15,10.993,Low Fat ,0.030919,Health and Hygiene,OUT010,1998,,Tier 3,Grocery Store,444.5587,3.693,2022-05-19
FDW29,14.51,Regular,0.024787,Dairy,OUT049,1999,Medium,Tier 1,Supermarket Type1,1128.7267,4.48,2022-12-01
DRK24,17.062,low fat,0.038073,Hard Drinks,OUT049,1999,Medium,Tier 1,Supermarket Type1,3915.2946,4.1,2023-02-17
DRJ23,19.745,Regular,0.040381,Soft Drinks,OUT010,1998,,Tier 3,Grocery Store,218.5453,3.5,2023-09-26
NCG46,,Low Fat,0.030178,Others,OUT019,1985,Small,Tier 1,Grocery Store,399.4423,4.0,2023-01-01
FDP46,17.918,Regular,0.051742,Snack Foods,OUT035,2004,Small,Tier 2,Supermarket Type1,3586.8588,4.6,2023-08-19
NCD38,6.225,Low Fat ,0.030224,Household,OUT035,2004,Small,Tier 2,Supermarket Type1,2553.4363,4.3,2022-06-21
NCJ50,15.228,low fat,0.023518,Health and Hygiene,OUT035,2004,Small,Tier 2,Supermarket Type1,1242.9867,3.714,2022-09-30
FDR27,5.639,Regular,0.05294,Breads,OUT017,2007,,Tier 2,Supermarket Type1,2649.3213,3.5,2023-11-27
FDW31,20.288,LF,0.0,Baking Goods,OUT019,1985,Small,Tier 1,Grocery Store,374.7592,3.9,2022-11-29
FDH47,11.626,LF,0.044336,Snack Foods,OUT017,2007,,Tier 2,Supermarket Type1,6159.1091,3.7,2023-03-16
FDD25,10.464,Low Fat ,0.028361,Fruits and Vegetables,OUT035,2004,Small,Tier 2,Supermarket Type1,2030.1399,4.0,2022-08-28
FDK55,20.937,Low Fat,0.065187,Starchy Foods,OUT027,1985,Medium,Tier 3,Supermarket Type3,4281.0754,3.8,2023-06-21
FDA16,12.896,reg,0.046713,Dairy,OUT013,1987,High,Tier 3,Supermarket Type1,1503.7839,3.7,2022-10-01
FDE43,,low fat,0.086349,Snack Foods,OUT017,2007,,Tier 2,Supermarket Type1,1759.1128,4.2,2022-03-21
NCQ19,19.026,LF,0.070203,Health and Hygiene,OUT017,2007,,Tier 2,Supermarket Type1,1602.6782,3.6,2023-08-19
NCD38,6.225,LF,0.060089,Household,OUT049,1999,Medium,Tier 1,Supermarket Type1,603.8942,4.314,2022-03-16
FDE25,17.088, Regular,0.046788,Dairy,OUT046,1997,Small,Tier 1,Supermarket Type1,1793.2634,4.2,2023-01-25
NCA18,7.4,Low Fat ,0.071407,Household,OUT017,2007,,Tier 2,Supermarket Type1,1596.3714,3.633,2022-01-10
FDR15,7.06,Low Fat ,0.094048,Baking Goods,OUT018,2009,Medium,Tier 3,Supermarket Type2,6419.5563,3.2,2022-06-06
FDK27,10.421,Low Fat,0.067428,Fruits and Vegetables,OUT017,2007,,Tier 2,Supermarket Type1,2443.0728,3.7,2023-11-27
FDH36,17.088, Regular,0.035866,Snack Foods,OUT045,2002,,Tier 2,Supermarket Type1,3416.058,4.1,2023-11-02
FDW51,15.542, Regular,0.032428,Baking Goods,OUT013,1987,High,Tier 3,Supermarket Type1,3733.7105,3.9,2022-03-23
FDS34,12.787,reg,0.057088,Baking Goods,OUT013,1987,High,Tier 3,Supermarket Type1,2814.2748,3.9,2022-10-22
FDA55,6.279,Regular,0.03677,Fruits and Vegetables,OUT046,1997,Small,Tier 1,Supermarket Type1,3794.7289,3.885,2023-07-06
FDW16,17.116,Regular,0.038234,Canned,OUT027,1985,Medium,Tier 3,Supermarket Type3,2747.3671,3.7,2023-08-14
FDM59,15.761,low fat,0.039384,Breads,OUT049,1999,Medium,Tier 1,Supermarket Type1,1364.2756,4.2,2022-03-16
NCG43,14.986,Low Fat,0.052658,Household,OUT017,2007,,Tier 2,Supermarket Type1,1285.8508,3.6,2022-02-14
FDH48,18.515,LF,0.033001,Canned,OUT035,2004,Small,Tier 2,Supermarket Type1,1525.2858,3.7,2022-02-18
FDD52,20.203, Regular,0.052989,Frozen Foods,OUT045,2002,,Tier 2,Supermarket Type1,1437.4783,4.1,2023-04-24
DRM44,11.912,Regular,0.055099,Hard Drinks,OUT027,1985,Medium,Tier 3,Supermarket Type3,1241.5448,3.8,2022-07-07
FDM42,5.835,Regular,0.056852,Snack Foods,OUT045,2002,,Tier 2,Supermarket Type1,884.883,4.1,2022-01-06
FDN30,6.759,low fat,0.066888,Starchy Foods,OUT049,1999,Medium,Tier 1,Supermarket Type1,3040.9379,3.7,2022-05-27
FDS52,9.787,low fat,0.129983,Baking Goods,OUT035,2004,Small,Tier 2,Supermarket Type1,443.4207,3.7,2023-02-09
DRX30,8.157,Low Fat ,0.03205,Soft Drinks,OUT018,2009,Medium,Tier 3,Supermarket Type2,10702.2741,4.4,2023-05-03
FDM10,7.376,LF,0.034494,Canned,OUT035,2004,Small,Tier 2,Supermarket Type1,2839.7481,3.9,2023-10-23
FDK37,11.932,Low Fat ,0.016651,Snack Foods,OUT017,2007,,Tier 2,Supermarket Type1,4443.9885,3.8,2022-11-19
FDX24,,reg,0.045555,Frozen Foods,OUT035,2004,Small,Tier 2,Supermarket Type1,2380.3422,4.0,2022-06-06
NCA15,7.414,Low Fat,0.069284,Health and Hygiene,OUT018,2009,Medium,Tier 3,Supermarket Type2,1716.5016,3.6,2023-02-16
FDC23,9.823,LF,0.137826,Canned,OUT035,2004,Small,Tier 2,Supermarket Type1,3130.6162,3.7,2023-06-10
FDU40,,Low Fat ,0.058512,Seafood,OUT018,2009,Medium,Tier 3,Supermarket Type2,1933.6328,3.6,2022-12-16
FDX33,17.218,Low Fat,0.034566,Breads,OUT010,1998,,Tier 3,Grocery Store,525.4566,4.1,2022-08-04
FDR44,20.279,Low Fat ,0.046389,Fruits and Vegetables,OUT027,1985,Medium,Tier 3,Supermarket Type3,2031.6829,4.4,2023-03-15
FDC37,20.067, Regular,0.035717,Meat,OUT018,2009,Medium,Tier 3,Supermarket Type2,1711.901,3.9,2022-10-07
FDU51,8.538,Low Fat ,0.263408,Breakfast,OUT035,2004,Small,Tier 2,Supermarket Type1,1923.7547,3.6,2023-07-28
NCM24,10.332,LF,0.080478,Household,OUT010,1998,,Tier 3,Grocery Store,2163.665,3.7,2022-06-22
FDS41,7.539,Regular,0.01921,Meat,OUT013,1987,High,Tier 3,Supermarket Type1,1894.8609,4.238,2022-04-18
NCM44,15.08,low fat,0.053234,Others,OUT017,2007,,Tier 2,Supermarket Type1,1521.936,4.2,2022-05-12
NCV29,7.742,low fat,0.041308,Household,OUT035,2004,Small,Tier 2,Supermarket Type1,2355.4346,3.9,2022-10-30
FDA43,18.354,Low Fat,0.019778,Snack Foods,OUT049,1999,Medium,Tier 1,Supermarket Type1,1376.7521,4.2,2022-06-26
NCA10,21.006,LF,0.100774,Health and Hygiene,OUT046,1997,Small,Tier 1,Supermarket Type1,2092.0583,3.7,2022-03-07
NCA24,16.225,Low Fat ,0.0,Others,OUT018,2009,Medium,Tier 3,Supermarket Type2,1373.4057,3.6,2022-07-07
FDC49,,Regular,0.0,Meat,OUT035,2004,Small,Tier 2,Supermarket Type1,1398.1758,4.233,2022-12-10
FDE24,12.488,Low Fat ,0.029826,Snack Foods,OUT013,1987,High,Tier 3,Supermarket Type1,808.5842,3.6,2022-04-01
FDD27,19.047,reg,0.032955,Baking Goods,OUT010,1998,,Tier 3,Grocery Store,505.2363,4.4,2022-11-16
DRF20,,Low Fat,0.105908,Soft Drinks,OUT018,2009,Medium,Tier 3,Supermarket Type2,2092.0992,3.8,2023-01-24
NCD54,8.593,Low Fat,0.047721,Household,OUT046,1997,Small,Tier 1,Supermarket Type1,4535.9438,3.8,2023-02-19
FDR46,20.099,Low Fat,0.0578,Fruits and Vegetables,OUT049,1999,Medium,Tier 1,Supermarket Type1,2703.2495,4.2,2023-07-18
FDV28,,low fat,0.068262,Breads,OUT018,2009,Medium,Tier 3,Supermarket Type2,1202.4538,4.4,2022-08-23
FDH42,6.903,low fat,0.106405,Meat,OUT045,2002,,Tier 2,Supermarket Type1,6705.4066,3.7,2023-02-06
FDS30,6.474,LF,0.099209,Dairy,OUT018,2009,Medium,Tier 3,Supermarket Type2,4099.0843,4.498,2023-03-20
FDJ45,14.777,Low Fat ,0.145059,Meat,OUT035,2004,Small,Tier 2,Supermarket Type1,4322.343,4.2,2022-06-11
FDK17,7.562,Low Fat ,0.06922,Fruits and Vegetables,OUT010,1998,,Tier 3,Grocery Store,1909.2032,4.0,2022-07-06
FDJ27,,LF,0.101619,Snack Foods,OUT049,1999,Medium,Tier 1,Supermarket Type1,7715.4198,4.1,2023-05-19
FDM29,13.557,LF,0.04562,Frozen Foods,OUT010,1998,,Tier 3,Grocery Store,1034.9883,4.1,2022-03-28
FDJ30,,Regular,0.101171,Snack Foods,OUT017,2007,,Tier 2,Supermarket Type1,2354.7297,3.4,2023-10-18
NCQ22,14.662,Low Fat,0.065958,Health and Hygiene,OUT045,2002,,Tier 2,Supermarket Type1,1367.7615,3.8,2022-02-10
FDA10,,LF,0.104222,Meat,OUT013,1987,High,Tier 3,Supermarket Type1,5884.1721,4.7,2022-01-31
FDC33,11.53, Regular,0.060889,Dairy,OUT046,1997,Small,Tier 1,Supermarket Type1,1354.3849,4.8,2023-10-18
NCF48,16.253,Low Fat,0.055812,Household,OUT013,1987,High,Tier 3,Supermarket Type1,1262.1518,3.7,2022-09-21
FDY25,18.173,reg,0.047588,Snack Foods,OUT017,2007,,Tier 2,Supermarket Type1,13086.9648,4.3,2023-09-19
NCF52,8.729,Low Fat,0.055491,Household,OUT049,1999,Medium,Tier 1,Supermarket Type1,2203.2963,4.5,2022-04-23
FDB30,5.332,Low Fat,0.049681,Fruits and Vegetables,OUT018,2009,Medium,Tier 3,Supermarket Type2,1163.3157,4.614,2022-02-21
FDM51,8.576, Regular,0.050152,Baking Goods,OUT027,1985,Medium,Tier 3,Supermarket Type3,12402.9542,4.1,2022-08-20
FDA43,18.354,low fat,0.069971,Snack Foods,OUT010,1998,,Tier 3,Grocery Store,1286.8957,4.1,2022-04-01
DRF51,,low fat,0.040099,Hard Drinks,OUT013,1987,High,Tier 3,Supermarket Type1,3178.4496,4.1,2023-05-12
FDE24,12.488,LF,0.038093,Snack Foods,OUT019,1985,Small,Tier 1,Grocery Store,2282.4287,3.9,2023-12-23
FDP25,20.416,Low Fat,0.030428,Snack Foods,OUT018,2009,Medium,Tier 3,Supermarket Type2,5734.187,4.3,2023-02-11
FDY15,15.803, Regular,0.119794,Breads,OUT045,2002,,Tier 2,Supermarket Type1,3321.3669,3.6,2022-04-27
FDP42,10.581,Low Fat,0.016239,Canned,OUT035,2004,Small,Tier 2,Supermarket Type1,1834.3338,3.5,2023-01-23
NCY27,11.304,Low Fat,0.014963,Health and Hygiene,OUT018,2009,Medium,Tier 3,Supermarket Type2,2511.635,3.884,2022-08-11
FDE47,14.375,low fat,0.032191,Canned,OUT013,1987,High,Tier 3,Supermarket Type1,657.2989,4.4,2023-03-19
FDF50,,Regular,0.049511,Canned,OUT017,2007,,Tier 2,Supermarket Type1,5966.8187,3.9,2022-06-06
FDN45,12.636,Low Fat ,0.049507,Canned,OUT018,2009,Medium,Tier 3,Supermarket Type2,1933.0589,3.7,2022-02-27
FDU18,17.707,Low Fat,0.123875,Frozen Foods,OUT027,1985,Medium,Tier 3,Supermarket Type3,11124.1618,3.938,2023-08-25
FDB31,,Regular,0.017044,Snack Foods,OUT013,1987,High,Tier 3,Supermarket Type1,6934.1744,4.384,2023-11-28
FDV46,20.828,LF,0.056224,Snack Foods,OUT013,1987,High,Tier 3,Supermarket Type1,4971.6167,4.7,2022-07-23
FDE10,9.23,reg,0.059521,Snack Foods,OUT027,1985,Medium,Tier 3,Supermarket Type3,10172.9511,3.7,2023-02-04
DRC38,9.228,reg,0.023059,Soft Drinks,OUT017,2007,,Tier 2,Supermarket Type1,3694.5354,4.114,2023-11-17
NCJ56,5.504,low fat,0.035629,Household,OUT019,1985,Small,Tier 1,Grocery Store,426.7565,3.5,2022-02-10
DRE52,,low fat,0.0,Hard Drinks,OUT035,2004,Small,Tier 2,Supermarket Type1,2139.7798,3.8,2023-02-17
NCG32,,Low Fat,0.019431,Health and Hygiene,OUT018,2009,Medium,Tier 3,Supermarket Type2,2323.7341,3.6,2022-07-25
FDW31,20.288,Low Fat,0.070916,Baking Goods,OUT049,1999,Medium,Tier 1,Supermarket Type1,2768.4684,3.9,2023-06-28
NCH42,17.427,Low Fat,0.043022,Others,OUT027,1985,Medium,Tier 3,Supermarket Type3,1933.0991,3.0,2023-07-14
FDN14,5.884,low fat,0.0745,Snack Foods,OUT018,2009,Medium,Tier 3,Supermarket Type2,6309.975,3.639,2022-08-16
FDC52,21.079,Low Fat ,0.055528,Baking Goods,OUT045,2002,,Tier 2,Supermarket Type1,1393.4902,3.7,2023-06-17
FDY33,7.095,Low Fat,0.063842,Breads,OUT013,1987,High,Tier 3,Supermarket Type1,4330.3731,3.4,2023-12-10
FDS36,4.917, Regular,0.07593,Frozen Foods,OUT046,1997,Small,Tier 1,Supermarket Type1,2083.9567,4.1,2023-11-04
FDB40,19.928,Regular,0.04125,Snack Foods,OUT013,1987,High,Tier 3,Supermarket Type1,7811.1601,4.5,2023-05-15
FDJ57,,Low Fat,0.113746,Snack Foods,OUT018,2009,Medium,Tier 3,Supermarket Type2,5012.9392,3.6,2022-05-05
DRJ50,8.663,Low Fat ,0.047564,Hard Drinks,OUT017,2007,,Tier 2,Supermarket Type1,2615.1871,3.691,2023-08-29
FDQ36,12.085,Low Fat,0.143791,Snack Foods,OUT045,2002,,Tier 2,Supermarket Type1,2147.2779,3.8,2022-05-03
FDV37,17.771,reg,0.0,Dairy,OUT045,2002,,Tier 2,Supermarket Type1,4504.7997,3.9,2022-11-15
FDY44,,low fat,0.062667,Fruits and Vegetables,OUT045,2002,,Tier 2,Supermarket Type1,6478.508,4.0,2022-07-22
FDE36,7.87,low fat,0.053137,Canned,OUT027,1985,Medium,Tier 3,Supermarket Type3,2280.7282,4.2,2022-05-21
NCS27,11.051,Low Fat ,0.043642,Others,OUT027,1985,Medium,Tier 3,Supermarket Type3,1971.4357,3.6,2023-04-10
FDM58,8.108,Low Fat ,0.058033,Snack Foods,OUT018,2009,Medium,Tier 3,Supermarket Type2,2575.3387,4.4,2022-02-12
FDB26,20.619,Low Fat ,0.0,Dairy,OUT045,2002,,Tier 2,Supermarket Type1,1125.6236,4.285,2022-02-06
FDE33,,Low Fat,0.064503,Snack Foods,OUT010,1998,,Tier 3,Grocery Store,1699.3316,4.4,2022-12-20
NCJ38,9.025,Low Fat ,0.058988,Household,OUT046,1997,Small,Tier 1,Supermarket Type1,1541.5946,4.3,2023-10-21
FDR31,15.97,low fat,0.286251,Fruits and Vegetables,OUT018,2009,Medium,Tier 3,Supermarket Type2,3572.8931,3.8,2023-04-11
FDK35,,Regular,0.026279,Fruits and Vegetables,OUT035,2004,Small,Tier 2,Supermarket Type1,3461.5197,4.291,2023-08-09
NCC36,5.609,Low Fat ,0.060637,Household,OUT027,1985,Medium,Tier 3,Supermarket Type3,3980.2791,3.7,2022-02-25
NCM41,4.607,Low Fat,0.044033,Health and Hygiene,OUT017,2007,,Tier 2,Supermarket Type1,1487.9403,4.8,2023-05-20
FDV11,5.231,low fat,0.0,Starchy Foods,OUT035,2004,Small,Tier 2,Supermarket Type1,5182.9432,4.197,2022-08-17
FDR26,19.935,low fat,0.06526,Dairy,OUT013,1987,High,Tier 3,Supermarket Type1,2816.8026,4.0,2022-09-15
FDH12,5.658,Low Fat,0.027061,Canned,OUT049,1999,Medium,Tier 1,Supermarket Type1,2840.7672,4.3,2023-04-26
FDD26,10.162,LF,0.074972,Snack Foods,OUT035,2004,Small,Tier 2,Supermarket Type1,2669.8354,3.889,2022-03-05
FDD52,20.203,reg,0.054336,Frozen Foods,OUT019,1985,Small,Tier 1,Grocery Store,1226.3341,3.6,2023-05-22
FDF39,10.917,LF,0.10276,Canned,OUT027,1985,Medium,Tier 3,Supermarket Type3,13086.9648,3.9,2023-09-27
FDX15,6.832,Low Fat ,0.211425,Meat,OUT045,2002,,Tier 2,Supermarket Type1,2238.8263,3.7,2022-12-12
FDU18,17.707,Low Fat ,0.041521,Frozen Foods,OUT049,1999,Medium,Tier 1,Supermarket Type1,2544.8636,3.2,2022-05-04
NCA56,12.79,low fat,0.102084,Household,OUT045,2002,,Tier 2,Supermarket Type1,869.7975,3.6,2022-10-21
FDV19,9.897,Low Fat,0.013796,Fruits and Vegetables,OUT013,1987,High,Tier 3,Supermarket Type1,3420.3757,4.336,2022-06-05
FDH50,13.429,low fat,0.031641,Frozen Foods,OUT045,2002,,Tier 2,Supermarket Type1,876.7817,3.7,2023-03-28
NCD24,,Low Fat,0.0,Others,OUT046,1997,Small,Tier 1,Supermarket Type1,4510.3914,3.9,2023-11-28
FDJ46,14.386,low fat,0.03823,Dairy,OUT035,2004,Small,Tier 2,Supermarket Type1,3622.7067,3.8,2022-07-02
FDS12,4.79,reg,0.048625,Breads,OUT045,2002,,Tier 2,Supermarket Type1,1242.7818,3.6,2022-06-10
NCP41,15.339,Low Fat,0.154399,Household,OUT017,2007,,Tier 2,Supermarket Type1,765.2117,3.9,2022-01-29
NCK59,,Low Fat,0.021655,Health and Hygiene,OUT013,1987,High,Tier 3,Supermarket Type1,3013.1967,4.3,2022-10-27
FDP43,7.46,Low Fat,0.035885,Dairy,OUT010,1998,,Tier 3,Grocery Store,681.0226,4.1,2023-01-17
NCV48,20.108,Low Fat ,0.043285,Health and Hygiene,OUT013,1987,High,Tier 3,Supermarket Type1,642.1855,4.4,2022-05-07
FDY26,9.045,Regular,0.021667,Starchy Foods,OUT035,2004,Small,Tier 2,Supermarket Type1,3561.5174,4.1,2022-01-16
FDD39,,Regular,0.0,Fruits and Vegetables,OUT017,2007,,Tier 2,Supermarket Type1,6384.8799,4.022,2023-03-12
FDE49,16.699,LF,0.028675,Fruits and Vegetables,OUT017,2007,,Tier 2,Supermarket Type1,902.2969,4.094,2022-07-23
FDH41,19.239,Low Fat ,0.0,Snack Foods,OUT018,2009,Medium,Tier 3,Supermarket Type2,2238.6747,4.4,2022-04-03
FDU23,7.608,reg,0.044215,Snack Foods,OUT045,2002,,Tier 2,Supermarket Type1,4843.5736,4.0,2023-12-22
FDC59,12.04,LF,0.142427,Fruits and Vegetables,OUT045,2002,,Tier 2,Supermarket Type1,761.7087,4.218,2022-08-15
FDA37,12.499,Low Fat,0.019265,Snack Foods,OUT013,1987,High,Tier 3,Supermarket Type1,2317.018,4.1,2022-01-08
FDK25,16.361,low fat,0.060082,Meat,OUT013,1987,High,Tier 3,Supermarket Type1,3286.4741,3.8,2023-11-07
FDU16,5.752, Regular,0.013647,Meat,OUT018,2009,Medium,Tier 3,Supermarket Type2,2596.3779,4.1,2022-03-25
NCC42,4.717,Low Fat ,0.0,Household,OUT046,1997,Small,Tier 1,Supermarket Type1,4235.6148,3.4,2023-04-12
FDS51,5.332,Low Fat ,0.022013,Frozen Foods,OUT010,1998,,Tier 3,Grocery Store,515.1915,2.8,2023-07-16
FDP57,5.776, Regular,0.031655,Frozen Foods,OUT035,2004,Small,Tier 2,Supermarket Type1,5226.3021,3.229,2022-10-19
DRU26,, Regular,0.049312,Soft Drinks,OUT019,1985,Small,Tier 1,Grocery Store,744.4458,4.0,2022-12-11
FDN39,8.43,low fat,0.215719,Snack Foods,OUT017,2007,,Tier 2,Supermarket Type1,2943.7368,3.9,2023-10-09
NCW35,,LF,0.07992,Household,OUT013,1987,High,Tier 3,Supermarket Type1,2238.977,4.4,2023-04-02
NCH10,8.972,low fat,0.031599,Health and Hygiene,OUT018,2009,Medium,Tier 3,Supermarket Type2,1176.5372,3.9,2022-11-24
FDB57,7.226,Low Fat ,0.051878,Frozen Foods,OUT045,2002,,Tier 2,Supermarket Type1,2606.4892,4.1,2022-08-20
NCU28,14.043,Low Fat,0.0486,Household,OUT013,1987,High,Tier 3,Supermarket Type1,1133.47,3.8,2023-05-23
FDA45,10.96,Regular,0.0,Canned,OUT035,2004,Small,Tier 2,Supermarket Type1,2540.9106,4.0,2022-09-27
FDQ29,15.199,Low Fat,0.039852,Snack Foods,OUT046,1997,Small,Tier 1,Supermarket Type1,3088.2111,4.6,2022-11-26
FDV11,5.231,LF,0.040167,Starchy Foods,OUT027,1985,Medium,Tier 3,Supermarket Type3,5903.6923,4.5,2022-10-30
FDB43,9.581,reg,0.027458,Dairy,OUT035,2004,Small,Tier 2,Supermarket Type1,1222.3093,4.3,2023-04-18
FDY43,,LF,0.051115,Snack Foods,OUT027,1985,Medium,Tier 3,Supermarket Type3,3914.6864,3.7,2023-06-13
FDK28,5.417,reg,0.065601,Fruits and Vegetables,OUT010,1998,,Tier 3,Grocery Store,1023.5811,4.0,2023-05-23
FDS27,20.851,Low Fat,0.058805,Meat,OUT013,1987,High,Tier 3,Supermarket Type1,2916.4968,4.1,2022-10-11
NCG55,13.309,Low Fat,0.085052,Household,OUT049,1999,Medium,Tier 1,Supermarket Type1,1985.7139,3.6,2022-06-21
FDR21,4.843,Low Fat,0.039799,Meat,OUT017,2007,,Tier 2,Supermarket Type1,5025.7619,4.1,2022-02-04
NCM24,10.332,low fat,0.069278,Household,OUT049,1999,Medium,Tier 1,Supermarket Type1,3874.927,4.2,2023-02-10
NCM44,15.08,Low Fat ,0.044475,Others,OUT013,1987,High,Tier 3,Supermarket Type1,2899.1051,3.578,2023-12-02
FDE57,,LF,0.042399,Starchy Foods,OUT019,1985,Small,Tier 1,Grocery Store,245.2974,4.1,2022-07-16
FDQ51,17.133,reg,0.093327,Canned,OUT035,2004,Small,Tier 2,Supermarket Type1,4296.9308,3.583,2023-08-22
FDJ18,20.204, Regular,0.111718,Meat,OUT046,1997,Small,Tier 1,Supermarket Type1,4960.7626,4.1,2023-08-06
FDX12,9.05, Regular,0.0,Dairy,OUT017,2007,,Tier 2,Supermarket Type1,2416.3236,4.073,2022-10-04
FDN59,8.55,reg,0.036807,Baking Goods,OUT017,2007,,Tier 2,Supermarket Type1,2483.9304,3.415,2023-05-27
DRK42,18.35,Low Fat,0.017551,Hard Drinks,OUT027,1985,Medium,Tier 3,Supermarket Type3,3393.0547,4.3,2023-04-25
FDN31,12.992, Regular,0.021341,Fruits and Vegetables,OUT019,1985,Small,Tier 1,Grocery Store,651.639,4.2,2022-07-21
FDN54,16.623,Regular,0.103384,Meat,OUT027,1985,Medium,Tier 3,Supermarket Type3,6873.5592,4.5,2023-04-10
FDN13,20.497,Low Fat ,0.084815,Fruits and Vegetables,OUT049,1999,Medium,Tier 1,Supermarket Type1,1438.5061,3.8,2022-04-16
FDC31,,Regular,0.03395,Snack Foods,OUT013,1987,High,Tier 3,Supermarket Type1,3849.419,4.5,2022-09-21
DRJ35,18.995,LF,0.034044,Soft Drinks,OUT046,1997,Small,Tier 1,Supermarket Type1,1733.9622,3.9,2023-09-20
FDA50,17.939,Regular,0.107201,Snack Foods,OUT045,2002,,Tier 2,Supermarket Type1,3667.5332,5.0,2022-10-03
FDM48,18.414,Regular,0.031818,Dairy,OUT013,1987,High,Tier 3,Supermarket Type1,3030.5384,4.4,2022-12-11
FDA46,,reg,0.031194,Dairy,OUT046,1997,Small,Tier 1,Supermarket Type1,1514.2815,4.161,2022-02-11
FDA29,13.657,Regular,0.031176,Meat,OUT046,1997,Small,Tier 1,Supermarket Type1,1352.4643,3.8,2023-02-22
FDN59,8.55,Regular,0.029373,Baking Goods,OUT018,2009,Medium,Tier 3,Supermarket Type2,428.3644,3.6,2023-01-06
NCC29,8.081,Low Fat,0.066718,Household,OUT018,2009,Medium,Tier 3,Supermarket Type2,2138.5751,4.7,2022-08-07
DRC54,,Low Fat ,0.073481,Hard Drinks,OUT013,1987,High,Tier 3,Supermarket Type1,1375.2434,3.8,2023-03-18
DRD42,19.259,Low Fat ,0.046089,Hard Drinks,OUT027,1985,Medium,Tier 3,Supermarket Type3,13086.9648,4.3,2023-04-12
FDS25,4.842,Low Fat,0.05603,Dairy,OUT018,2009,Medium,Tier 3,Supermarket Type2,1753.9405,4.6,2023-06-20
FDM21,15.007,low fat,0.050059,Dairy,OUT018,2009,Medium,Tier 3,Supermarket Type2,5213.9976,4.0,2022-01-12
NCE29,11.5,Low Fat,0.029653,Household,OUT013,1987,High,Tier 3,Supermarket Type1,1407.0883,3.323,2022-01-12
FDE18,18.777,Low Fat,0.041053,Canned,OUT027,1985,Medium,Tier 3,Supermarket Type3,7416.414,3.622,2023-03-20
FDN31,12.992,Regular,0.046185,Fruits and Vegetables,OUT049,1999,Medium,Tier 1,Supermarket Type1,1199.2431,4.0,2023-12-20
FDS12,4.79,reg,0.025521,Breads,OUT010,1998,,Tier 3,Grocery Store,2542.4367,4.0,2022-12-09
DRP46,12.076,Low Fat ,0.116707,Soft Drinks,OUT019,1985,Small,Tier 1,Grocery Store,672.9127,4.4,2023-09-29
FDN40,18.543,reg,0.043852,Canned,OUT045,2002,,Tier 2,Supermarket Type1,4447.0634,3.7,2023-03-03
NCR43,12.792,low fat,0.0,Household,OUT045,2002,,Tier 2,Supermarket Type1,517.4902,3.5,2022-06-09
FDK36,13.411,Low Fat ,0.013754,Frozen Foods,OUT010,1998,,Tier 3,Grocery Store,1501.9277,4.1,2023-10-21
DRW27,7.103,Regular,0.0,Hard Drinks,OUT027,1985,Medium,Tier 3,Supermarket Type3,7244.2422,4.0,2023-08-15
NCA15,7.414,low fat,0.023689,Health and Hygiene,OUT027,1985,Medium,Tier 3,Supermarket Type3,2092.3744,4.4,2022-12-26
DRH46,12.897,Low Fat ,0.027336,Hard Drinks,OUT027,1985,Medium,Tier 3,Supermarket Type3,3675.4253,4.2,2022-06-07
FDG54,19.473,Low Fat,0.02921,Baking Goods,OUT027,1985,Medium,Tier 3,Supermarket Type3,6380.6317,3.3,2023-10-28
FDK18,6.301,reg,0.030061,Baking Goods,OUT017,2007,,Tier 2,Supermarket Type1,1964.009,4.3,2022-06-15
NCV15,7.34,Low Fat ,0.032567,Household,OUT018,2009,Medium,Tier 3,Supermarket Type2,1757.6066,4.14,2022-07-01
DRC19,6.277,low fat,0.0,Soft Drinks,OUT019,1985,Small,Tier 1,Grocery Store,919.9127,3.7,2023-03-26
FDA28,15.501,Low Fat,0.15956,Dairy,OUT017,2007,,Tier 2,Supermarket Type1,2460.425,3.9,2023-06-27
FDG57,,Low Fat,0.065276,Snack Foods,OUT018,2009,Medium,Tier 3,Supermarket Type2,5903.3216,4.1,2023-01-11
FDS22,10.789,reg,0.0,Frozen Foods,OUT013,1987,High,Tier 3,Supermarket Type1,2207.2367,3.5,2022-02-18
NCN32,18.148,Low Fat,0.0,Others,OUT046,1997,Small,Tier 1,Supermarket Type1,1281.1058,3.9,2022-11-18
FDX36,17.813,low fat,0.087996,Baking Goods,OUT046,1997,Small,Tier 1,Supermarket Type1,2616.2865,3.4,2022-12-31
NCF20,15.124,low fat,0.051515,Others,OUT035,2004,Small,Tier 2,Supermarket Type1,1828.3024,4.1,2023-03-05
FDC26,, Regular,0.105256,Snack Foods,OUT045,2002,,Tier 2,Supermarket Type1,771.6899,3.7,2022-05-30
DRQ43,, Regular,0.044846,Hard Drinks,OUT017,2007,,Tier 2,Supermarket Type1,2672.2913,4.2,2022-03-31
FDW35,20.905,Low Fat,0.036976,Breakfast,OUT010,1998,,Tier 3,Grocery Store,1775.8996,4.4,2023-09-16
FDM22,18.976,LF,0.0,Fruits and Vegetables,OUT046,1997,Small,Tier 1,Supermarket Type1,1382.1001,4.4,2023-02-07
FDA47,5.41,Regular,0.043452,Snack Foods,OUT035,2004,Small,Tier 2,Supermarket Type1,1674.8005,4.0,2022-05-23
DRM59,6.384,LF,0.024371,Soft Drinks,OUT049,1999,Medium,Tier 1,Supermarket Type1,2892.2559,3.9,2022-10-04
DRC26,13.648,Regular,0.0,Soft Drinks,OUT010,1998,,Tier 3,Grocery Store,629.2995,4.1,2022-08-01
NCV55,15.451,Low Fat,0.050949,Household,OUT045,2002,,Tier 2,Supermarket Type1,4277.931,4.408,2022-06-30
NCY31,19.658,low fat,0.045543,Health and Hygiene,OUT018,2009,Medium,Tier 3,Supermarket Type2,4703.3387,4.2,2022-03-18
FDU20,8.008,LF,0.081891,Dairy,OUT049,1999,Medium,Tier 1,Supermarket Type1,1639.5222,4.1,2022-11-25
NCJ56,5.504,low fat,0.178707,Household,OUT046,1997,Small,Tier 1,Supermarket Type1,2857.0239,3.9,2023-03-29
FDR48,17.856,low fat,0.080354,Fruits and Vegetables,OUT046,1997,Small,Tier 1,Supermarket Type1,3350.1619,3.9,2022-09-30
NCV50,9.676,low fat,0.072499,Health and Hygiene,OUT045,2002,,Tier 2,Supermarket Type1,3787.0188,3.8,2022-01-31
FDQ24,,low fat,0.023448,Baking Goods,OUT019,1985,Small,Tier 1,Grocery Store,457.332,4.0,2023-07-08
FDS10,16.316,low fat,0.05617,Fruits and Vegetables,OUT017,2007,,Tier 2,Supermarket Type1,993.7893,4.6,2023-10-18
FDG46,11.108,LF,0.018751,Snack Foods,OUT018,2009,Medium,Tier 3,Supermarket Type2,1351.9286,4.2,2023-09-04
NCC13,11.653,Low Fat ,0.024063,Health and Hygiene,OUT027,1985,Medium,Tier 3,Supermarket Type3,13086.9648,4.3,2023-09-12
FDD46,11.853,LF,0.051634,Canned,OUT049,1999,Medium,Tier 1,Supermarket Type1,1300.9293,4.372,2022-11-09
FDU37,12.834,reg,0.049432,Snack Foods,OUT035,2004,Small,Tier 2,Supermarket Type1,10410.4943,4.7,2022-04-27
FDN35,20.499,LF,0.053321,Fruits and Vegetables,OUT013,1987,High,Tier 3,Supermarket Type1,3097.1182,4.1,2023-02-19
FDU19,9.122, Regular,0.073696,Baking Goods,OUT045,2002,,Tier 2,Supermarket Type1,1842.2809,4.6,2023-05-16
FDS40,9.643,low fat,0.029979,Frozen Foods,OUT035,2004,Small,Tier 2,Supermarket Type1,1676.5631,3.3,2022-08-03
NCR31,20.547,LF,0.089145,Household,OUT045,2002,,Tier 2,Supermarket Type1,1218.6143,3.829,2022-10-22
FDU57,16.72,LF,0.064199,Fruits and Vegetables,OUT010,1998,,Tier 3,Grocery Store,3103.473,4.096,2022-08-12
FDJ30,,Regular,0.073269,Snack Foods,OUT019,1985,Small,Tier 1,Grocery Store,306.244,3.9,2022-02-09
FDP59,19.39, Regular,0.136939,Canned,OUT018,2009,Medium,Tier 3,Supermarket Type2,1784.3851,4.4,2022-10-03
FDY52,16.724,Regular,0.028169,Meat,OUT049,1999,Medium,Tier 1,Supermarket Type1,2644.4402,4.024,2022-11-05
FDJ34,18.813,Low Fat ,0.094072,Canned,OUT046,1997,Small,Tier 1,Supermarket Type1,3401.9343,3.7,2023-01-26
NCB59,20.433,LF,0.017684,Others,OUT049,1999,Medium,Tier 1,Supermarket Type1,1101.4218,3.694,2023-04-02
FDH12,5.658,LF,0.023922,Canned,OUT018,2009,Medium,Tier 3,Supermarket Type2,2012.8899,4.1,2022-12-20
NCQ17,8.732,low fat,0.037685,Household,OUT027,1985,Medium,Tier 3,Supermarket Type3,3346.835,4.1,2023-10-10
FDH38,,reg,0.041068,Snack Foods,OUT049,1999,Medium,Tier 1,Supermarket Type1,1786.7347,4.3,2023-05-28
DRG26,19.789,low fat,0.037157,Soft Drinks,OUT013,1987,High,Tier 3,Supermarket Type1,4322.6224,4.1,2023-10-28
FDD55,9.653,reg,0.063725,Breads,OUT049,1999,Medium,Tier 1,Supermarket Type1,2861.3843,3.582,2022-06-09
DRA31,14.547,Regular,0.039515,Hard Drinks,OUT046,1997,Small,Tier 1,Supermarket Type1,1855.9503,4.3,2022-04-10
FDF15,13.732,LF,0.0,Fruits and Vegetables,OUT010,1998,,Tier 3,Grocery Store,1133.68,4.2,2023-01-04
FDF38,15.633,LF,0.199485,Frozen Foods,OUT045,2002,,Tier 2,Supermarket Type1,3586.8939,4.1,2023-10-03
FDR14,18.82,Low Fat,0.028956,Snack Foods,OUT018,2009,Medium,Tier 3,Supermarket Type2,7464.999,3.8,2023-08-26
FDS53,,Low Fat,0.092417,Fruits and Vegetables,OUT035,2004,Small,Tier 2,Supermarket Type1,4423.3377,3.883,2022-07-10
NCA17,5.254,low fat,0.046465,Health and Hygiene,OUT035,2004,Small,Tier 2,Supermarket Type1,1767.3485,3.7,2023-03-17
FDM57,7.542,low fat,0.025351,Baking Goods,OUT027,1985,Medium,Tier 3,Supermarket Type3,3983.4958,3.8,2022-05-25
FDC21,13.576,low fat,0.0,Frozen Foods,OUT045,2002,,Tier 2,Supermarket Type1,2660.9032,3.5,2023-03-21
FDK18,6.301,Regular,0.075665,Baking Goods,OUT013,1987,High,Tier 3,Supermarket Type1,1560.2764,3.683,2022-06-27
FDN50,10.536,Low Fat,0.06101,Starchy Foods,OUT046,1997,Small,Tier 1,Supermarket Type1,2418.6602,4.1,2023-09-23
FDY13,9.099,low fat,0.036936,Canned,OUT013,1987,High,Tier 3,Supermarket Type1,3034.8654,3.9,2023-03-18
FDJ46,14.386,LF,0.021796,Dairy,OUT013,1987,High,Tier 3,Supermarket Type1,1638.5195,4.272,2023-01-16
NCB40,12.466,low fat,0.020507,Health and Hygiene,OUT019,1985,Small,Tier 1,Grocery Store,1076.9681,4.0,2023-03-20
FDX51,,reg,0.085326,Frozen Foods,OUT046,1997,Small,Tier 1,Supermarket Type1,4733.4684,4.0,2023-05-28
FDK42,12.402,LF,0.027447,Dairy,OUT027,1985,Medium,Tier 3,Supermarket Type3,2898.8374,4.2,2022-12-20
DRK47,10.808,reg,0.212385,Soft Drinks,OUT035,2004,Small,Tier 2,Supermarket Type1,3687.9425,3.8,2023-12-12
FDP19,16.68,LF,0.020998,Dairy,OUT018,2009,Medium,Tier 3,Supermarket Type2,1976.3282,4.181,2023-03-14
NCB36,,Low Fat,0.040396,Household,OUT049,1999,Medium,Tier 1,Supermarket Type1,874.9844,3.5,2023-05-16
FDB19,10.949,reg,0.042851,Fruits and Vegetables,OUT027,1985,Medium,Tier 3,Supermarket Type3,7520.1031,4.0,2022-11-16
NCA46,11.428,Low Fat ,0.07609,Health and Hygiene,OUT017,2007,,Tier 2,Supermarket Type1,3401.158,3.879,2022-09-22
FDG50,11.393,Low Fat,0.043855,Breakfast,OUT017,2007,,Tier 2,Supermarket Type1,2628.2894,4.033,2022-07-30
FDY41,15.347,Low Fat,0.050527,Fruits and Vegetables,OUT049,1999,Medium,Tier 1,Supermarket Type1,9810.0695,4.9,2022-08-28
DRF57,9.904, Regular,0.023671,Soft Drinks,OUT046,1997,Small,Tier 1,Supermarket Type1,2304.4667,3.9,2022-03-03
FDN39,8.43,LF,0.0,Snack Foods,OUT046,1997,Small,Tier 1,Supermarket Type1,948.8283,4.5,2022-07-29
FDQ20,15.514,LF,0.060045,Breads,OUT018,2009,Medium,Tier 3,Supermarket Type2,3768.5207,4.5,2023-01-07
FDM13,12.125,Low Fat ,0.03696,Fruits and Vegetables,OUT017,2007,,Tier 2,Supermarket Type1,1588.835,4.4,2023-06-18
DRE26,11.039,Low Fat ,0.0,Soft Drinks,OUT017,2007,,Tier 2,Supermarket Type1,3331.1376,3.5,2022-10-04
FDU41,13.831,Low Fat,0.055635,Snack Foods,OUT013,1987,High,Tier 3,Supermarket Type1,2967.4532,3.6,2022-07-17
NCN29,18.345,Low Fat ,0.112907,Health and Hygiene,OUT013,1987,High,Tier 3,Supermarket Type1,2882.7987,3.8,2022-08-16
FDX24,12.548,reg,0.0,Frozen Foods,OUT017,2007,,Tier 2,Supermarket Type1,4586.3603,3.5,2022-07-30
FDY54,19.944,LF,0.041217,Frozen Foods,OUT045,2002,,Tier 2,Supermarket Type1,1344.543,3.5,2023-03-23
FDG15,17.684,Low Fat ,0.028354,Canned,OUT035,2004,Small,Tier 2,Supermarket Type1,1151.2406,3.8,2022-03-15
FDP10,12.262,LF,0.058178,Dairy,OUT010,1998,,Tier 3,Grocery Store,1153.7953,4.3,2023-06-02
FDN51,19.659,Low Fat ,0.020964,Dairy,OUT045,2002,,Tier 2,Supermarket Type1,2312.343,3.9,2023-02-21
FDA36,7.569,reg,0.065993,Frozen Foods,OUT046,1997,Small,Tier 1,Supermarket Type1,3477.7004,4.034,2023-03-06
NCX26,18.035,low fat,0.062016,Household,OUT027,1985,Medium,Tier 3,Supermarket Type3,2301.9867,3.504,2022-05-14
FDA38,16.805,low fat,0.162684,Seafood,OUT018,2009,Medium,Tier 3,Supermarket Type2,4984.3298,4.0,2022-02-14
FDP32,17.035,Regular,0.065322,Snack Foods,OUT027,1985,Medium,Tier 3,Supermarket Type3,2450.3677,3.6,2022-05-05
FDR48,17.856,low fat,0.034466,Fruits and Vegetables,OUT027,1985,Medium,Tier 3,Supermarket Type3,6017.222,4.076,2022-08-29
FDA21,16.765,Low Fat,0.034356,Fruits and Vegetables,OUT045,2002,,Tier 2,Supermarket Type1,2331.1019,4.319,2023-10-17
FDE12,7.917,LF,0.039647,Frozen Foods,OUT046,1997,Small,Tier 1,Supermarket Type1,2097.8583,4.2,2023-03-28
NCA40,5.55,low fat,0.047368,Household,OUT017,2007,,Tier 2,Supermarket Type1,4774.9576,4.5,2022-05-03
FDS29,,Regular,0.081278,Frozen Foods,OUT013,1987,High,Tier 3,Supermarket Type1,788.6977,3.7,2023-10-17
DRK24,17.062,LF,0.093138,Hard Drinks,OUT027,1985,Medium,Tier 3,Supermarket Type3,2374.9092,3.8,2023-06-01
FDA32,16.316,Regular,0.018255,Frozen Foods,OUT017,2007,,Tier 2,Supermarket Type1,2811.4831,3.8,2022-06-30
NCV32,9.714,low fat,0.052466,Household,OUT027,1985,Medium,Tier 3,Supermarket Type3,5145.0193,3.9,2023-02-07
FDW58,15.151,LF,0.017587,Baking Goods,OUT017,2007,,Tier 2,Supermarket Type1,2747.0881,2.8,2023-12-11
FDN19,19.992, Regular,0.0,Snack Foods,OUT027,1985,Medium,Tier 3,Supermarket Type3,1831.3613,4.586,2023-07-17
FDH56,7.011,reg,0.033386,Frozen Foods,OUT035,2004,Small,Tier 2,Supermarket Type1,6189.7117,3.3,2022-08-23
FDP48,6.336,Low Fat ,0.036303,Baking Goods,OUT018,2009,Medium,Tier 3,Supermarket Type2,3932.0737,4.137,2023-06-06
FDM43,,Low Fat,0.056446,Meat,OUT035,2004,Small,Tier 2,Supermarket Type1,2804.6975,4.4,2022-06-18
DRQ35,19.721,LF,0.106539,Soft Drinks,OUT049,1999,Medium,Tier 1,Supermarket Type1,2533.8093,3.7,2022-04-07
FDN19,19.992, Regular,0.106662,Snack Foods,OUT017,2007,,Tier 2,Supermarket Type1,3008.4104,4.3,2023-03-18
FDK42,12.402,Low Fat,0.045662,Dairy,OUT017,2007,,Tier 2,Supermarket Type1,1187.8767,4.3,2023-04-03
FDX28,7.177, Regular,0.116462,Fruits and Vegetables,OUT046,1997,Small,Tier 1,Supermarket Type1,4857.1295,4.002,2022-02-01
FDG32,5.767, Regular,0.02495,Frozen Foods,OUT046,1997,Small,Tier 1,Supermarket Type1,457.009,3.7,2022-02-28
DRN50,14.272, Regular,0.049668,Soft Drinks,OUT010,1998,,Tier 3,Grocery Store,1523.4237,3.6,2023-09-13
FDF44,14.414,Low Fat ,0.049283,Starchy Foods,OUT046,1997,Small,Tier 1,Supermarket Type1,3537.3127,3.7,2022-06-23
NCH23,10.774,low fat,0.0,Household,OUT046,1997,Small,Tier 1,Supermarket Type1,2123.8151,4.0,2023-11-30
FDA11,8.336,Low Fat ,0.044966,Fruits and Vegetables,OUT035,2004,Small,Tier 2,Supermarket Type1,5822.4569,3.9,2022-09-18
FDB27,,Regular,0.083212,Dairy,OUT017,2007,,Tier 2,Supermarket Type1,727.7315,4.4,2023-07-31
FDD10,11.826,Low Fat,0.117742,Canned,OUT017,2007,,Tier 2,Supermarket Type1,3059.8533,4.4,2023-04-20
DRW43,9.96, Regular,0.060296,Hard Drinks,OUT017,2007,,Tier 2,Supermarket Type1,1976.8932,3.9,2023-02-10
FDS23,19.844,Regular,0.02122,Dairy,OUT013,1987,High,Tier 3,Supermarket Type1,1467.2242,3.8,2022-08-02
FDJ32,,low fat,0.081827,Dairy,OUT027,1985,Medium,Tier 3,Supermarket Type3,13086.9648,4.289,2023-10-14
FDW57,4.66,Low Fat,0.067839,Baking Goods,OUT010,1998,,Tier 3,Grocery Store,547.2969,3.7,2022-11-09
NCY27,11.304,LF,0.143156,Health and Hygiene,OUT049,1999,Medium,Tier 1,Supermarket Type1,3557.8319,3.9,2023-02-16
DRD28,12.916,low fat,0.0,Hard Drinks,OUT013,1987,High,Tier 3,Supermarket Type1,1556.4621,3.9,2022-06-30
FDB29,6.533,Low Fat,0.051276,Baking Goods,OUT019,1985,Small,Tier 1,Grocery Store,1279.1113,4.3,2023-08-31
FDY31,,low fat,0.017732,Baking Goods,OUT049,1999,Medium,Tier 1,Supermarket Type1,1294.392,3.2,2022-05-07
FDH23,19.557,low fat,0.042204,Baking Goods,OUT049,1999,Medium,Tier 1,Supermarket Type1,5737.5057,4.9,2023-02-23
NCG45,12.08,LF,0.065461,Household,OUT046,1997,Small,Tier 1,Supermarket Type1,3063.6732,3.5,2022-12-15
FDS40,9.643,Low Fat ,0.074176,Frozen Foods,OUT049,1999,Medium,Tier 1,Supermarket Type1,1013.4554,3.8,2023-07-10
FDU23,7.608, Regular,0.069981,Snack Foods,OUT013,1987,High,Tier 3,Supermarket Type1,7903.5879,3.8,2022-03-05
DRA30,7.906, Regular,0.069019,Soft Drinks,OUT049,1999,Medium,Tier 1,Supermarket Type1,3645.9531,3.8,2023-09-09
NCM41,4.607,Low Fat ,0.237843,Health and Hygiene,OUT027,1985,Medium,Tier 3,Supermarket Type3,13086.9648,3.8,2023-05-21
FDX51,12.577, Regular,0.258041,Frozen Foods,OUT017,2007,,Tier 2,Supermarket Type1,1637.2985,4.1,2022-01-14
NCJ56,5.504,Low Fat ,0.049372,Household,OUT027,1985,Medium,Tier 3,Supermarket Type3,4506.8876,4.5,2022-02-10
FDA53,11.458,Regular,0.046875,Fruits and Vegetables,OUT019,1985,Small,Tier 1,Grocery Store,1289.723,3.8,2022-09-04
FDF30,,Low Fat,0.038996,Baking Goods,OUT035,2004,Small,Tier 2,Supermarket Type1,763.5524,3.7,2022-04-07
FDE23,15.058,low fat,0.026125,Dairy,OUT027,1985,Medium,Tier 3,Supermarket Type3,8604.8182,4.2,2023-04-27
NCD43,4.942,LF,0.157546,Household,OUT045,2002,,Tier 2,Supermarket Type1,5123.3252,4.0,2023-05-06
NCY31,19.658,LF,0.041585,Health and Hygiene,OUT019,1985,Small,Tier 1,Grocery Store,1166.8866,3.9,2023-05-30
FDM30,8.742,Low Fat,0.050293,Meat,OUT046,1997,Small,Tier 1,Supermarket Type1,2238.2342,3.4,2022-05-16
FDF26,8.315,Low Fat,0.093721,Fruits and Vegetables,OUT046,1997,Small,Tier 1,Supermarket Type1,4470.5224,4.5,2023-12-28
FDA24,,LF,0.105989,Fruits and Vegetables,OUT017,2007,,Tier 2,Supermarket Type1,1025.6645,4.2,2022-11-22
FDA39,,Low Fat ,0.090732,Fruits and Vegetables,OUT035,2004,Small,Tier 2,Supermarket Type1,752.5595,4.3,2023-06-06
NCN11,11.953,Low Fat,0.032843,Household,OUT017,2007,,Tier 2,Supermarket Type1,1456.5237,3.475,2023-08-15
FDA17,8.303,reg,0.043853,Frozen Foods,OUT017,2007,,Tier 2,Supermarket Type1,8891.0368,4.0,2023-01-08
FDB18,13.882, Regular,0.052307,Canned,OUT046,1997,Small,Tier 1,Supermarket Type1,1459.1757,3.9,2022-09-19
FDQ46,6.202,low fat,0.018208,Baking Goods,OUT027,1985,Medium,Tier 3,Supermarket Type3,2937.0709,4.3,2022-08-27
FDJ14,16.971,Regular,0.016968,Fruits and Vegetables,OUT035,2004,Small,Tier 2,Supermarket Type1,3981.7574,4.8,2023-05-30
FDJ24,21.146,low fat,0.0,Frozen Foods,OUT045,2002,,Tier 2,Supermarket Type1,1020.9563,3.6,2023-07-04
FDM55,7.425,Regular,0.026995,Snack Foods,OUT010,1998,,Tier 3,Grocery Store,494.8369,4.18,2022-10-17
FDX53,10.726,Regular,0.043011,Frozen Foods,OUT035,2004,Small,Tier 2,Supermarket Type1,2921.6948,4.2,2023-09-05
NCU32,13.257,Low Fat ,0.045455,Health and Hygiene,OUT046,1997,Small,Tier 1,Supermarket Type1,3242.4763,4.4,2023-06-14
DRX40,9.325,reg,0.034661,Soft Drinks,OUT027,1985,Medium,Tier 3,Supermarket Type3,3296.3728,4.0,2022-03-07
FDB31,15.89, Regular,0.091529,Snack Foods,OUT049,1999,Medium,Tier 1,Supermarket Type1,2889.4241,3.7,2023-12-31
DRS17,14.637,low fat,0.039221,Soft Drinks,OUT013,1987,High,Tier 3,Supermarket Type1,4202.1553,3.9,2022-09-07
FDJ46,14.386,LF,0.089239,Dairy,OUT019,1985,Small,Tier 1,Grocery Store,942.6877,4.0,2023-05-30
FDP24,5.638,LF,0.074404,Starchy Foods,OUT017,2007,,Tier 2,Supermarket Type1,1135.0741,4.4,2022-08-20
DRG26,19.789,Low Fat ,0.05644,Soft Drinks,OUT010,1998,,Tier 3,Grocery Store,517.4081,3.9,2022-05-08
NCA51,19.257,Low Fat,0.035686,Health and Hygiene,OUT018,2009,Medium,Tier 3,Supermarket Type2,3406.4152,3.8,2022-05-23
DRC11,, Regular,0.053152,Soft Drinks,OUT010,1998,,Tier 3,Grocery Store,429.7742,3.6,2022-01-08
FDA44,21.324,Regular,0.054353,Baking Goods,OUT013,1987,High,Tier 3,Supermarket Type1,3166.0883,3.6,2023-02-27
FDJ59,12.917,Low Fat ,0.048593,Frozen Foods,OUT019,1985,Small,Tier 1,Grocery Store,922.2588,4.1,2023-11-09
FDF53,18.916,Regular,0.110594,Baking Goods,OUT049,1999,Medium,Tier 1,Supermarket Type1,1602.8088,3.7,2023-11-08
NCX55,13.789,Low Fat,0.054587,Household,OUT010,1998,,Tier 3,Grocery Store,666.7922,3.9,2023-03-07
FDU56,18.417,Low Fat,0.076184,Snack Foods,OUT018,2009,Medium,Tier 3,Supermarket Type2,1971.9807,3.9,2023-03-22
FDM16,9.208,low fat,0.062199,Fruits and Vegetables,OUT046,1997,Small,Tier 1,Supermarket Type1,1280.1113,4.071,2022-06-10
FDG38,8.202,low fat,0.038505,Dairy,OUT045,2002,,Tier 2,Supermarket Type1,5217.6152,4.5,2023-08-05
FDY44,20.894,LF,0.014418,Fruits and Vegetables,OUT019,1985,Small,Tier 1,Grocery Store,1345.1054,4.1,2022-09-07
FDN34,,Regular,0.035651,Canned,OUT018,2009,Medium,Tier 3,Supermarket Type2,1154.5706,4.1,2022-08-05
DRY34,9.338,reg,0.072936,Hard Drinks,OUT046,1997,Small,Tier 1,Supermarket Type1,3361.0641,4.1,2023-06-17
FDH24,, Regular,0.029983,Baking Goods,OUT027,1985,Medium,Tier 3,Supermarket Type3,3300.497,3.5,2022-09-26
FDS14,15.233,Low Fat,0.064485,Fruits and Vegetables,OUT018,2009,Medium,Tier 3,Supermarket Type2,2600.3578,3.9,2022-11-30
NCQ19,,Low Fat ,0.049293,Health and Hygiene,OUT027,1985,Medium,Tier 3,Supermarket Type3,13086.9648,3.787,2022-04-12
FDR57,8.003,Low Fat,0.060202,Dairy,OUT018,2009,Medium,Tier 3,Supermarket Type2,1837.2013,3.3,2022-02-03
NCS27,11.051,LF,0.021059,Others,OUT035,2004,Small,Tier 2,Supermarket Type1,1349.9291,3.1,2022-05-16
DRC39,8.987,Low Fat ,0.058683,Soft Drinks,OUT018,2009,Medium,Tier 3,Supermarket Type2,2177.6332,3.4,2023-09-24
NCK51,8.763,LF,0.029319,Household,OUT018,2009,Medium,Tier 3,Supermarket Type2,4710.4674,4.4,2023-01-08
NCK13,20.327,low fat,0.033385,Health and Hygiene,OUT027,1985,Medium,Tier 3,Supermarket Type3,3081.2148,4.9,2022-01-11
FDU39,9.03,LF,0.067769,Fruits and Vegetables,OUT027,1985,Medium,Tier 3,Supermarket Type3,4179.7007,4.3,2022-10-03
FDV51,19.36,Regular,0.126542,Fruits and Vegetables,OUT019,1985,Small,Tier 1,Grocery Store,1173.9971,3.6,2023-06-28
FDD43,,Regular,0.060522,Canned,OUT035,2004,Small,Tier 2,Supermarket Type1,1298.6886,3.6,2022-01-13
FDM10,7.376,low fat,0.035634,Canned,OUT013,1987,High,Tier 3,Supermarket Type1,1676.7197,3.6,2022-05-05
FDW13,17.305,Low Fat,0.08778,Canned,OUT019,1985,Small,Tier 1,Grocery Store,1227.6524,3.9,2023-03-22
NCV55,15.451,LF,0.068128,Household,OUT027,1985,Medium,Tier 3,Supermarket Type3,2915.7988,3.3,2023-06-25
FDF31,5.834,reg,0.097161,Canned,OUT013,1987,High,Tier 3,Supermarket Type1,5842.0222,4.0,2023-10-10
FDN32,12.912,LF,0.088833,Meat,OUT035,2004,Small,Tier 2,Supermarket Type1,3713.4093,3.765,2023-12-31
NCJ10,19.491,Low Fat,0.043082,Health and Hygiene,OUT049,1999,Medium,Tier 1,Supermarket Type1,1818.7379,3.7,2023-09-23
FDR25,11.994, Regular,0.017865,Fruits and Vegetables,OUT045,2002,,Tier 2,Supermarket Type1,1184.3898,4.1,2022-11-18
NCB43,10.044,low fat,0.037719,Household,OUT010,1998,,Tier 3,Grocery Store,389.5746,3.5,2022-04-27
FDW53,12.437,Low Fat,0.052458,Snack Foods,OUT027,1985,Medium,Tier 3,Supermarket Type3,9334.2334,4.8,2023-01-22
NCB45,,low fat,0.047912,Household,OUT045,2002,,Tier 2,Supermarket Type1,4221.5915,4.2,2022-06-11
NCM41,4.607,low fat,0.071832,Health and Hygiene,OUT013,1987,High,Tier 3,Supermarket Type1,2172.3164,4.1,2022-09-22
FDU46,13.585,LF,0.024312,Canned,OUT018,2009,Medium,Tier 3,Supermarket Type2,4821.7786,4.1,2023-09-03
FDC22,7.88,Regular,0.034387,Dairy,OUT013,1987,High,Tier 3,Supermarket Type1,4478.1253,4.2,2023-08-25
FDQ51,17.133,reg,0.055829,Canned,OUT045,2002,,Tier 2,Supermarket Type1,1809.3744,4.3,2022-11-20
FDP55,, Regular,0.033789,Frozen Foods,OUT018,2009,Medium,Tier 3,Supermarket Type2,6338.0427,4.3,2023-12-05
FDR24,20.313, Regular,0.042602,Baking Goods,OUT035,2004,Small,Tier 2,Supermarket Type1,2100.1934,3.9,2022-03-31
FDV41,10.991,Low Fat,0.065486,Snack Foods,OUT027,1985,Medium,Tier 3,Supermarket Type3,11105.984,3.6,2022-07-27
FDN47,8.632,Low Fat ,0.054939,Fruits and Vegetables,OUT045,2002,,Tier 2,Supermarket Type1,2685.9414,3.9,2023-08-09
FDX45,5.396,reg,0.040022,Breads,OUT049,1999,Medium,Tier 1,Supermarket Type1,4553.8737,4.6,2023-04-14
FDY31,15.452,low fat,0.109455,Baking Goods,OUT045,2002,,Tier 2,Supermarket Type1,2177.8854,4.0,2023-12-02
NCS19,,low fat,0.036742,Others,OUT049,1999,Medium,Tier 1,Supermarket Type1,2098.8278,3.5,2022-10-11
NCM44,15.08,LF,0.065676,Others,OUT018,2009,Medium,Tier 3,Supermarket Type2,2393.0059,3.9,2022-03-08
FDB29,6.533,low fat,0.086024,Baking Goods,OUT045,2002,,Tier 2,Supermarket Type1,1584.6349,3.7,2022-05-26
FDY53,13.553,Low Fat,0.088463,Frozen Foods,OUT017,2007,,Tier 2,Supermarket Type1,2950.432,3.7,2022-12-12
FDE36,,LF,0.045821,Canned,OUT045,2002,,Tier 2,Supermarket Type1,1328.9699,4.196,2023-04-16
NCG21,12.139,LF,0.03012,Others,OUT018,2009,Medium,Tier 3,Supermarket Type2,4463.195,3.761,2022-12-08
FDP16,20.034, Regular,0.069368,Snack Foods,OUT018,2009,Medium,Tier 3,Supermarket Type2,1642.0637,3.9,2023-08-31
FDB17,,Low Fat ,0.072214,Baking Goods,OUT027,1985,Medium,Tier 3,Supermarket Type3,3862.7658,4.3,2022-09-09
FDE18,18.777,Low Fat ,0.053955,Canned,OUT045,2002,,Tier 2,Supermarket Type1,974.9997,4.1,2022-07-25
NCU52,10.865,Low Fat ,0.052689,Health and Hygiene,OUT019,1985,Small,Tier 1,Grocery Store,829.1915,4.1,2023-01-03
FDG27,11.083,Low Fat ,0.061784,Dairy,OUT035,2004,Small,Tier 2,Supermarket Type1,4360.4892,4.3,2022-04-14
DRB37,16.928,Low Fat ,0.112259,Soft Drinks,OUT013,1987,High,Tier 3,Supermarket Type1,3266.3207,4.406,2022-06-25
DRV48,14.044,Low Fat,0.030088,Hard Drinks,OUT045,2002,,Tier 2,Supermarket Type1,1343.5832,3.6,2023-09-01
DRE50,14.937,LF,0.046978,Soft Drinks,OUT027,1985,Medium,Tier 3,Supermarket Type3,1660.8956,3.7,2023-11-23
FDM24,8.58,Low Fat,0.060933,Breads,OUT017,2007,,Tier 2,Supermarket Type1,856.3226,3.9,2023-02-10
FDK29,12.272,Regular,0.088541,Baking Goods,OUT046,1997,Small,Tier 1,Supermarket Type1,4435.9369,3.9,2022-09-09
NCP55,,Low Fat,0.045257,Household,OUT027,1985,Medium,Tier 3,Supermarket Type3,13086.9648,4.2,2023-10-30
FDB34,20.298,reg,0.080985,Dairy,OUT046,1997,Small,Tier 1,Supermarket Type1,1314.4134,4.0,2023-12-21
FDV57,20.993,Low Fat,0.079272,Dairy,OUT017,2007,,Tier 2,Supermarket Type1,2823.325,3.6,2022-07-08
NCD50,9.969,Low Fat,0.125534,Household,OUT035,2004,Small,Tier 2,Supermarket Type1,1723.2216,3.4,2023-04-26
FDW17,15.488,LF,0.067746,Dairy,OUT035,2004,Small,Tier 2,Supermarket Type1,2251.8913,4.3,2022-11-28
FDS36,4.917,Regular,0.022253,Frozen Foods,OUT027,1985,Medium,Tier 3,Supermarket Type3,5106.7724,4.3,2022-04-04
FDH51,14.138,Low Fat ,0.026038,Fruits and Vegetables,OUT046,1997,Small,Tier 1,Supermarket Type1,3561.6709,4.3,2022-11-26
NCN55,9.065,low fat,0.024013,Others,OUT017,2007,,Tier 2,Supermarket Type1,1452.7178,4.3,2022-09-05
FDV36,15.16,LF,0.118203,Meat,OUT049,1999,Medium,Tier 1,Supermarket Type1,1957.3129,4.6,2022-04-25
FDC41,,reg,0.028336,Breads,OUT049,1999,Medium,Tier 1,Supermarket Type1,1499.4718,3.9,2022-12-13
FDK38,16.765,LF,0.030675,Breads,OUT049,1999,Medium,Tier 1,Supermarket Type1,1358.3647,3.6,2023-01-12
NCW42,,LF,0.073898,Health and Hygiene,OUT049,1999,Medium,Tier 1,Supermarket Type1,3211.8113,4.3,2022-08-05
FDV58,15.58,Low Fat ,0.023376,Meat,OUT035,2004,Small,Tier 2,Supermarket Type1,3066.9062,3.7,2023-03-11
NCS34,,Low Fat,0.020278,Health and Hygiene,OUT045,2002,,Tier 2,Supermarket Type1,1414.6827,4.3,2022-01-17
FDR59,15.9,Low Fat,0.029603,Canned,OUT017,2007,,Tier 2,Supermarket Type1,1192.9806,3.8,2023-06-30
DRQ18,,LF,0.048716,Soft Drinks,OUT013,1987,High,Tier 3,Supermarket Type1,2626.5157,3.8,2022-12-09
FDG54,19.473,Low Fat ,0.073926,Baking Goods,OUT013,1987,High,Tier 3,Supermarket Type1,3831.8099,3.8,2022-12-08
DRU56,15.099,Low Fat ,0.032803,Soft Drinks,OUT049,1999,Medium,Tier 1,Supermarket Type1,3719.4741,3.2,2022-03-12
NCM24,,Low Fat ,0.057807,Household,OUT027,1985,Medium,Tier 3,Supermarket Type3,8399.3471,3.731,2023-02-20
FDC39,5.657,Low Fat,0.030171,Snack Foods,OUT049,1999,Medium,Tier 1,Supermarket Type1,3221.7401,4.4,2022-11-09
FDW30,5.672,reg,0.022588,Baking Goods,OUT045,2002,,Tier 2,Supermarket Type1,1660.4107,3.7,2023-03-23
FDW59,8.288,Low Fat,0.131201,Dairy,OUT013,1987,High,Tier 3,Supermarket Type1,1349.1057,4.0,2023-12-01
FDF15,13.732,LF,0.080923,Fruits and Vegetables,OUT049,1999,Medium,Tier 1,Supermarket Type1,1447.6925,3.6,2022-11-24
FDF14,9.674,reg,0.086452,Canned,OUT013,1987,High,Tier 3,Supermarket Type1,8345.8711,3.864,2022-02-19
FDE15,,Low Fat ,0.090361,Frozen Foods,OUT049,1999,Medium,Tier 1,Supermarket Type1,1625.8369,4.0,2023-03-03
FDV53,11.249,Low Fat ,0.019252,Fruits and Vegetables,OUT027,1985,Medium,Tier 3,Supermarket Type3,3269.4985,4.4,2022-06-08
NCH25,18.184,Low Fat ,0.069307,Household,OUT045,2002,,Tier 2,Supermarket Type1,4820.5536,3.8,2023-03-16
FDA20,5.554,Low Fat ,0.056444,Fruits and Vegetables,OUT035,2004,Small,Tier 2,Supermarket Type1,1951.7491,4.4,2023-03-06
NCC34,4.652,Low Fat,0.038783,Health and Hygiene,OUT017,2007,,Tier 2,Supermarket Type1,6215.6592,3.7,2023-08-09
FDV37,,Regular,0.02469,Dairy,OUT049,1999,Medium,Tier 1,Supermarket Type1,3264.1441,4.303,2023-02-14
FDJ15,12.735,LF,0.090658,Baking Goods,OUT046,1997,Small,Tier 1,Supermarket Type1,4156.9797,4.0,2022-09-13
FDE33,,low fat,0.018991,Snack Foods,OUT049,1999,Medium,Tier 1,Supermarket Type1,4215.6812,4.1,2023-09-02
FDW56,11.352,low fat,0.064537,Fruits and Vegetables,OUT035,2004,Small,Tier 2,Supermarket Type1,1691.4509,4.4,2023-12-21
FDR50,9.777,Regular,0.034921,Meat,OUT010,1998,,Tier 3,Grocery Store,556.5215,3.5,2022-04-17
FDX54,20.589,reg,0.056684,Frozen Foods,OUT013,1987,High,Tier 3,Supermarket Type1,3903.8935,3.614,2022-04-27
FDS35,6.217,Low Fat ,0.092436,Canned,OUT017,2007,,Tier 2,Supermarket Type1,2773.0819,4.3,2022-08-13
FDN47,,Low Fat ,0.07533,Fruits and Vegetables,OUT027,1985,Medium,Tier 3,Supermarket Type3,8089.0367,4.1,2022-10-30
FDR53,16.43,Low Fat ,0.082792,Canned,OUT027,1985,Medium,Tier 3,Supermarket Type3,6825.0723,4.268,2022-09-20
DRM49,9.865,LF,0.159951,Soft Drinks,OUT027,1985,Medium,Tier 3,Supermarket Type3,3552.5431,4.2,2022-03-27
FDV33,,reg,0.038241,Dairy,OUT035,2004,Small,Tier 2,Supermarket Type1,1576.3122,3.5,2023-08-02
DRE42,10.471,reg,0.091114,Soft Drinks,OUT018,2009,Medium,Tier 3,Supermarket Type2,1180.8229,4.433,2023-06-27
NCG12,,LF,0.058805,Health and Hygiene,OUT046,1997,Small,Tier 1,Supermarket Type1,1046.4077,3.9,2022-12-28
DRB12,6.889,Low Fat ,0.043229,Soft Drinks,OUT049,1999,Medium,Tier 1,Supermarket Type1,3015.7448,3.4,2023-09-06
FDF17,18.58,LF,0.095113,Dairy,OUT018,2009,Medium,Tier 3,Supermarket Type2,5273.7709,4.9,2023-02-07
FDP39,,Low Fat ,0.034451,Fruits and Vegetables,OUT018,2009,Medium,Tier 3,Supermarket Type2,1448.1097,3.7,2023-07-09
NCA46,11.428,Low Fat ,0.077266,Health and Hygiene,OUT045,2002,,Tier 2,Supermarket Type1,1545.0384,3.6,2023-05-12
FDC32,17.342,LF,0.085561,Breakfast,OUT045,2002,,Tier 2,Supermarket Type1,1446.0714,4.2,2023-05-04
FDW46,7.853,reg,0.043433,Breads,OUT019,1985,Small,Tier 1,Grocery Store,267.1664,4.0,2023-12-15
FDM17,9.053, Regular,0.032509,Fruits and Vegetables,OUT049,1999,Medium,Tier 1,Supermarket Type1,3720.1667,4.1,2022-03-02
NCM46,5.474,Low Fat ,0.058835,Others,OUT035,2004,Small,Tier 2,Supermarket Type1,3609.5458,3.8,2022-06-02
FDB53,20.48,Regular,0.080269,Fruits and Vegetables,OUT018,2009,Medium,Tier 3,Supermarket Type2,3314.4114,4.761,2023-12-30
FDF36,14.458, Regular,0.024996,Fruits and Vegetables,OUT019,1985,Small,Tier 1,Grocery Store,1348.1427,3.861,2022-12-19
FDY29,,reg,0.026052,Snack Foods,OUT045,2002,,Tier 2,Supermarket Type1,790.1678,4.1,2023-07-22
FDG40,,reg,0.041544,Snack Foods,OUT046,1997,Small,Tier 1,Supermarket Type1,1674.4018,4.0,2022-06-24
FDX22,16.516,Low Fat,0.01394,Frozen Foods,OUT046,1997,Small,Tier 1,Supermarket Type1,2644.0781,3.569,2022-11-20
FDB47,7.071,Low Fat ,0.040734,Meat,OUT027,1985,Medium,Tier 3,Supermarket Type3,4010.2332,3.9,2023-06-02
FDA54,6.503,Low Fat,0.0,Snack Foods,OUT045,2002,,Tier 2,Supermarket Type1,1763.3983,4.7,2022-05-31
FDQ47,19.566,Regular,0.070877,Meat,OUT045,2002,,Tier 2,Supermarket Type1,2484.5098,4.1,2023-05-21
FDQ18,18.453,LF,0.029101,Frozen Foods,OUT010,1998,,Tier 3,Grocery Store,853.4789,3.6,2022-03-31
NCW40,,low fat,0.042714,Household,OUT017,2007,,Tier 2,Supermarket Type1,3906.8276,4.5,2022-04-14
FDY59,18.93,reg,0.0,Frozen Foods,OUT027,1985,Medium,Tier 3,Supermarket Type3,1908.6219,3.9,2022-04-01
FDR16,5.72,Low Fat,0.020782,Meat,OUT046,1997,Small,Tier 1,Supermarket Type1,1500.8126,4.1,2023-03-16
FDG58,11.849,Regular,0.133043,Snack Foods,OUT010,1998,,Tier 3,Grocery Store,750.4244,4.2,2023-02-19
FDJ49,19.666,Low Fat,0.024834,Breads,OUT018,2009,Medium,Tier 3,Supermarket Type2,3484.6468,4.7,2022-11-06
DRC23,5.584,Regular,0.035621,Soft Drinks,OUT049,1999,Medium,Tier 1,Supermarket Type1,1682.0414,3.8,2023-04-02
FDW46,,reg,0.070016,Breads,OUT018,2009,Medium,Tier 3,Supermarket Type2,4060.8014,3.7,2022-07-15
FDV19,9.897,Low Fat ,0.0,Fruits and Vegetables,OUT017,2007,,Tier 2,Supermarket Type1,888.6576,4.1,2022-09-17
FDN38,,LF,0.081556,Canned,OUT027,1985,Medium,Tier 3,Supermarket Type3,4958.9885,3.7,2023-02-27
FDC57,8.606,Low Fat,0.03768,Meat,OUT035,2004,Small,Tier 2,Supermarket Type1,2954.7318,4.57,2022-02-12
FDJ13,,reg,0.160019,Fruits and Vegetables,OUT013,1987,High,Tier 3,Supermarket Type1,4771.0057,4.8,2022-05-09
NCH28,6.222,LF,0.028016,Health and Hygiene,OUT035,2004,Small,Tier 2,Supermarket Type1,3227.7324,4.016,2023-12-31
FDR27,, Regular,0.055138,Breads,OUT010,1998,,Tier 3,Grocery Store,1264.3833,3.888,2022-10-21
FDQ46,6.202,low fat,0.072107,Baking Goods,OUT018,2009,Medium,Tier 3,Supermarket Type2,1608.986,3.29,2023-11-24
DRK24,17.062,Low Fat,0.030836,Hard Drinks,OUT045,2002,,Tier 2,Supermarket Type1,1479.0692,4.0,2022-05-02
FDM34,8.621,Low Fat ,0.089329,Breads,OUT019,1985,Small,Tier 1,Grocery Store,522.3699,3.4,2022-07-20
FDH31,19.968,Regular,0.044779,Snack Foods,OUT018,2009,Medium,Tier 3,Supermarket Type2,2440.7553,3.9,2023-06-12
FDG33,9.604,Regular,0.093364,Seafood,OUT045,2002,,Tier 2,Supermarket Type1,2527.4797,4.4,2022-05-06
FDH58,,low fat,0.0271,Fruits and Vegetables,OUT027,1985,Medium,Tier 3,Supermarket Type3,2131.9473,4.1,2022-08-02
FDY41,15.347,Low Fat,0.060496,Fruits and Vegetables,OUT027,1985,Medium,Tier 3,Supermarket Type3,8268.9265,4.7,2022-08-25
NCF18,8.583,LF,0.01935,Household,OUT010,1998,,Tier 3,Grocery Store,1042.17,4.3,2023-10-12
FDX18,8.765,reg,0.033931,Breads,OUT046,1997,Small,Tier 1,Supermarket Type1,884.673,4.184,2022-08-09
FDD43,9.959, Regular,0.055855,Canned,OUT045,2002,,Tier 2,Supermarket Type1,2962.2082,4.7,2023-12-28
DRY24,19.16,reg,0.060639,Soft Drinks,OUT027,1985,Medium,Tier 3,Supermarket Type3,3890.4935,4.602,2023-03-17
NCS14,16.323,LF,0.029072,Health and Hygiene,OUT027,1985,Medium,Tier 3,Supermarket Type3,1972.3704,5.0,2022-01-07
FDW11,9.673,low fat,0.039316,Fruits and Vegetables,OUT013,1987,High,Tier 3,Supermarket Type1,7552.6776,4.7,2023-08-10
DRA26,20.237, Regular,0.043909,Soft Drinks,OUT013,1987,High,Tier 3,Supermarket Type1,1700.9343,4.1,2022-11-04
FDB29,6.533,Low Fat ,0.038536,Baking Goods,OUT017,2007,,Tier 2,Supermarket Type1,462.4304,4.29,2023-05-12
DRU26,16.625,Regular,0.053891,Soft Drinks,OUT046,1997,Small,Tier 1,Supermarket Type1,967.9503,3.9,2023-05-26
FDE22,17.059,Regular,0.0409,Canned,OUT035,2004,Small,Tier 2,Supermarket Type1,736.6795,3.4,2022-02-07
FDF40,, Regular,0.05021,Dairy,OUT045,2002,,Tier 2,Supermarket Type1,1010.361,3.7,2022-09-04
DRB41,15.68,Low Fat,0.06437,Soft Drinks,OUT045,2002,,Tier 2,Supermarket Type1,3108.775,4.3,2023-03-11
FDX40,20.491,low fat,0.036596,Frozen Foods,OUT013,1987,High,Tier 3,Supermarket Type1,3920.626,3.9,2022-07-05
FDY50,,LF,0.076681,Seafood,OUT049,1999,Medium,Tier 1,Supermarket Type1,1588.9325,3.8,2022-10-22
FDE34,11.372,Low Fat,0.07427,Snack Foods,OUT049,1999,Medium,Tier 1,Supermarket Type1,1915.3544,3.2,2022-02-01
DRD42,19.259,Low Fat ,0.04518,Hard Drinks,OUT010,1998,,Tier 3,Grocery Store,1109.2074,3.4,2022-01-11
FDC19,15.267,LF,0.048492,Baking Goods,OUT017,2007,,Tier 2,Supermarket Type1,1355.0595,3.3,2022-11-12
FDW31,20.288,Low Fat ,0.057336,Baking Goods,OUT018,2009,Medium,Tier 3,Supermarket Type2,2098.126,4.3,2023-02-22
FDX13,13.755,LF,0.034666,Breakfast,OUT018,2009,Medium,Tier 3,Supermarket Type2,3185.4249,4.0,2022-08-25
FDH24,,reg,0.135273,Baking Goods,OUT018,2009,Medium,Tier 3,Supermarket Type2,4054.0387,3.639,2022-03-24
FDY27,12.851,Low Fat,0.063344,Fruits and Vegetables,OUT019,1985,Small,Tier 1,Grocery Store,454.3704,3.2,2022-02-21
FDJ58,12.906,Low Fat,0.078842,Meat,OUT013,1987,High,Tier 3,Supermarket Type1,1240.3721,3.6,2023-06-14
FDR48,,Low Fat ,0.026931,Fruits and Vegetables,OUT049,1999,Medium,Tier 1,Supermarket Type1,1816.9742,3.729,2023-08-05
NCV17,16.21,Low Fat ,0.068402,Others,OUT027,1985,Medium,Tier 3,Supermarket Type3,5108.0667,4.2,2022-06-12
DRC54,16.659,Low Fat,0.051251,Hard Drinks,OUT027,1985,Medium,Tier 3,Supermarket Type3,4670.065,3.2,2023-09-22
FDM15,16.291,LF,0.070593,Snack Foods,OUT046,1997,Small,Tier 1,Supermarket Type1,2204.0733,3.8,2022-08-08
FDM11,10.74,Low Fat ,0.038842,Fruits and Vegetables,OUT049,1999,Medium,Tier 1,Supermarket Type1,2017.8109,4.2,2023-11-07
FDP16,20.034,Regular,0.054548,Snack Foods,OUT017,2007,,Tier 2,Supermarket Type1,5418.4832,3.8,2023-06-21
FDF57,19.891,Regular,0.033815,Fruits and Vegetables,OUT035,2004,Small,Tier 2,Supermarket Type1,2343.5309,3.888,2023-04-15
DRK22,,Low Fat,0.059398,Hard Drinks,OUT035,2004,Small,Tier 2,Supermarket Type1,1589.9128,3.4,2022-04-08
FDQ25,12.996,LF,0.07005,Baking Goods,OUT027,1985,Medium,Tier 3,Supermarket Type3,5289.6117,4.3,2023-01-08
DRQ33,,reg,0.087198,Soft Drinks,OUT027,1985,Medium,Tier 3,Supermarket Type3,3769.8977,3.7,2022-06-27
FDB36,15.699,Low Fat,0.028003,Fruits and Vegetables,OUT017,2007,,Tier 2,Supermarket Type1,1048.6702,4.3,2022-01-09
FDQ49,14.592,Low Fat,0.066756,Meat,OUT027,1985,Medium,Tier 3,Supermarket Type3,4796.1881,4.3,2023-11-09
NCV48,20.108,Low Fat,0.012405,Health and Hygiene,OUT045,2002,,Tier 2,Supermarket Type1,2794.3576,3.8,2023-11-03
NCM35,7.075,LF,0.045609,Household,OUT049,1999,Medium,Tier 1,Supermarket Type1,1199.7827,4.3,2022-06-06
FDA44,21.324,reg,0.12043,Baking Goods,OUT045,2002,,Tier 2,Supermarket Type1,6271.512,3.3,2023-10-16
FDM32,5.073,Regular,0.079589,Seafood,OUT010,1998,,Tier 3,Grocery Store,1513.7614,3.869,2023-10-18
FDK10,,Low Fat,0.045778,Snack Foods,OUT019,1985,Small,Tier 1,Grocery Store,523.4099,4.0,2022-11-16
NCF19,11.754,Low Fat,0.0,Others,OUT018,2009,Medium,Tier 3,Supermarket Type2,2941.8647,4.0,2023-04-10
FDU35,10.736,LF,0.025713,Seafood,OUT017,2007,,Tier 2,Supermarket Type1,2404.884,4.0,2022-06-13
NCF35,,LF,0.117898,Health and Hygiene,OUT027,1985,Medium,Tier 3,Supermarket Type3,1371.9919,3.7,2022-01-26
FDJ54,16.83,Low Fat,0.043256,Breakfast,OUT013,1987,High,Tier 3,Supermarket Type1,4611.1516,4.5,2023-03-17
FDS57,5.261,low fat,0.032703,Baking Goods,OUT027,1985,Medium,Tier 3,Supermarket Type3,1523.9555,3.9,2023-02-19
FDY43,4.911,LF,0.066156,Snack Foods,OUT017,2007,,Tier 2,Supermarket Type1,6481.7662,4.318,2023-12-18
DRJ46,15.739,low fat,0.025235,Soft Drinks,OUT049,1999,Medium,Tier 1,Supermarket Type1,1134.3745,3.8,2022-11-05
FDC14,,low fat,0.066495,Frozen Foods,OUT017,2007,,Tier 2,Supermarket Type1,4150.1267,3.9,2022-10-09
FDB13,18.295,low fat,0.080965,Breads,OUT017,2007,,Tier 2,Supermarket Type1,1627.6297,3.8,2023-09-09
FDC18,, Regular,0.126687,Snack Foods,OUT018,2009,Medium,Tier 3,Supermarket Type2,4530.8718,4.1,2023-04-13
FDM30,8.742,Low Fat,0.083511,Meat,OUT017,2007,,Tier 2,Supermarket Type1,3959.6039,4.0,2022-06-22
FDM17,, Regular,0.018564,Fruits and Vegetables,OUT035,2004,Small,Tier 2,Supermarket Type1,1243.0636,4.2,2023-04-23
FDB11,5.528,low fat,0.0,Snack Foods,OUT017,2007,,Tier 2,Supermarket Type1,1045.307,4.0,2022-10-09
DRA49,16.511, Regular,0.042275,Hard Drinks,OUT018,2009,Medium,Tier 3,Supermarket Type2,2918.2793,4.0,2022-05-11
FDA13,5.359,LF,0.046978,Dairy,OUT035,2004,Small,Tier 2,Supermarket Type1,1723.634,3.2,2023-11-02
FDE25,17.088,Regular,0.075305,Dairy,OUT017,2007,,Tier 2,Supermarket Type1,1568.9098,4.0,2022-10-23
FDV34,20.063, Regular,0.08305,Snack Foods,OUT017,2007,,Tier 2,Supermarket Type1,7680.5608,4.5,2023-11-25
FDB44,9.709,low fat,0.038259,Fruits and Vegetables,OUT027,1985,Medium,Tier 3,Supermarket Type3,1329.5312,3.9,2022-11-12
FDE11,6.983,reg,0.073383,Meat,OUT045,2002,,Tier 2,Supermarket Type1,1683.7385,3.8,2022-01-04
FDC26,14.28,reg,0.15735,Snack Foods,OUT018,2009,Medium,Tier 3,Supermarket Type2,5060.3078,4.0,2023-04-29
DRK43,19.927,LF,0.032407,Soft Drinks,OUT027,1985,Medium,Tier 3,Supermarket Type3,3871.8974,3.4,2022-04-23
FDK21,21.068, Regular,0.036311,Snack Foods,OUT046,1997,Small,Tier 1,Supermarket Type1,4215.2452,4.297,2023-09-27
FDQ42,21.085, Regular,0.074045,Canned,OUT027,1985,Medium,Tier 3,Supermarket Type3,13086.9648,4.5,2023-03-27
FDY34,14.442,LF,0.049012,Breads,OUT017,2007,,Tier 2,Supermarket Type1,3195.7082,3.5,2023-04-05
FDY47,18.082,low fat,0.053881,Frozen Foods,OUT045,2002,,Tier 2,Supermarket Type1,789.6053,3.6,2022-02-28
NCA33,7.735,LF,0.023992,Health and Hygiene,OUT027,1985,Medium,Tier 3,Supermarket Type3,2561.6219,4.6,2022-08-17
FDW30,5.672, Regular,0.058045,Baking Goods,OUT035,2004,Small,Tier 2,Supermarket Type1,1651.6988,4.0,2023-12-08
DRR46,21.165,reg,0.086378,Hard Drinks,OUT049,1999,Medium,Tier 1,Supermarket Type1,3543.8424,4.229,2023-03-31
FDH35,14.462,low fat,0.016346,Dairy,OUT017,2007,,Tier 2,Supermarket Type1,604.9509,3.7,2022-09-23
FDE36,7.87,low fat,0.042272,Canned,OUT018,2009,Medium,Tier 3,Supermarket Type2,2994.7151,3.8,2023-03-11
DRM21,11.613,Low Fat,0.047893,Hard Drinks,OUT018,2009,Medium,Tier 3,Supermarket Type2,2324.0705,4.1,2022-07-12
FDQ18,18.453,LF,0.050753,Frozen Foods,OUT046,1997,Small,Tier 1,Supermarket Type1,1384.3666,3.2,2022-06-27
FDY16,7.963,LF,0.063534,Frozen Foods,OUT017,2007,,Tier 2,Supermarket Type1,3340.7015,4.2,2023-06-13
NCD27,19.869,Low Fat,0.009058,Health and Hygiene,OUT013,1987,High,Tier 3,Supermarket Type1,4367.9822,4.1,2023-02-10
FDC23,9.823,Low Fat ,0.096469,Canned,OUT013,1987,High,Tier 3,Supermarket Type1,1802.2491,3.994,2023-09-25
FDP24,5.638,LF,0.056183,Starchy Foods,OUT013,1987,High,Tier 3,Supermarket Type1,3337.0322,4.3,2023-01-26
FDJ52,15.723,Low Fat,0.064453,Snack Foods,OUT035,2004,Small,Tier 2,Supermarket Type1,1877.0881,3.6,2022-09-18
DRU50,20.589,low fat,0.054588,Soft Drinks,OUT049,1999,Medium,Tier 1,Supermarket Type1,1981.6535,4.5,2022-09-02
FDF59,,low fat,0.034882,Snack Foods,OUT027,1985,Medium,Tier 3,Supermarket Type3,7881.1703,4.5,2022-08-10
FDH39,,Regular,0.051183,Frozen Foods,OUT035,2004,Small,Tier 2,Supermarket Type1,3786.612,4.0,2022-12-10
FDP41,10.818,Low Fat ,0.077352,Frozen Foods,OUT018,2009,Medium,Tier 3,Supermarket Type2,1754.1541,3.9,2022-09-05
FDG33,,reg,0.020645,Seafood,OUT027,1985,Medium,Tier 3,Supermarket Type3,8073.9435,3.9,2023-07-11
FDH30,12.546,Low Fat,0.083285,Frozen Foods,OUT046,1997,Small,Tier 1,Supermarket Type1,1288.1444,4.0,2023-05-30
NCC42,4.717,Low Fat,0.029612,Household,OUT035,2004,Small,Tier 2,Supermarket Type1,2791.4476,3.5,2022-04-06
DRM17,19.619,Regular,0.104423,Soft Drinks,OUT017,2007,,Tier 2,Supermarket Type1,1848.8645,3.1,2023-08-28
FDU44,8.169,Low Fat,0.05806,Dairy,OUT017,2007,,Tier 2,Supermarket Type1,3084.352,4.8,2023-01-13
FDN13,,LF,0.028331,Fruits and Vegetables,OUT018,2009,Medium,Tier 3,Supermarket Type2,4003.3078,3.913,2023-07-11
FDP54,8.636, Regular,0.029866,Snack Foods,OUT017,2007,,Tier 2,Supermarket Type1,3741.0615,3.9,2022-07-16
FDB41,,LF,0.027003,Breads,OUT049,1999,Medium,Tier 1,Supermarket Type1,2863.7283,3.5,2022-06-08
FDK21,21.068, Regular,0.102151,Snack Foods,OUT049,1999,Medium,Tier 1,Supermarket Type1,3263.548,3.8,2023-01-30
NCC13,11.653,LF,0.127033,Health and Hygiene,OUT013,1987,High,Tier 3,Supermarket Type1,3167.6262,4.0,2023-12-28
FDS40,9.643,LF,0.03081,Frozen Foods,OUT027,1985,Medium,Tier 3,Supermarket Type3,6454.8252,3.7,2022-04-28
NCQ26,,Low Fat,0.022513,Household,OUT046,1997,Small,Tier 1,Supermarket Type1,3547.8272,4.0,2023-08-16
FDV34,20.063, Regular,0.028592,Snack Foods,OUT013,1987,High,Tier 3,Supermarket Type1,2749.5485,4.7,2023-07-09
FDR38,,LF,0.026411,Frozen Foods,OUT045,2002,,Tier 2,Supermarket Type1,1062.365,3.2,2023-10-04
NCM51,5.408,Low Fat ,0.099757,Household,OUT017,2007,,Tier 2,Supermarket Type1,1540.0772,3.9,2022-06-19
FDQ20,15.514,Low Fat,0.09891,Breads,OUT046,1997,Small,Tier 1,Supermarket Type1,2169.526,4.337,2022-01-26
FDC32,17.342,LF,0.0,Breakfast,OUT046,1997,Small,Tier 1,Supermarket Type1,3216.7136,4.3,2022-07-24
FDJ39,7.398,LF,0.039634,Snack Foods,OUT013,1987,High,Tier 3,Supermarket Type1,1430.4122,3.9,2022-02-18
FDW54,13.165,Low Fat ,0.031453,Canned,OUT018,2009,Medium,Tier 3,Supermarket Type2,3322.807,4.1,2022-05-07
FDR27,5.639,reg,0.03118,Breads,OUT045,2002,,Tier 2,Supermarket Type1,3713.8143,4.0,2022-10-26
FDF13,5.222,Low Fat ,0.048341,Canned,OUT013,1987,High,Tier 3,Supermarket Type1,3026.9273,4.1,2022-04-06
FDU11,5.68,Low Fat,0.07014,Breads,OUT017,2007,,Tier 2,Supermarket Type1,2198.9911,4.0,2023-10-25
FDE25,17.088,Regular,0.064832,Dairy,OUT045,2002,,Tier 2,Supermarket Type1,2362.2306,3.6,2022-04-30
FDF37,,Low Fat ,0.043226,Fruits and Vegetables,OUT017,2007,,Tier 2,Supermarket Type1,1158.8312,3.7,2023-10-03
FDF49,14.876,LF,0.025274,Frozen Foods,OUT049,1999,Medium,Tier 1,Supermarket Type1,426.8527,3.8,2023-06-10
FDP46,17.918, Regular,0.0,Snack Foods,OUT017,2007,,Tier 2,Supermarket Type1,2417.6569,4.6,2022-09-18
FDB23,20.641,Low Fat ,0.093971,Fruits and Vegetables,OUT013,1987,High,Tier 3,Supermarket Type1,1377.8167,4.1,2023-10-13
FDJ13,13.501,Regular,0.089825,Fruits and Vegetables,OUT045,2002,,Tier 2,Supermarket Type1,3431.2562,4.2,2022-05-22
NCS49,13.575,Low Fat ,0.065694,Health and Hygiene,OUT013,1987,High,Tier 3,Supermarket Type1,4292.1509,4.7,2023-08-25
FDQ50,,Regular,0.028421,Fruits and Vegetables,OUT045,2002,,Tier 2,Supermarket Type1,1116.6091,4.1,2023-02-22
FDV44,,Low Fat,0.027563,Fruits and Vegetables,OUT013,1987,High,Tier 3,Supermarket Type1,1540.8974,4.102,2023-10-28
FDQ29,15.199,Low Fat,0.051604,Snack Foods,OUT017,2007,,Tier 2,Supermarket Type1,8298.6292,3.7,2023-05-26
FDW38,13.506,Low Fat,0.05951,Snack Foods,OUT035,2004,Small,Tier 2,Supermarket Type1,3907.8401,3.4,2022-06-17
FDW57,4.66,Low Fat ,0.027125,Baking Goods,OUT045,2002,,Tier 2,Supermarket Type1,2689.7114,3.3,2023-08-03
FDM40,12.304,LF,0.018616,Snack Foods,OUT045,2002,,Tier 2,Supermarket Type1,5924.4323,4.6,2023-09-09
FDX11,,Low Fat ,0.064087,Starchy Foods,OUT017,2007,,Tier 2,Supermarket Type1,1881.6369,3.982,2023-01-24
FDX21,13.66,Low Fat ,0.069299,Dairy,OUT017,2007,,Tier 2,Supermarket Type1,2950.8793,4.068,2022-11-16
FDF20,14.171,reg,0.098225,Breads,OUT035,2004,Small,Tier 2,Supermarket Type1,4085.8215,4.1,2023-08-14
NCD11,,Low Fat,0.0,Household,OUT046,1997,Small,Tier 1,Supermarket Type1,2525.5642,3.7,2023-10-29
FDB38,6.704,low fat,0.054427,Fruits and Vegetables,OUT046,1997,Small,Tier 1,Supermarket Type1,3596.9236,4.9,2022-08-07
FDB46,17.913,Regular,0.054862,Dairy,OUT035,2004,Small,Tier 2,Supermarket Type1,1589.4894,4.6,2023-04-22
FDA42,,Low Fat ,0.1198,Baking Goods,OUT017,2007,,Tier 2,Supermarket Type1,2677.9845,3.6,2023-09-06
FDB47,7.071,Low Fat,0.0,Meat,OUT013,1987,High,Tier 3,Supermarket Type1,12912.6703,3.608,2023-12-10
NCB53,7.934,low fat,0.031367,Household,OUT017,2007,,Tier 2,Supermarket Type1,3156.6864,4.134,2022-10-27
FDX47,11.08,LF,0.023362,Meat,OUT018,2009,Medium,Tier 3,Supermarket Type2,6579.2447,4.4,2023-11-25
NCR31,20.547,LF,0.022782,Household,OUT035,2004,Small,Tier 2,Supermarket Type1,3301.0033,3.7,2023-04-20
FDE17,,Low Fat ,0.026435,Dairy,OUT035,2004,Small,Tier 2,Supermarket Type1,4975.0186,4.3,2022-01-11
FDR54,10.751,low fat,0.130322,Snack Foods,OUT046,1997,Small,Tier 1,Supermarket Type1,1213.647,3.0,2022-11-24
FDJ17,,Low Fat ,0.069142,Dairy,OUT017,2007,,Tier 2,Supermarket Type1,3658.6426,4.0,2023-06-21
NCD50,9.969,LF,0.013304,Household,OUT045,2002,,Tier 2,Supermarket Type1,3023.9981,4.231,2023-08-22
NCE29,11.5,LF,0.01701,Household,OUT045,2002,,Tier 2,Supermarket Type1,1237.8446,3.3,2022-08-03
NCV55,15.451,low fat,0.041494,Household,OUT013,1987,High,Tier 3,Supermarket Type1,3850.3063,3.861,2022-05-04
FDE52,11.89,low fat,0.072985,Canned,OUT010,1998,,Tier 3,Grocery Store,1388.2782,4.0,2023-06-04
FDQ32,,Low Fat,0.046063,Starchy Foods,OUT035,2004,Small,Tier 2,Supermarket Type1,1971.7442,4.3,2023-11-06
FDC24,14.825,reg,0.044801,Meat,OUT035,2004,Small,Tier 2,Supermarket Type1,3565.9945,4.7,2022-04-03
FDE32,20.999,Low Fat,0.093507,Dairy,OUT046,1997,Small,Tier 1,Supermarket Type1,1663.1883,4.3,2022-10-11
FDK27,10.421,LF,0.06162,Fruits and Vegetables,OUT027,1985,Medium,Tier 3,Supermarket Type3,1929.0814,4.4,2022-06-26
FDN11,,Regular,0.044647,Baking Goods,OUT013,1987,High,Tier 3,Supermarket Type1,1455.2004,3.7,2023-02-17
FDG47,9.964,Low Fat ,0.03964,Fruits and Vegetables,OUT035,2004,Small,Tier 2,Supermarket Type1,3280.6339,4.6,2023-08-11
NCW51,16.454,LF,0.012568,Household,OUT013,1987,High,Tier 3,Supermarket Type1,1616.8276,3.9,2022-04-26
FDN15,12.135, Regular,0.022506,Baking Goods,OUT013,1987,High,Tier 3,Supermarket Type1,1544.2378,3.773,2023-01-31
DRW43,9.96,reg,0.066703,Hard Drinks,OUT046,1997,Small,Tier 1,Supermarket Type1,1080.0999,3.6,2023-08-09
NCV55,15.451,low fat,0.091034,Household,OUT049,1999,Medium,Tier 1,Supermarket Type1,588.7397,3.9,2023-03-21
FDB18,13.882,reg,0.048149,Canned,OUT049,1999,Medium,Tier 1,Supermarket Type1,1801.7664,4.202,2022-03-16
FDE39,20.416,Low Fat,0.085345,Meat,OUT035,2004,Small,Tier 2,Supermarket Type1,2039.1969,4.3,2022-10-22
DRF33,12.65,LF,0.010919,Soft Drinks,OUT027,1985,Medium,Tier 3,Supermarket Type3,10207.7611,4.38,2023-03-23
FDP29,7.078,low fat,0.0,Dairy,OUT017,2007,,Tier 2,Supermarket Type1,1981.9516,4.307,2023-08-05
NCG51,11.182,low fat,0.034981,Others,OUT035,2004,Small,Tier 2,Supermarket Type1,1130.3157,3.4,2022-04-16
FDR49,18.109,Low Fat ,0.024629,Canned,OUT045,2002,,Tier 2,Supermarket Type1,2070.5817,3.4,2022-06-06
NCM46,5.474,Low Fat,0.030391,Others,OUT045,2002,,Tier 2,Supermarket Type1,2114.9405,4.1,2023-01-09
FDC47,8.806,Regular,0.035556,Fruits and Vegetables,OUT045,2002,,Tier 2,Supermarket Type1,1881.4604,4.5,2022-03-30
NCB56,,low fat,0.033848,Health and Hygiene,OUT027,1985,Medium,Tier 3,Supermarket Type3,4090.0205,4.1,2023-09-21
FDH59,16.114,low fat,0.060962,Snack Foods,OUT049,1999,Medium,Tier 1,Supermarket Type1,2727.9985,3.9,2022-05-17
FDY35,,reg,0.024672,Canned,OUT046,1997,Small,Tier 1,Supermarket Type1,3827.2726,4.0,2023-07-31
FDA42,20.134,LF,0.031994,Baking Goods,OUT049,1999,Medium,Tier 1,Supermarket Type1,2364.5439,3.578,2023-04-27
NCC24,,LF,0.157949,Others,OUT017,2007,,Tier 2,Supermarket Type1,8125.816,3.9,2023-10-17
FDP16,20.034,Regular,0.072273,Snack Foods,OUT049,1999,Medium,Tier 1,Supermarket Type1,5469.3729,4.3,2022-06-22
NCN11,11.953,LF,0.051688,Household,OUT046,1997,Small,Tier 1,Supermarket Type1,1766.1483,3.4,2022-05-25
FDA40,,Low Fat ,0.052077,Starchy Foods,OUT027,1985,Medium,Tier 3,Supermarket Type3,5305.6887,4.5,2022-03-25
FDH20,10.816,Low Fat,0.074584,Frozen Foods,OUT035,2004,Small,Tier 2,Supermarket Type1,2639.8926,4.1,2023-05-19
FDP35,,Low Fat,0.042869,Breakfast,OUT010,1998,,Tier 3,Grocery Store,1206.1812,4.2,2022-11-26
FDG28,19.838,LF,0.152115,Meat,OUT027,1985,Medium,Tier 3,Supermarket Type3,4844.762,4.2,2022-04-07
FDW13,17.305,Low Fat,0.0,Canned,OUT027,1985,Medium,Tier 3,Supermarket Type3,2834.6682,3.9,2023-09-04
FDD33,14.338,Low Fat,0.063239,Frozen Foods,OUT046,1997,Small,Tier 1,Supermarket Type1,4042.1809,4.005,2022-06-05
NCC46,13.016,LF,0.09252,Household,OUT049,1999,Medium,Tier 1,Supermarket Type1,973.857,4.5,2023-11-01
DRR26,,low fat,0.062416,Hard Drinks,OUT049,1999,Medium,Tier 1,Supermarket Type1,5785.1198,3.7,2022-12-17
NCX24,16.005,Low Fat,0.018303,Household,OUT045,2002,,Tier 2,Supermarket Type1,2132.0001,4.2,2022-11-20
FDN36,13.968, Regular,0.097704,Breads,OUT035,2004,Small,Tier 2,Supermarket Type1,1795.5667,4.3,2022-01-24
FDX19,17.717,Low Fat,0.024525,Snack Foods,OUT018,2009,Medium,Tier 3,Supermarket Type2,3450.1077,4.1,2022-10-29
FDD47,9.014,reg,0.0,Dairy,OUT013,1987,High,Tier 3,Supermarket Type1,1830.3745,4.3,2022-02-19
FDD11,17.401,LF,0.02851,Baking Goods,OUT010,1998,,Tier 3,Grocery Store,632.1021,3.489,2023-04-04
FDW36,9.086,Low Fat,0.057607,Frozen Foods,OUT046,1997,Small,Tier 1,Supermarket Type1,3552.5169,3.9,2023-07-01
NCH58,,Low Fat,0.02675,Household,OUT027,1985,Medium,Tier 3,Supermarket Type3,5024.3866,4.0,2023-08-05
FDM54,13.567,reg,0.009877,Fruits and Vegetables,OUT018,2009,Medium,Tier 3,Supermarket Type2,4430.2621,4.7,2023-03-01
FDA41,7.503,low fat,0.112489,Fruits and Vegetables,OUT010,1998,,Tier 3,Grocery Store,4628.2203,4.6,2023-11-11
FDN35,20.499,low fat,0.021728,Fruits and Vegetables,OUT045,2002,,Tier 2,Supermarket Type1,4649.9172,3.6,2022-08-03
FDW51,15.542,Regular,0.118981,Baking Goods,OUT027,1985,Medium,Tier 3,Supermarket Type3,3156.0929,4.1,2022-04-12
FDU59,,low fat,0.065956,Fruits and Vegetables,OUT045,2002,,Tier 2,Supermarket Type1,2874.2234,4.3,2022-01-27
FDR42,14.039,Low Fat ,0.033176,Snack Foods,OUT027,1985,Medium,Tier 3,Supermarket Type3,3947.0238,3.7,2023-04-20
FDN44,20.859,low fat,0.016886,Fruits and Vegetables,OUT035,2004,Small,Tier 2,Supermarket Type1,2789.7192,3.9,2022-04-15
FDA31,5.689, Regular,0.022242,Dairy,OUT010,1998,,Tier 3,Grocery Store,722.997,4.4,2023-03-17
FDK15,,low fat,0.053338,Fruits and Vegetables,OUT027,1985,Medium,Tier 3,Supermarket Type3,5619.7036,4.1,2022-07-02
FDE30,8.024,reg,0.035277,Meat,OUT035,2004,Small,Tier 2,Supermarket Type1,657.1374,4.2,2022-06-03
NCY31,19.658,LF,0.026998,Health and Hygiene,OUT017,2007,,Tier 2,Supermarket Type1,907.9414,4.0,2022-06-15
FDX13,,low fat,0.045341,Breakfast,OUT035,2004,Small,Tier 2,Supermarket Type1,2724.406,4.3,2022-10-15
NCY22,7.705,LF,0.034313,Household,OUT013,1987,High,Tier 3,Supermarket Type1,1477.3961,4.3,2022-01-15
NCG56,5.476,Low Fat ,0.032681,Health and Hygiene,OUT017,2007,,Tier 2,Supermarket Type1,859.2967,4.66,2022-02-22
FDM43,7.04,Low Fat,0.044201,Meat,OUT027,1985,Medium,Tier 3,Supermarket Type3,7591.086,4.2,2023-03-02
FDB42,5.566,Regular,0.090409,Frozen Foods,OUT046,1997,Small,Tier 1,Supermarket Type1,1306.9799,3.4,2022-12-28
FDY11,18.738,Low Fat ,0.080772,Breads,OUT018,2009,Medium,Tier 3,Supermarket Type2,3888.5945,3.9,2022-12-18
DRY19,,Low Fat,0.035157,Hard Drinks,OUT017,2007,,Tier 2,Supermarket Type1,994.2433,4.2,2022-10-22
FDQ45,7.219,Regular,0.081006,Frozen Foods,OUT027,1985,Medium,Tier 3,Supermarket Type3,12719.1362,3.48,2023-08-13
DRN50,14.272, Regular,0.054315,Soft Drinks,OUT013,1987,High,Tier 3,Supermarket Type1,1618.8091,3.9,2023-02-21
FDM37,, Regular,0.025327,Dairy,OUT013,1987,High,Tier 3,Supermarket Type1,3917.2813,4.0,2023-12-14
FDH26,10.128,LF,0.028249,Frozen Foods,OUT046,1997,Small,Tier 1,Supermarket Type1,3051.0803,3.5,2022-08-12
FDN15,12.135,reg,0.039025,Baking Goods,OUT010,1998,,Tier 3,Grocery Store,1270.5397,3.6,2023-08-30
NCG15,20.108,low fat,0.107101,Household,OUT018,2009,Medium,Tier 3,Supermarket Type2,6907.82,3.9,2023-05-10
FDH13,6.825,reg,0.0,Dairy,OUT027,1985,Medium,Tier 3,Supermarket Type3,3719.8241,4.0,2022-11-14
NCB56,18.334,Low Fat ,0.078652,Health and Hygiene,OUT017,2007,,Tier 2,Supermarket Type1,2940.2411,4.2,2022-08-01
DRK30,,Low Fat,0.049766,Soft Drinks,OUT018,2009,Medium,Tier 3,Supermarket Type2,3000.866,3.9,2022-12-15
FDC43,8.497,low fat,0.039038,Snack Foods,OUT017,2007,,Tier 2,Supermarket Type1,2730.5292,3.3,2022-11-20
FDX58,16.851,Regular,0.020666,Starchy Foods,OUT010,1998,,Tier 3,Grocery Store,3207.4173,4.2,2022-09-13
FDB45,5.506,Low Fat,0.035655,Fruits and Vegetables,OUT017,2007,,Tier 2,Supermarket Type1,3166.6238,4.1,2023-01-14
FDS25,,Low Fat ,0.036963,Dairy,OUT035,2004,Small,Tier 2,Supermarket Type1,891.4334,4.2,2022-01-06
NCQ17,8.732,LF,0.065256,Household,OUT045,2002,,Tier 2,Supermarket Type1,2939.2969,4.1,2022-12-25
FDR19,9.203,LF,0.015756,Fruits and Vegetables,OUT049,1999,Medium,Tier 1,Supermarket Type1,2215.555,4.095,2023-02-11
NCY43,9.952,Low Fat,0.038913,Health and Hygiene,OUT045,2002,,Tier 2,Supermarket Type1,2160.6617,4.5,2022-08-16
FDE17,20.55,Low Fat,0.01977,Dairy,OUT018,2009,Medium,Tier 3,Supermarket Type2,1239.7452,4.203,2022-03-16
DRA49,16.511,reg,0.032632,Hard Drinks,OUT046,1997,Small,Tier 1,Supermarket Type1,5429.9623,4.4,2023-08-22
FDA41,,Low Fat,0.023889,Fruits and Vegetables,OUT013,1987,High,Tier 3,Supermarket Type1,1283.5086,4.6,2022-05-30
FDY50,17.4,low fat,0.066722,Seafood,OUT035,2004,Small,Tier 2,Supermarket Type1,2211.7433,4.437,2023-04-07
FDP51,5.948,low fat,0.022105,Frozen Foods,OUT010,1998,,Tier 3,Grocery Store,747.9146,4.6,2023-07-21
FDH58,20.358,Low Fat,0.048063,Fruits and Vegetables,OUT018,2009,Medium,Tier 3,Supermarket Type2,4424.1164,4.428,2022-01-26
FDY22,17.995,low fat,0.098224,Frozen Foods,OUT027,1985,Medium,Tier 3,Supermarket Type3,5330.1303,4.3,2022-12-22
FDG44,,LF,0.012271,Frozen Foods,OUT035,2004,Small,Tier 2,Supermarket Type1,6241.7303,4.1,2023-09-29
FDB58,17.531,low fat,0.033504,Frozen Foods,OUT035,2004,Small,Tier 2,Supermarket Type1,2482.9394,4.0,2022-11-15
NCN29,18.345,Low Fat,0.05012,Health and Hygiene,OUT045,2002,,Tier 2,Supermarket Type1,2858.3437,4.0,2022-02-24
FDG36,8.704,Low Fat,0.078976,Dairy,OUT035,2004,Small,Tier 2,Supermarket Type1,2987.4565,4.0,2023-10-14
FDH17,,LF,0.029009,Canned,OUT049,1999,Medium,Tier 1,Supermarket Type1,1537.1046,4.069,2022-01-21
FDV45,5.5,Regular,0.032364,Snack Foods,OUT045,2002,,Tier 2,Supermarket Type1,1693.5024,3.924,2022-08-28
NCK30,7.759,LF,0.027974,Household,OUT018,2009,Medium,Tier 3,Supermarket Type2,8036.9654,3.6,2023-04-09
FDK49,4.979,LF,0.044134,Frozen Foods,OUT046,1997,Small,Tier 1,Supermarket Type1,1056.9698,4.315,2023-10-13
FDN48,6.453,Low Fat,0.126677,Breads,OUT017,2007,,Tier 2,Supermarket Type1,1316.2865,4.1,2022-01-24
FDB21,,Low Fat ,0.163426,Snack Foods,OUT013,1987,High,Tier 3,Supermarket Type1,6534.2536,3.7,2023-11-12
FDK39,7.804,Low Fat,0.087876,Frozen Foods,OUT017,2007,,Tier 2,Supermarket Type1,2851.2368,3.8,2022-10-13
FDC48,16.501,reg,0.025771,Snack Foods,OUT018,2009,Medium,Tier 3,Supermarket Type2,3914.776,4.2,2023-08-23
FDP34,12.561,Low Fat,0.028469,Snack Foods,OUT027,1985,Medium,Tier 3,Supermarket Type3,3116.5883,3.798,2023-07-04
FDF43,4.95,Low Fat ,0.018035,Frozen Foods,OUT013,1987,High,Tier 3,Supermarket Type1,1456.4007,3.9,2023-08-11
FDE43,13.544,low fat,0.016682,Snack Foods,OUT035,2004,Small,Tier 2,Supermarket Type1,3559.4482,4.0,2023-03-27
FDN24,7.613,Low Fat ,0.045785,Baking Goods,OUT049,1999,Medium,Tier 1,Supermarket Type1,2197.6781,4.6,2022-11-06
FDV49,6.201, Regular,0.042477,Breads,OUT017,2007,,Tier 2,Supermarket Type1,2591.1861,4.5,2023-02-25
FDK37,11.932,Low Fat,0.075526,Snack Foods,OUT018,2009,Medium,Tier 3,Supermarket Type2,4970.27,3.3,2023-02-16
FDY15,15.803,reg,0.083201,Breads,OUT049,1999,Medium,Tier 1,Supermarket Type1,1271.9822,3.4,2023-06-24
FDY35,15.905,Regular,0.088133,Canned,OUT013,1987,High,Tier 3,Supermarket Type1,4264.7676,3.9,2023-08-09
NCF52,8.729,low fat,0.025867,Household,OUT018,2009,Medium,Tier 3,Supermarket Type2,13086.9648,4.0,2023-03-10
FDJ26,13.546,Regular,0.044234,Fruits and Vegetables,OUT049,1999,Medium,Tier 1,Supermarket Type1,4508.8743,4.5,2023-03-13
FDE30,8.024, Regular,0.018923,Meat,OUT045,2002,,Tier 2,Supermarket Type1,1688.7584,4.2,2023-01-31
FDY14,15.915,low fat,0.075482,Fruits and Vegetables,OUT017,2007,,Tier 2,Supermarket Type1,1465.0779,3.377,2023-08-06
FDC13,13.006,LF,0.0,Seafood,OUT013,1987,High,Tier 3,Supermarket Type1,4282.9073,4.9,2022-03-04
FDA44,, Regular,0.038931,Baking Goods,OUT049,1999,Medium,Tier 1,Supermarket Type1,2865.3804,4.1,2023-10-10
FDJ44,10.233,Low Fat ,0.075981,Snack Foods,OUT013,1987,High,Tier 3,Supermarket Type1,1910.2772,3.7,2022-11-12
FDA11,8.336,Low Fat ,0.054996,Fruits and Vegetables,OUT017,2007,,Tier 2,Supermarket Type1,1743.3147,4.5,2023-04-04
DRQ35,19.721,Low Fat,0.019438,Soft Drinks,OUT027,1985,Medium,Tier 3,Supermarket Type3,6880.9431,4.0,2023-12-25
FDE14,7.161,LF,0.042718,Snack Foods,OUT017,2007,,Tier 2,Supermarket Type1,5618.8739,4.4,2022-03-26
DRE22,18.87,Low Fat ,0.031663,Soft Drinks,OUT018,2009,Medium,Tier 3,Supermarket Type2,2746.8082,3.9,2022-02-02
NCV32,9.714,Low Fat ,0.031849,Household,OUT013,1987,High,Tier 3,Supermarket Type1,8925.3631,4.3,2022-03-18
NCW51,16.454,Low Fat ,0.025992,Household,OUT017,2007,,Tier 2,Supermarket Type1,3396.001,3.7,2022-09-22
FDR57,8.003,LF,0.098138,Dairy,OUT013,1987,High,Tier 3,Supermarket Type1,2143.4567,3.6,2023-09-01
FDX43,5.725,reg,0.059825,Frozen Foods,OUT045,2002,,Tier 2,Supermarket Type1,2545.4571,3.3,2022-01-04
FDA52,6.13,Regular,0.171438,Canned,OUT017,2007,,Tier 2,Supermarket Type1,2227.3715,3.9,2023-08-08
FDR51,16.122,LF,0.050827,Baking Goods,OUT045,2002,,Tier 2,Supermarket Type1,1750.2326,3.9,2022-12-24
DRB53,4.636,LF,0.019198,Soft Drinks,OUT010,1998,,Tier 3,Grocery Store,500.6527,4.0,2022-02-07
FDJ28,15.306,reg,0.05249,Canned,OUT035,2004,Small,Tier 2,Supermarket Type1,4349.3908,3.8,2023-09-26
FDG46,11.108,Low Fat ,0.027434,Snack Foods,OUT013,1987,High,Tier 3,Supermarket Type1,3007.2639,4.0,2023-09-19
DRU50,20.589,Low Fat,0.128274,Soft Drinks,OUT027,1985,Medium,Tier 3,Supermarket Type3,4947.1647,3.9,2023-07-28
NCY27,11.304,low fat,0.060275,Health and Hygiene,OUT035,2004,Small,Tier 2,Supermarket Type1,1203.203,3.3,2022-05-27
FDX45,5.396,reg,0.055798,Breads,OUT019,1985,Small,Tier 1,Grocery Store,1772.6642,4.5,2022-08-21
FDF47,7.343,Low Fat,0.030569,Fruits and Vegetables,OUT027,1985,Medium,Tier 3,Supermarket Type3,4485.5069,4.48,2022-06-19
FDR39,20.556,LF,0.036711,Meat,OUT046,1997,Small,Tier 1,Supermarket Type1,8348.703,3.9,2023-05-19
FDK42,,LF,0.012619,Dairy,OUT018,2009,Medium,Tier 3,Supermarket Type2,2623.7683,4.5,2023-09-30
FDV24,,Low Fat ,0.050984,Breakfast,OUT035,2004,Small,Tier 2,Supermarket Type1,1497.1238,4.1,2022-12-04
FDB28,18.916,Low Fat ,0.02655,Canned,OUT045,2002,,Tier 2,Supermarket Type1,1796.0921,4.0,2022-02-10
FDD16,,Low Fat,0.0,Meat,OUT027,1985,Medium,Tier 3,Supermarket Type3,6069.1563,4.6,2022-11-16
FDA34,12.908,Low Fat,0.0,Canned,OUT045,2002,,Tier 2,Supermarket Type1,817.0715,4.3,2023-05-15
FDH44,5.333,Low Fat,0.057221,Meat,OUT035,2004,Small,Tier 2,Supermarket Type1,6176.5554,4.7,2023-10-02
FDF23,15.076,LF,0.049764,Breakfast,OUT035,2004,Small,Tier 2,Supermarket Type1,1720.0998,4.418,2022-09-13
FDR46,20.099,Low Fat ,0.011599,Fruits and Vegetables,OUT027,1985,Medium,Tier 3,Supermarket Type3,4538.6856,4.1,2023-02-21
FDC39,5.657,low fat,0.02104,Snack Foods,OUT027,1985,Medium,Tier 3,Supermarket Type3,8317.9068,4.5,2023-10-16
FDB45,5.506,Low Fat ,0.043186,Fruits and Vegetables,OUT018,2009,Medium,Tier 3,Supermarket Type2,5385.7988,4.3,2023-07-29
NCR53,15.723,low fat,0.027613,Health and Hygiene,OUT018,2009,Medium,Tier 3,Supermarket Type2,1276.9504,3.7,2022-03-24
FDE30,8.024,Regular,0.03642,Meat,OUT046,1997,Small,Tier 1,Supermarket Type1,7603.0155,3.6,2023-04-22
FDM52,8.427,Low Fat ,0.06087,Snack Foods,OUT017,2007,,Tier 2,Supermarket Type1,2394.098,4.2,2023-10-25
NCV29,7.742,Low Fat ,0.054265,Household,OUT049,1999,Medium,Tier 1,Supermarket Type1,2100.6619,4.02,2023-12-07
FDV17,21.054,Low Fat ,0.028127,Dairy,OUT045,2002,,Tier 2,Supermarket Type1,7314.4866,4.7,2023-05-24
NCW50,8.005,low fat,0.038821,Others,OUT046,1997,Small,Tier 1,Supermarket Type1,799.5615,4.2,2022-05-28
FDJ12,19.486,reg,0.117708,Frozen Foods,OUT018,2009,Medium,Tier 3,Supermarket Type2,2831.0595,4.1,2023-04-13
FDU24,17.902,Regular,0.051793,Snack Foods,OUT019,1985,Small,Tier 1,Grocery Store,1205.4812,4.1,2022-10-26
NCC11,11.461,Low Fat,0.013244,Household,OUT013,1987,High,Tier 3,Supermarket Type1,1039.1157,3.8,2023-06-22
FDW54,13.165,low fat,0.039899,Canned,OUT049,1999,Medium,Tier 1,Supermarket Type1,4563.3081,3.862,2023-07-03
DRJ36,6.649,Low Fat,0.056942,Soft Drinks,OUT013,1987,High,Tier 3,Supermarket Type1,2141.6743,3.727,2022-10-26
FDE50,5.926,Regular,0.018481,Meat,OUT035,2004,Small,Tier 2,Supermarket Type1,3749.9381,4.4,2023-08-06
FDS33,13.86,Low Fat ,0.0,Snack Foods,OUT035,2004,Small,Tier 2,Supermarket Type1,5567.1609,4.7,2022-11-29
NCS19,11.704,LF,0.146064,Others,OUT019,1985,Small,Tier 1,Grocery Store,1756.0168,3.9,2022-10-23
FDS50,12.73,low fat,0.049695,Baking Goods,OUT035,2004,Small,Tier 2,Supermarket Type1,3159.9627,3.8,2023-12-29
FDC15,11.909, Regular,0.023692,Breads,OUT046,1997,Small,Tier 1,Supermarket Type1,1576.3112,3.8,2022-11-22
FDF13,,LF,0.129366,Canned,OUT018,2009,Medium,Tier 3,Supermarket Type2,3659.2673,3.4,2022-02-22
NCS14,16.323,Low Fat ,0.056552,Health and Hygiene,OUT017,2007,,Tier 2,Supermarket Type1,4636.2048,3.892,2023-02-04
FDJ18,,Regular,0.086586,Meat,OUT018,2009,Medium,Tier 3,Supermarket Type2,4281.6545,4.2,2023-08-05
DRU18,8.703,LF,0.021084,Soft Drinks,OUT017,2007,,Tier 2,Supermarket Type1,5645.5841,3.889,2022-08-12
FDK39,7.804,Low Fat ,0.014521,Frozen Foods,OUT019,1985,Small,Tier 1,Grocery Store,891.7424,3.9,2023-08-10
FDX57,14.882,low fat,0.046164,Meat,OUT035,2004,Small,Tier 2,Supermarket Type1,5389.2764,3.5,2023-11-26
DRB20,,reg,0.022182,Hard Drinks,OUT045,2002,,Tier 2,Supermarket Type1,458.6234,3.4,2023-03-03
NCV15,,Low Fat,0.020821,Household,OUT013,1987,High,Tier 3,Supermarket Type1,2315.3622,3.9,2022-08-08
FDF41,6.557,reg,0.037107,Fruits and Vegetables,OUT035,2004,Small,Tier 2,Supermarket Type1,2491.1745,4.025,2023-03-05
FDJ56,,LF,0.029896,Canned,OUT027,1985,Medium,Tier 3,Supermarket Type3,9263.133,4.1,2023-06-11
FDG27,11.083,Low Fat ,0.012556,Dairy,OUT046,1997,Small,Tier 1,Supermarket Type1,3515.9145,4.3,2022-03-30
NCX27,6.221,Low Fat ,0.019809,Household,OUT045,2002,,Tier 2,Supermarket Type1,872.4458,3.7,2022-08-29
FDA56,18.497,LF,0.070311,Snack Foods,OUT017,2007,,Tier 2,Supermarket Type1,4131.0495,4.0,2023-03-22
FDU17,8.352,Regular,0.05312,Frozen Foods,OUT018,2009,Medium,Tier 3,Supermarket Type2,1058.6961,3.9,2022-04-26
NCR39,11.124,Low Fat ,0.022512,Household,OUT046,1997,Small,Tier 1,Supermarket Type1,1754.0445,4.3,2023-02-14
FDU25,18.973,LF,0.049026,Dairy,OUT027,1985,Medium,Tier 3,Supermarket Type3,4747.7897,4.6,2022-06-11
FDY36,19.21,Low Fat ,0.022796,Baking Goods,OUT035,2004,Small,Tier 2,Supermarket Type1,2544.19,4.5,2023-02-28
FDN37,,Low Fat,0.021626,Baking Goods,OUT027,1985,Medium,Tier 3,Supermarket Type3,13086.9648,3.8,2022-08-08
NCX39,9.744,Low Fat ,0.046063,Health and Hygiene,OUT019,1985,Small,Tier 1,Grocery Store,209.1878,4.0,2022-12-02
NCU32,13.257,LF,0.061022,Health and Hygiene,OUT018,2009,Medium,Tier 3,Supermarket Type2,2687.0769,4.0,2023-05-03
FDY27,12.851,Low Fat,0.087968,Fruits and Vegetables,OUT035,2004,Small,Tier 2,Supermarket Type1,2983.973,4.3,2023-01-27
FDJ58,12.906,low fat,0.049412,Meat,OUT017,2007,,Tier 2,Supermarket Type1,1777.2031,4.611,2023-05-17
DRY51,, Regular,0.120643,Soft Drinks,OUT045,2002,,Tier 2,Supermarket Type1,1452.8137,3.9,2023-02-24
NCE40,10.768,LF,0.046988,Others,OUT045,2002,,Tier 2,Supermarket Type1,804.053,3.6,2022-02-26
DRJ33,6.311,Regular,0.121215,Soft Drinks,OUT013,1987,High,Tier 3,Supermarket Type1,4468.1831,4.5,2023-02-03
FDB28,18.916,low fat,0.063736,Canned,OUT035,2004,Small,Tier 2,Supermarket Type1,10901.9786,4.1,2023-07-21
FDW16,, Regular,0.078918,Canned,OUT013,1987,High,Tier 3,Supermarket Type1,3348.4439,3.9,2022-02-10
DRX29,5.096,Low Fat,0.114089,Soft Drinks,OUT013,1987,High,Tier 3,Supermarket Type1,3305.4882,3.8,2022-07-31
FDP15,, Regular,0.016821,Dairy,OUT019,1985,Small,Tier 1,Grocery Store,868.2198,4.0,2022-03-21
FDQ14,21.248,Low Fat,0.054333,Meat,OUT045,2002,,Tier 2,Supermarket Type1,6416.6669,4.3,2022-12-07
FDU26,10.34,Low Fat,0.0102,Dairy,OUT035,2004,Small,Tier 2,Supermarket Type1,4554.1243,4.0,2022-04-30
FDE36,,Low Fat ,0.055636,Canned,OUT046,1997,Small,Tier 1,Supermarket Type1,3809.3942,4.133,2022-11-18
FDF36,14.458,Regular,0.052142,Fruits and Vegetables,OUT035,2004,Small,Tier 2,Supermarket Type1,3860.2258,3.5,2023-09-09
FDW48,10.875,low fat,0.03076,Baking Goods,OUT017,2007,,Tier 2,Supermarket Type1,1459.8438,3.8,2022-02-13
NCW15,17.547,LF,0.065945,Health and Hygiene,OUT045,2002,,Tier 2,Supermarket Type1,1722.0177,4.4,2022-03-18
FDX23,17.717,low fat,0.026309,Canned,OUT027,1985,Medium,Tier 3,Supermarket Type3,3498.1191,4.08,2022-09-21
FDB10,16.779,Low Fat,0.061869,Breads,OUT013,1987,High,Tier 3,Supermarket Type1,2416.99,3.4,2022-08-05
FDK32,8.37,low fat,0.064495,Canned,OUT035,2004,Small,Tier 2,Supermarket Type1,1201.0167,4.304,2022-12-16
FDM36,19.44,Low Fat,0.02575,Fruits and Vegetables,OUT049,1999,Medium,Tier 1,Supermarket Type1,2936.747,4.4,2023-03-05
FDC52,21.079,LF,0.083532,Baking Goods,OUT046,1997,Small,Tier 1,Supermarket Type1,3120.2859,4.0,2023-04-11
NCN59,8.165,low fat,0.068024,Household,OUT027,1985,Medium,Tier 3,Supermarket Type3,13086.9648,4.7,2023-05-26
NCJ38,9.025,low fat,0.03448,Household,OUT035,2004,Small,Tier 2,Supermarket Type1,1209.7414,3.3,2022-12-25
FDE11,6.983, Regular,0.0,Meat,OUT035,2004,Small,Tier 2,Supermarket Type1,2581.5502,4.4,2023-09-04
FDD10,11.826,low fat,0.027672,Canned,OUT049,1999,Medium,Tier 1,Supermarket Type1,11074.7497,3.8,2022-04-24
NCJ28,9.833,low fat,0.028437,Health and Hygiene,OUT046,1997,Small,Tier 1,Supermarket Type1,2887.3121,4.0,2023-04-15
FDJ58,,Low Fat ,0.050467,Meat,OUT027,1985,Medium,Tier 3,Supermarket Type3,3991.32,5.0,2023-11-28
FDS23,19.844,reg,0.048979,Dairy,OUT017,2007,,Tier 2,Supermarket Type1,1622.3022,3.6,2023-12-02
FDH11,,Low Fat ,0.09105,Dairy,OUT027,1985,Medium,Tier 3,Supermarket Type3,4098.595,4.2,2023-10-30
FDN46,9.646,Low Fat ,0.01603,Frozen Foods,OUT017,2007,,Tier 2,Supermarket Type1,1749.9522,3.9,2022-04-29
FDE52,,LF,0.086026,Canned,OUT017,2007,,Tier 2,Supermarket Type1,2695.4742,3.9,2023-09-02
NCV14,13.831,Low Fat ,0.109138,Household,OUT027,1985,Medium,Tier 3,Supermarket Type3,4765.9586,4.3,2023-04-10
FDD14,,Low Fat ,0.027686,Dairy,OUT018,2009,Medium,Tier 3,Supermarket Type2,1913.4849,4.3,2023-10-15
FDX27,16.83,LF,0.056218,Breakfast,OUT046,1997,Small,Tier 1,Supermarket Type1,1649.5035,4.4,2022-08-04
NCJ14,17.612,LF,0.096869,Others,OUT045,2002,,Tier 2,Supermarket Type1,1889.6346,3.7,2022-10-28
NCX55,,LF,0.015714,Household,OUT019,1985,Small,Tier 1,Grocery Store,881.2309,4.303,2022-11-04
NCU45,11.765,Low Fat,0.073429,Household,OUT046,1997,Small,Tier 1,Supermarket Type1,3677.5555,3.5,2022-12-26
FDM26,15.239, Regular,0.015958,Breads,OUT049,1999,Medium,Tier 1,Supermarket Type1,343.197,4.3,2022-02-06
FDH45,,LF,0.092323,Fruits and Vegetables,OUT017,2007,,Tier 2,Supermarket Type1,4692.5849,3.7,2023-12-28
FDW53,12.437,LF,0.115048,Snack Foods,OUT049,1999,Medium,Tier 1,Supermarket Type1,2738.2769,4.1,2022-12-10
FDY42,12.403, Regular,0.020387,Fruits and Vegetables,OUT046,1997,Small,Tier 1,Supermarket Type1,3673.4921,3.3,2022-05-03
FDA53,11.458,Regular,0.051314,Fruits and Vegetables,OUT018,2009,Medium,Tier 3,Supermarket Type2,2456.1311,3.9,2023-01-07
FDK20,16.405,Low Fat,0.074938,Breads,OUT027,1985,Medium,Tier 3,Supermarket Type3,5137.0775,3.9,2022-12-04
NCA43,4.564,LF,0.046924,Others,OUT046,1997,Small,Tier 1,Supermarket Type1,1851.2917,4.1,2022-11-26
FDG47,9.964,Low Fat ,0.065175,Fruits and Vegetables,OUT010,1998,,Tier 3,Grocery Store,763.7096,3.8,2023-11-20
FDX50,13.256,low fat,0.044881,Fruits and Vegetables,OUT046,1997,Small,Tier 1,Supermarket Type1,2174.1306,4.4,2023-05-29
FDE24,12.488,Low Fat,0.035056,Snack Foods,OUT027,1985,Medium,Tier 3,Supermarket Type3,3080.7379,3.713,2023-06-03
FDU15,,low fat,0.088599,Dairy,OUT017,2007,,Tier 2,Supermarket Type1,2390.7087,4.4,2022-08-06
FDP14,11.67,reg,0.046261,Snack Foods,OUT013,1987,High,Tier 3,Supermarket Type1,3157.5544,3.9,2022-05-29
FDN23,11.034,LF,0.063354,Fruits and Vegetables,OUT035,2004,Small,Tier 2,Supermarket Type1,2033.2894,3.4,2023-02-21
FDM46,18.768,Low Fat,0.065098,Snack Foods,OUT017,2007,,Tier 2,Supermarket Type1,1159.0111,3.518,2022-09-14
DRB53,4.636,low fat,0.041229,Soft Drinks,OUT017,2007,,Tier 2,Supermarket Type1,667.7365,3.9,2022-06-21
FDA15,18.04, Regular,0.323051,Starchy Foods,OUT045,2002,,Tier 2,Supermarket Type1,2724.9725,4.2,2022-02-27
FDH22,18.209,Regular,0.020469,Canned,OUT049,1999,Medium,Tier 1,Supermarket Type1,8479.0809,4.0,2022-03-05
FDS16,18.489,Regular,0.033049,Fruits and Vegetables,OUT049,1999,Medium,Tier 1,Supermarket Type1,3109.1172,4.1,2023-02-02
NCH12,,LF,0.015419,Household,OUT045,2002,,Tier 2,Supermarket Type1,7566.864,4.4,2023-08-15
DRK47,, Regular,0.04133,Soft Drinks,OUT013,1987,High,Tier 3,Supermarket Type1,2375.3946,3.6,2023-05-15
FDN30,6.759,LF,0.080436,Starchy Foods,OUT017,2007,,Tier 2,Supermarket Type1,3323.711,4.8,2022-11-25
FDM20,16.768,Low Fat ,0.010091,Meat,OUT018,2009,Medium,Tier 3,Supermarket Type2,1895.1479,4.3,2023-03-26
FDF37,4.668,Low Fat ,0.050817,Fruits and Vegetables,OUT049,1999,Medium,Tier 1,Supermarket Type1,2034.6652,4.5,2022-08-12
FDA53,11.458,Regular,0.07653,Fruits and Vegetables,OUT049,1999,Medium,Tier 1,Supermarket Type1,3282.9629,4.6,2022-09-08
FDF12,19.954,low fat,0.062721,Baking Goods,OUT046,1997,Small,Tier 1,Supermarket Type1,4227.6621,3.975,2022-11-21
NCF20,15.124,Low Fat,0.086975,Others,OUT017,2007,,Tier 2,Supermarket Type1,3569.1135,3.9,2022-03-07
FDS31,18.017,Low Fat,0.068681,Starchy Foods,OUT018,2009,Medium,Tier 3,Supermarket Type2,1994.5973,4.037,2022-02-04
NCR47,8.492,Low Fat ,0.023757,Others,OUT017,2007,,Tier 2,Supermarket Type1,1948.6511,3.7,2023-03-12
NCB45,19.925,Low Fat ,0.035593,Household,OUT017,2007,,Tier 2,Supermarket Type1,3320.3485,4.5,2022-05-18
NCP41,15.339,low fat,0.018,Household,OUT013,1987,High,Tier 3,Supermarket Type1,916.3707,3.98,2023-02-12
FDK50,12.18,low fat,0.036458,Baking Goods,OUT018,2009,Medium,Tier 3,Supermarket Type2,1972.4861,4.4,2022-01-23
NCK51,8.763,Low Fat ,0.023443,Household,OUT013,1987,High,Tier 3,Supermarket Type1,8344.3073,4.3,2022-03-20
FDV58,15.58,low fat,0.095718,Meat,OUT013,1987,High,Tier 3,Supermarket Type1,1359.9088,4.4,2022-04-02
DRJ46,15.739,Low Fat,0.021376,Soft Drinks,OUT046,1997,Small,Tier 1,Supermarket Type1,3768.8344,4.1,2023-06-16
FDV37,17.771,reg,0.0,Dairy,OUT046,1997,Small,Tier 1,Supermarket Type1,2571.2144,4.2,2022-12-12
FDA19,, Regular,0.068041,Frozen Foods,OUT027,1985,Medium,Tier 3,Supermarket Type3,4934.7534,3.4,2022-05-06
DRM59,,Low Fat,0.037141,Soft Drinks,OUT035,2004,Small,Tier 2,Supermarket Type1,1207.1858,3.9,2023-12-04
DRQ18,9.666,low fat,0.042031,Soft Drinks,OUT018,2009,Medium,Tier 3,Supermarket Type2,2829.5082,3.9,2023-08-15
FDY47,18.082,Low Fat ,0.075354,Frozen Foods,OUT018,2009,Medium,Tier 3,Supermarket Type2,4998.3228,3.397,2023-11-25
DRE15,21.106, Regular,0.026544,Soft Drinks,OUT017,2007,,Tier 2,Supermarket Type1,1803.013,4.127,2023-09-26
FDA51,,Regular,0.028428,Meat,OUT017,2007,,Tier 2,Supermarket Type1,3673.3708,4.6,2023-05-12
FDN58,5.263,Regular,0.053427,Canned,OUT019,1985,Small,Tier 1,Grocery Store,890.4539,4.1,2022-02-15
NCH22,17.877,LF,0.058046,Household,OUT017,2007,,Tier 2,Supermarket Type1,1641.7642,4.5,2023-02-08
FDU24,17.902, Regular,0.049459,Snack Foods,OUT046,1997,Small,Tier 1,Supermarket Type1,1233.9202,3.903,2022-01-21
DRV10,8.939,LF,0.028167,Soft Drinks,OUT035,2004,Small,Tier 2,Supermarket Type1,2130.7819,3.671,2023-06-09
FDP58,16.822,low fat,0.047663,Fruits and Vegetables,OUT049,1999,Medium,Tier 1,Supermarket Type1,2456.3441,4.238,2022-05-05
NCJ38,9.025,LF,0.039154,Household,OUT045,2002,,Tier 2,Supermarket Type1,652.3842,3.4,2023-12-09
NCN33,11.601,Low Fat ,0.081351,Health and Hygiene,OUT049,1999,Medium,Tier 1,Supermarket Type1,956.1344,3.7,2022-06-11
FDY26,, Regular,0.059339,Starchy Foods,OUT013,1987,High,Tier 3,Supermarket Type1,2183.6928,4.284,2022-11-05
FDF18,10.518,reg,0.041828,Dairy,OUT017,2007,,Tier 2,Supermarket Type1,11148.5346,3.5,2022-08-14
FDM36,19.44,LF,0.079588,Fruits and Vegetables,OUT017,2007,,Tier 2,Supermarket Type1,3505.254,4.579,2023-06-04
FDD47,9.014, Regular,0.035853,Dairy,OUT049,1999,Medium,Tier 1,Supermarket Type1,1248.2249,4.0,2022-03-09
NCA10,21.006,low fat,0.088386,Health and Hygiene,OUT027,1985,Medium,Tier 3,Supermarket Type3,1507.7808,3.5,2022-12-01
NCE29,11.5,low fat,0.049631,Household,OUT017,2007,,Tier 2,Supermarket Type1,2050.0876,4.199,2022-03-23
DRB20,20.81, Regular,0.036018,Hard Drinks,OUT027,1985,Medium,Tier 3,Supermarket Type3,4534.6878,3.9,2022-09-12
FDX57,14.882,low fat,0.031635,Meat,OUT027,1985,Medium,Tier 3,Supermarket Type3,4419.989,4.6,2022-09-06
FDS14,15.233,low fat,0.057023,Fruits and Vegetables,OUT046,1997,Small,Tier 1,Supermarket Type1,1507.9206,4.283,2022-04-06
FDM26,15.239, Regular,0.122374,Breads,OUT046,1997,Small,Tier 1,Supermarket Type1,1369.6111,3.9,2023-04-09
FDG53,11.484,Low Fat,0.066771,Seafood,OUT035,2004,Small,Tier 2,Supermarket Type1,1752.6444,4.2,2022-10-29
NCG32,18.976,Low Fat ,0.0,Health and Hygiene,OUT035,2004,Small,Tier 2,Supermarket Type1,830.9114,3.8,2023-12-05
FDN37,13.869,LF,0.055811,Baking Goods,OUT035,2004,Small,Tier 2,Supermarket Type1,1534.3417,4.402,2022-05-23
FDJ26,, Regular,0.0,Fruits and Vegetables,OUT027,1985,Medium,Tier 3,Supermarket Type3,4669.2973,4.5,2023-03-04
FDF11,6.732,Low Fat ,0.0451,Fruits and Vegetables,OUT013,1987,High,Tier 3,Supermarket Type1,5721.0866,4.3,2023-08-03
FDS38,7.113,reg,0.030928,Dairy,OUT018,2009,Medium,Tier 3,Supermarket Type2,2358.7012,4.1,2023-02-03
FDD24,6.241,reg,0.064344,Canned,OUT017,2007,,Tier 2,Supermarket Type1,4224.0717,3.8,2023-03-05
FDY20,11.657,Low Fat ,0.045588,Frozen Foods,OUT018,2009,Medium,Tier 3,Supermarket Type2,4486.0966,4.2,2022-05-30
FDW51,15.542, Regular,0.024173,Baking Goods,OUT046,1997,Small,Tier 1,Supermarket Type1,1835.2306,3.8,2022-01-09
FDP34,12.561,Low Fat,0.0,Snack Foods,OUT045,2002,,Tier 2,Supermarket Type1,2305.4247,3.7,2022-11-11
FDM17,9.053,reg,0.026419,Fruits and Vegetables,OUT045,2002,,Tier 2,Supermarket Type1,1631.059,3.8,2022-08-03
FDC51,20.623,LF,0.050302,Dairy,OUT035,2004,Small,Tier 2,Supermarket Type1,1317.1257,4.2,2023-09-26
FDJ45,14.777,Low Fat ,0.033819,Meat,OUT018,2009,Medium,Tier 3,Supermarket Type2,4059.6406,4.3,2022-05-15
FDR21,,Low Fat ,0.041079,Meat,OUT049,1999,Medium,Tier 1,Supermarket Type1,1036.81,4.3,2022-02-03
DRG11,9.814,Low Fat ,0.077151,Soft Drinks,OUT018,2009,Medium,Tier 3,Supermarket Type2,1336.3283,4.1,2022-01-09
FDS58,10.143, Regular,0.0,Meat,OUT027,1985,Medium,Tier 3,Supermarket Type3,3954.0824,4.0,2022-10-18
NCU13,17.293,Low Fat ,0.046584,Health and Hygiene,OUT010,1998,,Tier 3,Grocery Store,445.9806,3.9,2022-04-19
FDY39,8.822, Regular,0.079102,Frozen Foods,OUT049,1999,Medium,Tier 1,Supermarket Type1,4402.0915,3.89,2023-05-26
FDK48,17.501, Regular,0.056347,Baking Goods,OUT035,2004,Small,Tier 2,Supermarket Type1,1009.5436,3.7,2022-11-21
FDX15,6.832,low fat,0.174692,Meat,OUT027,1985,Medium,Tier 3,Supermarket Type3,8039.1241,4.0,2023-09-18
DRJ59,16.267, Regular,0.022789,Soft Drinks,OUT013,1987,High,Tier 3,Supermarket Type1,2201.2371,3.8,2022-04-29
FDN27,16.64,Low Fat,0.041144,Frozen Foods,OUT045,2002,,Tier 2,Supermarket Type1,3491.555,4.4,2023-05-02
FDV22,17.682, Regular,0.051838,Baking Goods,OUT027,1985,Medium,Tier 3,Supermarket Type3,6055.4082,3.9,2023-12-13
FDR58,,Low Fat ,0.019033,Canned,OUT019,1985,Small,Tier 1,Grocery Store,1062.5073,4.0,2022-01-04
FDE20,5.497,Regular,0.085736,Baking Goods,OUT018,2009,Medium,Tier 3,Supermarket Type2,2369.2456,4.2,2023-11-15
NCN11,11.953,Low Fat,0.041498,Household,OUT018,2009,Medium,Tier 3,Supermarket Type2,1958.7997,4.3,2023-04-11
FDM28,4.921,Regular,0.04196,Meat,OUT035,2004,Small,Tier 2,Supermarket Type1,4034.3064,4.5,2022-10-22
NCD50,9.969,LF,0.044566,Household,OUT018,2009,Medium,Tier 3,Supermarket Type2,5979.2355,3.5,2023-06-28
FDX50,13.256,LF,0.072321,Fruits and Vegetables,OUT017,2007,,Tier 2,Supermarket Type1,3050.4314,4.3,2023-05-04
DRR46,21.165,reg,0.180457,Hard Drinks,OUT046,1997,Small,Tier 1,Supermarket Type1,4762.8255,4.1,2022-08-23
FDA58,12.812,Low Fat ,0.138288,Snack Foods,OUT018,2009,Medium,Tier 3,Supermarket Type2,1202.9275,3.7,2022-08-11
FDN45,12.636,LF,0.128066,Canned,OUT027,1985,Medium,Tier 3,Supermarket Type3,12081.5438,3.9,2023-11-13
NCP10,20.869,LF,0.03816,Others,OUT046,1997,Small,Tier 1,Supermarket Type1,1675.1654,4.018,2023-09-29
FDP46,17.918, Regular,0.044585,Snack Foods,OUT046,1997,Small,Tier 1,Supermarket Type1,7293.9827,4.1,2022-06-21
DRH42,15.824,Low Fat,0.03573,Hard Drinks,OUT035,2004,Small,Tier 2,Supermarket Type1,3543.8546,4.1,2023-12-30
FDS56,11.166,low fat,0.069616,Baking Goods,OUT017,2007,,Tier 2,Supermarket Type1,4297.5262,4.3,2023-01-26
FDE22,17.059,reg,0.02668,Canned,OUT010,1998,,Tier 3,Grocery Store,903.8988,3.7,2023-12-19
FDV59,5.292,low fat,0.034403,Fruits and Vegetables,OUT027,1985,Medium,Tier 3,Supermarket Type3,13086.9648,3.9,2022-04-11
FDK15,13.95,LF,0.0,Fruits and Vegetables,OUT017,2007,,Tier 2,Supermarket Type1,1289.4123,3.6,2023-04-23
FDJ53,,low fat,0.018209,Dairy,OUT017,2007,,Tier 2,Supermarket Type1,3621.145,4.725,2023-05-19
FDS56,11.166,low fat,0.047135,Baking Goods,OUT046,1997,Small,Tier 1,Supermarket Type1,1823.2211,4.5,2023-04-19
FDE56,,LF,0.052282,Dairy,OUT027,1985,Medium,Tier 3,Supermarket Type3,4136.9169,4.236,2023-09-18
NCV50,9.676,Low Fat ,0.017564,Health and Hygiene,OUT018,2009,Medium,Tier 3,Supermarket Type2,1685.9661,4.2,2022-06-21
NCA40,5.55,low fat,0.025002,Household,OUT049,1999,Medium,Tier 1,Supermarket Type1,979.2904,3.9,2023-06-29
FDE59,20.845,low fat,0.057986,Seafood,OUT017,2007,,Tier 2,Supermarket Type1,6035.8415,4.9,2023-10-04
FDB42,,reg,0.019586,Frozen Foods,OUT045,2002,,Tier 2,Supermarket Type1,8577.4009,4.3,2022-09-26
FDN43,15.12, Regular,0.05305,Baking Goods,OUT017,2007,,Tier 2,Supermarket Type1,6439.6219,4.2,2023-04-06
FDR57,8.003,LF,0.034236,Dairy,OUT017,2007,,Tier 2,Supermarket Type1,957.1229,4.1,2022-04-25
FDD24,6.241, Regular,0.021123,Canned,OUT049,1999,Medium,Tier 1,Supermarket Type1,2255.2853,4.028,2022-12-25
FDW54,13.165,Low Fat,0.034608,Canned,OUT027,1985,Medium,Tier 3,Supermarket Type3,3038.9084,4.0,2023-11-15
NCC29,8.081,Low Fat,0.11755,Household,OUT045,2002,,Tier 2,Supermarket Type1,1179.8605,3.9,2022-08-30
NCH44,,Low Fat,0.153431,Others,OUT013,1987,High,Tier 3,Supermarket Type1,1458.2866,2.8,2022-06-08
FDD30,12.386, Regular,0.013556,Fruits and Vegetables,OUT018,2009,Medium,Tier 3,Supermarket Type2,1234.6276,4.1,2023-04-15
FDY32,20.03, Regular,0.045095,Fruits and Vegetables,OUT049,1999,Medium,Tier 1,Supermarket Type1,7652.4444,4.3,2022-11-07
FDJ55,6.063,low fat,0.056123,Frozen Foods,OUT013,1987,High,Tier 3,Supermarket Type1,6333.0901,4.291,2023-12-05
NCC42,4.717,LF,0.013578,Household,OUT027,1985,Medium,Tier 3,Supermarket Type3,4472.9798,4.3,2022-05-05
NCV52,,Low Fat,0.038149,Household,OUT013,1987,High,Tier 3,Supermarket Type1,2689.3372,3.8,2023-02-09
FDJ54,16.83,LF,0.050877,Breakfast,OUT017,2007,,Tier 2,Supermarket Type1,976.2269,4.1,2022-07-03
FDW21,6.03,reg,0.125834,Snack Foods,OUT035,2004,Small,Tier 2,Supermarket Type1,3613.558,4.2,2023-05-16
DRY16,4.63,Low Fat,0.012304,Hard Drinks,OUT018,2009,Medium,Tier 3,Supermarket Type2,1523.0453,3.935,2023-05-04
DRB53,4.636,LF,0.022792,Soft Drinks,OUT046,1997,Small,Tier 1,Supermarket Type1,1973.8681,3.8,2023-05-25
FDD53,12.491,Regular,0.081216,Snack Foods,OUT019,1985,Small,Tier 1,Grocery Store,436.5346,4.0,2022-02-18
FDN26,13.151,low fat,0.079969,Fruits and Vegetables,OUT018,2009,Medium,Tier 3,Supermarket Type2,4732.0417,4.3,2022-10-08
FDA52,6.13,Regular,0.04295,Canned,OUT019,1985,Small,Tier 1,Grocery Store,1052.9228,3.3,2023-09-25
DRE42,10.471, Regular,0.042783,Soft Drinks,OUT035,2004,Small,Tier 2,Supermarket Type1,799.9452,3.865,2023-05-11
FDS16,18.489,reg,0.071074,Fruits and Vegetables,OUT027,1985,Medium,Tier 3,Supermarket Type3,13086.9648,4.1,2023-05-12
FDA54,6.503,LF,0.027015,Snack Foods,OUT049,1999,Medium,Tier 1,Supermarket Type1,2815.4593,4.3,2023-09-02
NCR39,11.124,Low Fat,0.075346,Household,OUT035,2004,Small,Tier 2,Supermarket Type1,3866.301,4.1,2023-02-03
NCD38,6.225,LF,0.046745,Household,OUT027,1985,Medium,Tier 3,Supermarket Type3,5813.1302,4.2,2022-03-04
FDU12,,Regular,0.028065,Canned,OUT027,1985,Medium,Tier 3,Supermarket Type3,1626.7276,3.838,2022-01-27
NCK59,14.584,Low Fat,0.056624,Health and Hygiene,OUT018,2009,Medium,Tier 3,Supermarket Type2,2275.693,4.103,2022-04-27
FDA41,,Low Fat ,0.227122,Fruits and Vegetables,OUT035,2004,Small,Tier 2,Supermarket Type1,2142.381,4.0,2022-10-27
FDE52,11.89,Low Fat ,0.081124,Canned,OUT035,2004,Small,Tier 2,Supermarket Type1,5320.6824,4.1,2022-05-07
FDW23,10.785,low fat,0.038891,Frozen Foods,OUT017,2007,,Tier 2,Supermarket Type1,1501.1461,4.1,2022-03-24
FDX14,7.303,LF,0.06075,Fruits and Vegetables,OUT045,2002,,Tier 2,Supermarket Type1,4070.2059,3.8,2023-06-23
NCV25,4.785,LF,0.034655,Health and Hygiene,OUT027,1985,Medium,Tier 3,Supermarket Type3,3018.6412,4.2,2023-04-29
FDH58,20.358,low fat,0.056024,Fruits and Vegetables,OUT045,2002,,Tier 2,Supermarket Type1,1617.6387,4.3,2023-03-20
FDE56,,Low Fat,0.027675,Dairy,OUT018,2009,Medium,Tier 3,Supermarket Type2,2758.5122,3.795,2023-01-31
FDM21,15.007,low fat,0.023032,Dairy,OUT027,1985,Medium,Tier 3,Supermarket Type3,3781.4592,3.8,2022-12-05
NCC34,4.652,low fat,0.065913,Health and Hygiene,OUT045,2002,,Tier 2,Supermarket Type1,2912.4449,4.4,2022-03-03
FDC28,18.384,Low Fat,0.056307,Frozen Foods,OUT027,1985,Medium,Tier 3,Supermarket Type3,4483.2631,3.8,2023-03-29
FDF58,11.431,Low Fat ,0.045632,Breads,OUT045,2002,,Tier 2,Supermarket Type1,2887.6875,3.8,2023-03-15
FDC21,13.576,Low Fat,0.074341,Frozen Foods,OUT013,1987,High,Tier 3,Supermarket Type1,4642.6772,3.7,2023-08-08
FDQ59,14.942,LF,0.055697,Fruits and Vegetables,OUT049,1999,Medium,Tier 1,Supermarket Type1,4965.1119,3.9,2023-09-04
DRE26,11.039,LF,0.052097,Soft Drinks,OUT018,2009,Medium,Tier 3,Supermarket Type2,2017.4246,4.0,2022-04-28
NCB13,7.055,Low Fat ,0.126998,Household,OUT013,1987,High,Tier 3,Supermarket Type1,4118.9072,4.4,2023-08-25
FDY48,11.794,LF,0.032403,Fruits and Vegetables,OUT035,2004,Small,Tier 2,Supermarket Type1,2559.6865,4.0,2023-04-04
DRS43,20.715,Regular,0.021551,Hard Drinks,OUT046,1997,Small,Tier 1,Supermarket Type1,3517.5204,4.3,2023-07-01
NCW35,,Low Fat,0.040177,Household,OUT010,1998,,Tier 3,Grocery Store,953.4628,4.0,2022-05-01
FDP15,,Regular,0.083726,Dairy,OUT027,1985,Medium,Tier 3,Supermarket Type3,4919.2179,3.79,2023-01-03
FDS55,20.22,low fat,0.070471,Canned,OUT049,1999,Medium,Tier 1,Supermarket Type1,1767.3055,3.6,2023-02-03
FDX57,14.882,Low Fat,0.041663,Meat,OUT019,1985,Small,Tier 1,Grocery Store,1667.5587,3.9,2023-03-05
FDK15,13.95,Low Fat ,0.0,Fruits and Vegetables,OUT035,2004,Small,Tier 2,Supermarket Type1,1543.3811,4.3,2022-02-22
DRC38,9.228,reg,0.016659,Soft Drinks,OUT013,1987,High,Tier 3,Supermarket Type1,1065.9652,3.7,2023-04-07
FDH25,18.309,reg,0.030032,Snack Foods,OUT017,2007,,Tier 2,Supermarket Type1,2131.6696,3.675,2023-06-11
NCD27,19.869,Low Fat ,0.066329,Health and Hygiene,OUT035,2004,Small,Tier 2,Supermarket Type1,1241.3756,4.069,2022-12-28
FDU59,,low fat,0.018912,Fruits and Vegetables,OUT018,2009,Medium,Tier 3,Supermarket Type2,1405.3662,4.3,2023-06-30
FDN58,5.263,Regular,0.107357,Canned,OUT035,2004,Small,Tier 2,Supermarket Type1,1368.3247,3.8,2022-06-11
FDW40,7.399,low fat,0.168501,Fruits and Vegetables,OUT035,2004,Small,Tier 2,Supermarket Type1,5138.8257,4.3,2023-05-02
NCR43,,LF,0.045925,Household,OUT017,2007,,Tier 2,Supermarket Type1,4034.6097,3.4,2023-05-18
FDN15,12.135,reg,0.021042,Baking Goods,OUT017,2007,,Tier 2,Supermarket Type1,2094.197,3.486,2022-12-25
FDP37,20.789, Regular,0.098103,Meat,OUT035,2004,Small,Tier 2,Supermarket Type1,6296.5794,3.2,2023-11-05
FDQ37,6.686,reg,0.03253,Snack Foods,OUT017,2007,,Tier 2,Supermarket Type1,2027.4159,3.7,2023-05-15
FDX36,17.813,Low Fat ,0.019925,Baking Goods,OUT027,1985,Medium,Tier 3,Supermarket Type3,2956.4979,4.3,2022-07-15
FDQ49,,LF,0.055038,Meat,OUT049,1999,Medium,Tier 1,Supermarket Type1,6885.1039,3.6,2022-08-21
NCA57,18.623,Low Fat,0.04062,Household,OUT019,1985,Small,Tier 1,Grocery Store,536.9717,3.5,2023-03-10
FDC18,7.393,reg,0.030796,Snack Foods,OUT027,1985,Medium,Tier 3,Supermarket Type3,6468.0451,4.5,2023-02-18
FDC17,13.604,LF,0.031715,Starchy Foods,OUT046,1997,Small,Tier 1,Supermarket Type1,2680.4652,4.6,2022-12-31
FDJ34,,LF,0.057539,Canned,OUT049,1999,Medium,Tier 1,Supermarket Type1,2149.1372,3.8,2022-02-19
FDC34,19.864,reg,0.031098,Frozen Foods,OUT035,2004,Small,Tier 2,Supermarket Type1,5282.9569,4.5,2022-01-06
NCD27,19.869,Low Fat ,0.049392,Health and Hygiene,OUT046,1997,Small,Tier 1,Supermarket Type1,2513.2773,3.6,2022-09-19
NCV20,16.094,Low Fat,0.043032,Health and Hygiene,OUT035,2004,Small,Tier 2,Supermarket Type1,1990.2925,3.6,2022-10-25
FDC14,21.321,Low Fat,0.039113,Frozen Foods,OUT018,2009,Medium,Tier 3,Supermarket Type2,1561.6489,4.5,2023-12-07
FDK40,11.084,Regular,0.019022,Dairy,OUT017,2007,,Tier 2,Supermarket Type1,2658.1299,4.419,2022-06-24
FDD45,, Regular,0.024937,Fruits and Vegetables,OUT049,1999,Medium,Tier 1,Supermarket Type1,1936.8037,4.393,2022-05-02
FDK39,7.804,Low Fat,0.094444,Frozen Foods,OUT027,1985,Medium,Tier 3,Supermarket Type3,2309.9184,3.3,2022-04-12
NCD11,10.151,LF,0.032997,Household,OUT045,2002,,Tier 2,Supermarket Type1,989.9246,3.9,2022-09-10
FDR25,11.994,reg,0.034212,Fruits and Vegetables,OUT027,1985,Medium,Tier 3,Supermarket Type3,10560.8862,3.6,2022-07-24
FDY23,12.038,low fat,0.033813,Baking Goods,OUT045,2002,,Tier 2,Supermarket Type1,1511.2722,3.3,2022-02-24
DRM21,,Low Fat,0.022602,Hard Drinks,OUT049,1999,Medium,Tier 1,Supermarket Type1,2033.4453,3.836,2023-07-29
FDJ18,20.204, Regular,0.053694,Meat,OUT017,2007,,Tier 2,Supermarket Type1,6367.416,4.228,2023-02-04
FDW12,20.945,reg,0.0668,Breakfast,OUT013,1987,High,Tier 3,Supermarket Type1,3069.4439,3.9,2022-08-01
FDW17,15.488,Low Fat,0.052904,Dairy,OUT018,2009,Medium,Tier 3,Supermarket Type2,2190.1082,3.2,2022-03-19
FDU30,,LF,0.020241,Frozen Foods,OUT049,1999,Medium,Tier 1,Supermarket Type1,1099.8835,3.8,2023-02-08
FDJ15,12.735,Low Fat ,0.0,Baking Goods,OUT027,1985,Medium,Tier 3,Supermarket Type3,1842.4231,3.9,2023-03-22
FDJ18,20.204,reg,0.031273,Meat,OUT027,1985,Medium,Tier 3,Supermarket Type3,5288.1293,4.1,2022-02-27
FDH25,18.309,reg,0.050816,Snack Foods,OUT035,2004,Small,Tier 2,Supermarket Type1,3044.7437,3.6,2022-10-19
DRB20,20.81,reg,0.019177,Hard Drinks,OUT018,2009,Medium,Tier 3,Supermarket Type2,1245.6332,3.8,2022-01-07
FDD44,,reg,0.0,Meat,OUT046,1997,Small,Tier 1,Supermarket Type1,2826.4358,4.0,2023-10-06
FDQ18,18.453,LF,0.010278,Frozen Foods,OUT018,2009,Medium,Tier 3,Supermarket Type2,2472.7764,4.1,2023-06-24
FDK20,,Low Fat ,0.103506,Breads,OUT049,1999,Medium,Tier 1,Supermarket Type1,3269.6993,3.7,2023-04-23
FDH23,,low fat,0.068887,Baking Goods,OUT010,1998,,Tier 3,Grocery Store,1839.927,4.0,2023-10-24
FDQ36,,Low Fat,0.071244,Snack Foods,OUT018,2009,Medium,Tier 3,Supermarket Type2,6144.2505,3.9,2022-05-17
NCH25,18.184,Low Fat,0.01358,Household,OUT027,1985,Medium,Tier 3,Supermarket Type3,1453.6054,3.8,2022-01-30
DRD10,8.09,low fat,0.095778,Soft Drinks,OUT049,1999,Medium,Tier 1,Supermarket Type1,4734.5665,4.2,2022-06-26
FDR49,18.109,Low Fat ,0.075424,Canned,OUT013,1987,High,Tier 3,Supermarket Type1,1940.3317,4.0,2023-08-08
NCM17,8.691,low fat,0.050678,Household,OUT027,1985,Medium,Tier 3,Supermarket Type3,5612.3585,3.881,2022-12-18
FDF14,9.674,Regular,0.030591,Canned,OUT049,1999,Medium,Tier 1,Supermarket Type1,1158.0052,3.7,2022-12-15
NCD44,11.601,low fat,0.035029,Household,OUT035,2004,Small,Tier 2,Supermarket Type1,1436.1461,3.6,2022-10-06
NCU52,10.865,LF,0.079775,Health and Hygiene,OUT035,2004,Small,Tier 2,Supermarket Type1,1251.821,3.974,2022-01-21
NCU52,10.865,LF,0.050491,Health and Hygiene,OUT027,1985,Medium,Tier 3,Supermarket Type3,1438.6408,3.6,2022-01-14
FDD54,,Regular,0.016307,Snack Foods,OUT046,1997,Small,Tier 1,Supermarket Type1,1957.8996,3.9,2023-03-24
FDE19,4.573,low fat,0.050666,Canned,OUT046,1997,Small,Tier 1,Supermarket Type1,2190.6102,4.5,2022-07-24
NCF58,,Low Fat,0.05906,Household,OUT035,2004,Small,Tier 2,Supermarket Type1,3328.0467,4.8,2022-08-10
FDU38,20.856,Low Fat ,0.0,Fruits and Vegetables,OUT013,1987,High,Tier 3,Supermarket Type1,3006.1206,3.8,2022-08-12
FDB15,11.316,reg,0.033693,Snack Foods,OUT046,1997,Small,Tier 1,Supermarket Type1,1929.1979,3.9,2023-01-02
FDQ27,,Low Fat ,0.046846,Canned,OUT045,2002,,Tier 2,Supermarket Type1,1809.2024,3.8,2022-01-22
FDC49,13.853,Regular,0.042327,Meat,OUT013,1987,High,Tier 3,Supermarket Type1,2881.659,3.7,2022-01-01
FDS46,16.481,Regular,0.024711,Snack Foods,OUT013,1987,High,Tier 3,Supermarket Type1,6851.7421,4.6,2023-04-06
FDJ57,8.897,low fat,0.027658,Snack Foods,OUT049,1999,Medium,Tier 1,Supermarket Type1,3199.9757,4.1,2023-05-19
FDM33,19.048,low fat,0.159905,Baking Goods,OUT035,2004,Small,Tier 2,Supermarket Type1,1241.2913,4.0,2022-06-20
NCQ15,10.993,Low Fat ,0.038171,Health and Hygiene,OUT049,1999,Medium,Tier 1,Supermarket Type1,1654.8852,4.0,2022-10-09
FDV51,19.36,reg,0.058006,Fruits and Vegetables,OUT046,1997,Small,Tier 1,Supermarket Type1,1714.4005,4.5,2022-01-23
NCH42,17.427,LF,0.073204,Others,OUT049,1999,Medium,Tier 1,Supermarket Type1,2402.0191,4.326,2023-02-07
FDJ38,10.352, Regular,0.0,Breakfast,OUT045,2002,,Tier 2,Supermarket Type1,7090.181,3.9,2022-08-03
FDF32,16.979,low fat,0.080838,Starchy Foods,OUT046,1997,Small,Tier 1,Supermarket Type1,3742.9127,3.7,2022-02-28
FDN49,,reg,0.071434,Fruits and Vegetables,OUT035,2004,Small,Tier 2,Supermarket Type1,2586.367,4.2,2023-01-06
DRK22,19.888,low fat,0.032736,Hard Drinks,OUT049,1999,Medium,Tier 1,Supermarket Type1,2126.1376,3.492,2023-03-06
NCW18,13.063,Low Fat,0.040012,Household,OUT027,1985,Medium,Tier 3,Supermarket Type3,13086.9648,3.8,2023-02-21
DRG20,, Regular,0.027227,Soft Drinks,OUT046,1997,Small,Tier 1,Supermarket Type1,2748.8302,4.3,2022-02-15
FDP13,9.114,Low Fat,0.153544,Baking Goods,OUT046,1997,Small,Tier 1,Supermarket Type1,2480.0574,3.5,2022-04-28
FDG44,7.943,low fat,0.120695,Frozen Foods,OUT017,2007,,Tier 2,Supermarket Type1,1189.0524,4.3,2022-07-27
FDF42,16.398, Regular,0.013054,Snack Foods,OUT019,1985,Small,Tier 1,Grocery Store,1808.1868,3.8,2022-12-18
FDX27,,LF,0.027801,Breakfast,OUT027,1985,Medium,Tier 3,Supermarket Type3,3716.6947,3.7,2023-06-29
DRC46,,Regular,0.03126,Soft Drinks,OUT013,1987,High,Tier 3,Supermarket Type1,2717.608,3.9,2022-10-07
NCW50,8.005,LF,0.156592,Others,OUT019,1985,Small,Tier 1,Grocery Store,426.2171,4.0,2023-11-22
FDA54,6.503,Low Fat,0.087952,Snack Foods,OUT018,2009,Medium,Tier 3,Supermarket Type2,5666.9227,4.6,2023-07-09
NCS11,4.709,Low Fat,0.019747,Others,OUT019,1985,Small,Tier 1,Grocery Store,1161.7708,3.3,2023-04-04
FDV13,15.281,Low Fat,0.0,Fruits and Vegetables,OUT010,1998,,Tier 3,Grocery Store,677.3638,4.276,2023-09-22
FDH37,20.791,Regular,0.07267,Fruits and Vegetables,OUT049,1999,Medium,Tier 1,Supermarket Type1,1987.2915,4.4,2023-07-21
FDM38,13.464,reg,0.079961,Starchy Foods,OUT018,2009,Medium,Tier 3,Supermarket Type2,8153.9078,3.8,2022-03-08
FDQ27,14.858,low fat,0.029875,Canned,OUT017,2007,,Tier 2,Supermarket Type1,7726.4773,3.8,2023-11-26
FDK56,8.175,Low Fat,0.024778,Frozen Foods,OUT013,1987,High,Tier 3,Supermarket Type1,3533.017,3.326,2023-05-09
FDM40,12.304,Low Fat ,0.074404,Snack Foods,OUT049,1999,Medium,Tier 1,Supermarket Type1,1575.439,4.1,2022-08-04
FDY16,7.963,LF,0.023397,Frozen Foods,OUT045,2002,,Tier 2,Supermarket Type1,1340.5868,3.7,2022-07-27
FDW34,17.927,Low Fat ,0.12719,Baking Goods,OUT019,1985,Small,Tier 1,Grocery Store,292.4095,3.7,2022-10-21
NCM46,5.474,Low Fat ,0.120356,Others,OUT013,1987,High,Tier 3,Supermarket Type1,5368.5745,4.0,2022-01-27
FDE33,,Low Fat ,0.0,Snack Foods,OUT013,1987,High,Tier 3,Supermarket Type1,1472.2677,3.4,2022-11-16
FDV25,19.906,Low Fat ,0.023472,Dairy,OUT049,1999,Medium,Tier 1,Supermarket Type1,1444.785,4.1,2023-01-30
FDK45,12.951,reg,0.046138,Snack Foods,OUT017,2007,,Tier 2,Supermarket Type1,2506.8939,3.6,2023-11-12
FDD56,18.15,reg,0.18056,Frozen Foods,OUT049,1999,Medium,Tier 1,Supermarket Type1,2124.6743,4.2,2023-12-29
NCH44,11.097,Low Fat ,0.071643,Others,OUT010,1998,,Tier 3,Grocery Store,739.0776,3.6,2022-08-22
DRF57,9.904, Regular,0.032761,Soft Drinks,OUT017,2007,,Tier 2,Supermarket Type1,2854.2603,4.1,2023-11-20
FDN26,,Low Fat,0.062001,Fruits and Vegetables,OUT017,2007,,Tier 2,Supermarket Type1,1287.2635,4.2,2022-08-31
FDU18,,Low Fat ,0.063371,Frozen Foods,OUT045,2002,,Tier 2,Supermarket Type1,2473.6806,4.1,2023-06-15
DRJ26,19.311,Low Fat ,0.045089,Hard Drinks,OUT010,1998,,Tier 3,Grocery Store,1651.2963,3.874,2023-01-10
FDR16,5.72,LF,0.01381,Meat,OUT035,2004,Small,Tier 2,Supermarket Type1,6156.4554,4.0,2023-06-24
FDP50,,reg,0.07965,Baking Goods,OUT049,1999,Medium,Tier 1,Supermarket Type1,2720.0219,3.7,2023-04-04
FDD41,11.807,Low Fat,0.0,Snack Foods,OUT049,1999,Medium,Tier 1,Supermarket Type1,1309.6654,4.4,2023-05-07
FDV12,7.152, Regular,0.066196,Frozen Foods,OUT019,1985,Small,Tier 1,Grocery Store,1017.0268,4.2,2022-12-07
NCS46,,Low Fat ,0.063817,Health and Hygiene,OUT045,2002,,Tier 2,Supermarket Type1,4580.1075,4.5,2023-03-08
FDF35,,LF,0.0,Canned,OUT017,2007,,Tier 2,Supermarket Type1,2934.6389,4.482,2023-09-27
FDW15,5.699,LF,0.0,Snack Foods,OUT046,1997,Small,Tier 1,Supermarket Type1,855.904,4.3,2022-04-26
NCF48,16.253,Low Fat ,0.034504,Household,OUT045,2002,,Tier 2,Supermarket Type1,2915.2144,3.7,2022-02-13
FDG11,13.626, Regular,0.0,Fruits and Vegetables,OUT013,1987,High,Tier 3,Supermarket Type1,8885.5223,4.2,2023-06-01
FDM21,15.007,low fat,0.055025,Dairy,OUT049,1999,Medium,Tier 1,Supermarket Type1,6768.1034,4.066,2023-05-03
FDP27,,LF,0.02077,Baking Goods,OUT027,1985,Medium,Tier 3,Supermarket Type3,5219.8871,3.9,2022-03-06
FDW31,20.288,low fat,0.023889,Baking Goods,OUT045,2002,,Tier 2,Supermarket Type1,1942.2883,4.0,2023-07-10
FDD58,7.814,reg,0.049262,Fruits and Vegetables,OUT046,1997,Small,Tier 1,Supermarket Type1,1578.7814,4.1,2022-08-25
FDM35,10.702,Regular,0.042898,Breads,OUT013,1987,High,Tier 3,Supermarket Type1,3063.2338,2.964,2023-10-11
DRX49,8.48,Low Fat,0.029301,Hard Drinks,OUT035,2004,Small,Tier 2,Supermarket Type1,2281.3471,3.3,2022-12-31
NCH29,8.102,low fat,0.02587,Others,OUT045,2002,,Tier 2,Supermarket Type1,4380.1361,3.9,2023-12-04
FDS43,9.673,low fat,0.199194,Frozen Foods,OUT019,1985,Small,Tier 1,Grocery Store,1375.1241,3.5,2022-04-04
FDV55,,Low Fat,0.061895,Snack Foods,OUT018,2009,Medium,Tier 3,Supermarket Type2,1850.7544,4.3,2023-06-10
NCA17,5.254,Low Fat ,0.063462,Health and Hygiene,OUT046,1997,Small,Tier 1,Supermarket Type1,3880.5295,4.1,2022-04-03
FDE41,,Low Fat,0.045994,Frozen Foods,OUT045,2002,,Tier 2,Supermarket Type1,2242.4253,4.1,2023-02-21
FDK39,7.804,Low Fat,0.053587,Frozen Foods,OUT049,1999,Medium,Tier 1,Supermarket Type1,1300.1636,4.4,2022-06-06
DRK33,5.465,LF,0.092749,Hard Drinks,OUT017,2007,,Tier 2,Supermarket Type1,1523.0208,3.9,2023-07-14
FDH29,5.308,Regular,0.021617,Baking Goods,OUT027,1985,Medium,Tier 3,Supermarket Type3,3010.3313,3.4,2022-07-02
FDB47,7.071,LF,0.037068,Meat,OUT019,1985,Small,Tier 1,Grocery Store,1347.1672,4.3,2023-03-04
FDF28,8.735,LF,0.081745,Baking Goods,OUT046,1997,Small,Tier 1,Supermarket Type1,1615.3101,4.7,2022-04-30
NCC11,,Low Fat,0.023666,Household,OUT018,2009,Medium,Tier 3,Supermarket Type2,1651.2504,4.0,2022-10-17
FDD33,14.338,Low Fat ,0.030536,Frozen Foods,OUT045,2002,,Tier 2,Supermarket Type1,2381.2699,3.6,2023-07-12
FDB25,17.428,LF,0.072275,Breads,OUT027,1985,Medium,Tier 3,Supermarket Type3,13086.9648,3.787,2023-12-30
FDN37,13.869,LF,0.066201,Baking Goods,OUT017,2007,,Tier 2,Supermarket Type1,2310.0297,3.6,2022-02-03
NCF58,12.655,low fat,0.033428,Household,OUT013,1987,High,Tier 3,Supermarket Type1,3247.1163,3.6,2023-09-13
NCR43,12.792,Low Fat,0.033289,Household,OUT046,1997,Small,Tier 1,Supermarket Type1,3181.9628,3.9,2023-08-03
FDQ41,,Low Fat,0.089457,Snack Foods,OUT018,2009,Medium,Tier 3,Supermarket Type2,3601.2945,3.9,2022-01-15
FDA36,7.569,reg,0.0,Frozen Foods,OUT013,1987,High,Tier 3,Supermarket Type1,3880.5164,4.2,2023-11-06
FDX50,13.256,Low Fat ,0.048927,Fruits and Vegetables,OUT018,2009,Medium,Tier 3,Supermarket Type2,1982.5373,4.474,2023-12-20
FDR31,15.97,Low Fat,0.250485,Fruits and Vegetables,OUT027,1985,Medium,Tier 3,Supermarket Type3,13086.9648,4.0,2022-10-29
DRC11,6.195, Regular,0.038523,Soft Drinks,OUT045,2002,,Tier 2,Supermarket Type1,2315.9537,4.7,2022-05-12
FDF16,19.706,LF,0.013387,Fruits and Vegetables,OUT027,1985,Medium,Tier 3,Supermarket Type3,7795.3191,4.5,2023-07-10
FDE27,14.958,Low Fat,0.042301,Dairy,OUT027,1985,Medium,Tier 3,Supermarket Type3,11216.6173,4.2,2022-05-10
DRM48,5.751,Low Fat,0.0,Soft Drinks,OUT049,1999,Medium,Tier 1,Supermarket Type1,3452.778,4.2,2023-10-26
FDP10,12.262,LF,0.051102,Dairy,OUT049,1999,Medium,Tier 1,Supermarket Type1,790.037,4.0,2022-01-17
FDE19,4.573,Low Fat ,0.024245,Canned,OUT013,1987,High,Tier 3,Supermarket Type1,6949.0118,3.4,2023-08-06
FDK40,11.084,reg,0.021097,Dairy,OUT049,1999,Medium,Tier 1,Supermarket Type1,4203.3769,4.9,2023-08-13
NCB43,10.044,LF,0.082165,Household,OUT049,1999,Medium,Tier 1,Supermarket Type1,5068.0852,4.4,2023-12-12
FDU40,8.23,Low Fat ,0.032565,Seafood,OUT035,2004,Small,Tier 2,Supermarket Type1,1624.2684,4.231,2022-03-08
FDC55,8.051,reg,0.055002,Baking Goods,OUT027,1985,Medium,Tier 3,Supermarket Type3,4338.9991,3.523,2022-10-04
FDQ17,15.182,reg,0.05509,Dairy,OUT046,1997,Small,Tier 1,Supermarket Type1,3992.4259,4.4,2022-09-28
FDM57,7.542,low fat,0.033425,Baking Goods,OUT010,1998,,Tier 3,Grocery Store,464.1668,3.663,2022-07-15
NCR21,17.495,Low Fat ,0.027913,Household,OUT046,1997,Small,Tier 1,Supermarket Type1,2891.4429,3.8,2022-05-02
FDB51,15.714, Regular,0.040764,Fruits and Vegetables,OUT046,1997,Small,Tier 1,Supermarket Type1,3171.8064,4.0,2022-02-14
FDM57,7.542,LF,0.02558,Baking Goods,OUT035,2004,Small,Tier 2,Supermarket Type1,1343.5732,3.7,2023-03-02
FDE16,10.615,low fat,0.066883,Baking Goods,OUT027,1985,Medium,Tier 3,Supermarket Type3,13086.9648,4.067,2023-08-23
NCS34,12.451,LF,0.018381,Health and Hygiene,OUT049,1999,Medium,Tier 1,Supermarket Type1,2696.2511,4.4,2022-05-19
FDH16,13.075,low fat,0.052233,Fruits and Vegetables,OUT019,1985,Small,Tier 1,Grocery Store,681.5265,3.3,2023-06-23
NCK48,10.251,Low Fat,0.072564,Health and Hygiene,OUT013,1987,High,Tier 3,Supermarket Type1,2697.4366,4.234,2022-08-07
FDQ26,16.66,LF,0.062272,Fruits and Vegetables,OUT013,1987,High,Tier 3,Supermarket Type1,1668.9372,4.1,2022-09-29
DRR20,8.315,LF,0.08043,Soft Drinks,OUT049,1999,Medium,Tier 1,Supermarket Type1,1011.2754,3.862,2023-05-24
FDW40,7.399,Low Fat,0.040041,Fruits and Vegetables,OUT017,2007,,Tier 2,Supermarket Type1,3573.9419,4.1,2023-01-23
FDM12,12.49, Regular,0.035467,Snack Foods,OUT013,1987,High,Tier 3,Supermarket Type1,2293.1311,4.5,2022-08-16
FDG15,17.684,low fat,0.0,Canned,OUT049,1999,Medium,Tier 1,Supermarket Type1,3630.6547,4.0,2022-12-25
FDK33,,Low Fat ,0.031346,Meat,OUT046,1997,Small,Tier 1,Supermarket Type1,1588.1219,3.7,2022-06-30
FDX40,20.491,Low Fat ,0.07446,Frozen Foods,OUT045,2002,,Tier 2,Supermarket Type1,2539.0559,3.0,2023-04-09
NCJ38,9.025,Low Fat ,0.064519,Household,OUT013,1987,High,Tier 3,Supermarket Type1,3211.1877,3.57,2022-01-07
FDX36,17.813,LF,0.038215,Baking Goods,OUT049,1999,Medium,Tier 1,Supermarket Type1,1980.4408,4.3,2022-05-25
FDD57,,LF,0.062163,Starchy Foods,OUT027,1985,Medium,Tier 3,Supermarket Type3,2825.3843,3.782,2022-01-16
FDR42,14.039,Low Fat,0.010438,Snack Foods,OUT017,2007,,Tier 2,Supermarket Type1,2564.6941,4.4,2022-12-27
NCH42,17.427,LF,0.050488,Others,OUT046,1997,Small,Tier 1,Supermarket Type1,3087.0792,4.2,2022-12-25
FDP26,7.446,LF,0.111245,Snack Foods,OUT046,1997,Small,Tier 1,Supermarket Type1,2633.1856,3.8,2023-07-21
NCS49,13.575,Low Fat,0.0,Health and Hygiene,OUT018,2009,Medium,Tier 3,Supermarket Type2,2388.7094,4.2,2023-05-12
FDV32,16.442,reg,0.0831,Meat,OUT046,1997,Small,Tier 1,Supermarket Type1,5289.9099,4.2,2022-09-28
FDR38,,low fat,0.036593,Frozen Foods,OUT010,1998,,Tier 3,Grocery Store,1138.4116,4.1,2022-12-24
FDC50,6.641,LF,0.01523,Meat,OUT019,1985,Small,Tier 1,Grocery Store,190.8354,4.2,2023-05-02
FDG35,13.339,Low Fat,0.016761,Meat,OUT045,2002,,Tier 2,Supermarket Type1,2978.7397,4.4,2022-11-16
FDA50,17.939,Regular,0.060575,Snack Foods,OUT049,1999,Medium,Tier 1,Supermarket Type1,2489.9829,4.1,2023-05-11
FDM28,4.921,Regular,0.037221,Meat,OUT049,1999,Medium,Tier 1,Supermarket Type1,4475.0138,3.8,2022-08-30
DRV48,14.044,low fat,0.034284,Hard Drinks,OUT018,2009,Medium,Tier 3,Supermarket Type2,2026.3657,4.1,2022-08-28
FDN43,,reg,0.0,Baking Goods,OUT035,2004,Small,Tier 2,Supermarket Type1,1592.8803,3.878,2023-05-26
NCN21,4.624,Low Fat ,0.037116,Household,OUT049,1999,Medium,Tier 1,Supermarket Type1,2531.7662,3.7,2022-03-27
FDQ56,10.801,LF,0.125087,Breakfast,OUT017,2007,,Tier 2,Supermarket Type1,3845.8384,3.9,2023-10-04
DRE15,21.106,Regular,0.03684,Soft Drinks,OUT013,1987,High,Tier 3,Supermarket Type1,1527.0253,4.284,2022-04-06
NCU13,17.293,Low Fat,0.037976,Health and Hygiene,OUT019,1985,Small,Tier 1,Grocery Store,657.8786,3.9,2022-05-22
DRK50,7.483,reg,0.016955,Soft Drinks,OUT013,1987,High,Tier 3,Supermarket Type1,1056.1983,3.9,2022-03-01
FDR10,20.918,Low Fat ,0.054704,Baking Goods,OUT018,2009,Medium,Tier 3,Supermarket Type2,2214.8231,3.5,2023-09-29
FDW32,5.723,Regular,0.0,Meat,OUT049,1999,Medium,Tier 1,Supermarket Type1,1213.4342,3.7,2022-12-02
FDA31,5.689,Regular,0.0,Dairy,OUT018,2009,Medium,Tier 3,Supermarket Type2,5104.17,3.8,2023-03-18
FDN32,12.912,LF,0.037098,Meat,OUT013,1987,High,Tier 3,Supermarket Type1,3065.1214,4.6,2022-07-09
FDP12,8.51,Low Fat ,0.104176,Meat,OUT017,2007,,Tier 2,Supermarket Type1,3104.4113,4.7,2023-04-06
FDU48,18.087,Low Fat,0.105818,Snack Foods,OUT049,1999,Medium,Tier 1,Supermarket Type1,1780.2441,3.897,2023-12-24
FDK36,,LF,0.045671,Frozen Foods,OUT019,1985,Small,Tier 1,Grocery Store,328.0407,4.1,2022-04-03
NCF19,,LF,0.028754,Others,OUT035,2004,Small,Tier 2,Supermarket Type1,4453.4693,3.9,2022-07-10
DRW51,11.078,low fat,0.067313,Hard Drinks,OUT046,1997,Small,Tier 1,Supermarket Type1,6064.2275,3.4,2023-12-31
FDC42,, Regular,0.067391,Canned,OUT019,1985,Small,Tier 1,Grocery Store,1723.9357,4.3,2022-04-11
NCB13,,low fat,0.0,Household,OUT017,2007,,Tier 2,Supermarket Type1,4640.3302,4.3,2022-03-08
FDR50,9.777, Regular,0.033554,Meat,OUT045,2002,,Tier 2,Supermarket Type1,9180.978,4.6,2022-05-05
FDR54,,low fat,0.10943,Snack Foods,OUT049,1999,Medium,Tier 1,Supermarket Type1,1327.1317,4.6,2022-07-12
FDE39,20.416,Low Fat,0.017706,Meat,OUT019,1985,Small,Tier 1,Grocery Store,904.6641,4.8,2022-01-22
DRG39,11.128,Regular,0.113599,Hard Drinks,OUT010,1998,,Tier 3,Grocery Store,992.7583,3.7,2022-12-04
FDW50,10.758,reg,0.032754,Fruits and Vegetables,OUT045,2002,,Tier 2,Supermarket Type1,3606.1588,3.7,2022-12-16
FDB44,9.709,Low Fat ,0.280932,Fruits and Vegetables,OUT010,1998,,Tier 3,Grocery Store,2132.7769,4.1,2023-11-01
FDK59,12.562,Low Fat ,0.328,Starchy Foods,OUT035,2004,Small,Tier 2,Supermarket Type1,4856.4885,4.0,2023-03-05
FDG23,16.111,low fat,0.037539,Snack Foods,OUT019,1985,Small,Tier 1,Grocery Store,379.5746,4.372,2022-06-18
FDP19,16.68,Low Fat ,0.034459,Dairy,OUT046,1997,Small,Tier 1,Supermarket Type1,4431.5002,4.7,2023-05-30
FDE22,17.059, Regular,0.037112,Canned,OUT018,2009,Medium,Tier 3,Supermarket Type2,5083.7125,3.471,2022-09-08
NCB29,,Low Fat ,0.073964,Health and Hygiene,OUT046,1997,Small,Tier 1,Supermarket Type1,4683.8503,4.0,2023-01-06
FDR27,5.639,reg,0.068855,Breads,OUT013,1987,High,Tier 3,Supermarket Type1,3069.2538,4.208,2023-03-11
FDY26,9.045,Regular,0.181182,Starchy Foods,OUT045,2002,,Tier 2,Supermarket Type1,1303.4418,3.3,2023-02-24
FDD17,,Regular,0.020421,Breakfast,OUT049,1999,Medium,Tier 1,Supermarket Type1,2028.0291,4.2,2023-07-22
FDA15,18.04,Regular,0.030399,Starchy Foods,OUT035,2004,Small,Tier 2,Supermarket Type1,1440.0612,3.0,2022-08-07
FDY17,9.351,low fat,0.03399,Dairy,OUT019,1985,Small,Tier 1,Grocery Store,3341.1577,4.436,2023-01-15
NCA37,20.692,LF,0.062825,Household,OUT046,1997,Small,Tier 1,Supermarket Type1,1438.2001,3.6,2023-05-08
DRK22,19.888,Low Fat,0.041227,Hard Drinks,OUT013,1987,High,Tier 3,Supermarket Type1,1858.8268,3.5,2022-12-22
FDY51,10.12,low fat,0.062257,Meat,OUT018,2009,Medium,Tier 3,Supermarket Type2,2831.4901,3.8,2022-05-02
FDQ32,17.352,Low Fat,0.101662,Starchy Foods,OUT049,1999,Medium,Tier 1,Supermarket Type1,6338.1054,4.3,2023-03-23
FDD19,10.919,Regular,0.064464,Canned,OUT010,1998,,Tier 3,Grocery Store,959.6467,3.7,2022-01-27
FDQ22,20.353,Low Fat ,0.099679,Dairy,OUT019,1985,Small,Tier 1,Grocery Store,737.2796,4.2,2022-06-11
FDK32,8.37,LF,0.069138,Canned,OUT013,1987,High,Tier 3,Supermarket Type1,3295.8356,4.3,2023-03-29
NCH58,,low fat,0.022077,Household,OUT010,1998,,Tier 3,Grocery Store,387.5249,4.2,2022-10-09
FDK23,13.829,LF,0.090832,Meat,OUT027,1985,Medium,Tier 3,Supermarket Type3,11609.9205,4.1,2022-08-06
FDA44,21.324,reg,0.0,Baking Goods,OUT046,1997,Small,Tier 1,Supermarket Type1,1431.9048,3.8,2022-10-20
FDK43,20.271,Regular,0.136521,Breads,OUT035,2004,Small,Tier 2,Supermarket Type1,3963.6888,4.0,2022-10-01
FDQ57,17.702,Regular,0.084762,Fruits and Vegetables,OUT013,1987,High,Tier 3,Supermarket Type1,2163.7382,3.787,2022-09-04
FDA49,18.128,Regular,0.052909,Frozen Foods,OUT027,1985,Medium,Tier 3,Supermarket Type3,3257.7409,3.6,2022-10-03
FDB47,7.071,Low Fat,0.106763,Meat,OUT018,2009,Medium,Tier 3,Supermarket Type2,2528.8329,4.9,2022-05-19
FDB39,17.07,Low Fat ,0.113047,Breads,OUT046,1997,Small,Tier 1,Supermarket Type1,1070.2854,3.8,2023-11-07
NCD16,14.188,Low Fat,0.119348,Household,OUT049,1999,Medium,Tier 1,Supermarket Type1,2228.3639,3.5,2022-05-08
FDA57,9.997,reg,0.048548,Meat,OUT019,1985,Small,Tier 1,Grocery Store,2878.5756,3.6,2023-08-02
FDQ18,18.453,LF,0.097003,Frozen Foods,OUT017,2007,,Tier 2,Supermarket Type1,2677.4367,4.1,2023-09-22
FDY44,20.894,low fat,0.02042,Fruits and Vegetables,OUT017,2007,,Tier 2,Supermarket Type1,1443.3298,4.829,2023-04-25
DRB48,,LF,0.047454,Soft Drinks,OUT027,1985,Medium,Tier 3,Supermarket Type3,2574.8907,4.2,2022-11-25
FDH12,5.658,Low Fat,0.077702,Canned,OUT045,2002,,Tier 2,Supermarket Type1,1908.5739,4.6,2022-04-17
DRU30,17.591,LF,0.072967,Soft Drinks,OUT019,1985,Small,Tier 1,Grocery Store,1328.7714,4.2,2023-03-19
FDP32,17.035, Regular,0.025314,Snack Foods,OUT017,2007,,Tier 2,Supermarket Type1,1846.7889,4.2,2022-02-27
FDA40,,Low Fat ,0.056745,Starchy Foods,OUT013,1987,High,Tier 3,Supermarket Type1,3117.7634,4.5,2022-10-16
NCF15,4.572,Low Fat,0.0,Health and Hygiene,OUT018,2009,Medium,Tier 3,Supermarket Type2,1059.1691,4.5,2022-10-15
FDK46,,low fat,0.033698,Dairy,OUT018,2009,Medium,Tier 3,Supermarket Type2,1172.4599,4.3,2023-12-25
FDM15,,LF,0.024451,Snack Foods,OUT027,1985,Medium,Tier 3,Supermarket Type3,8022.9413,4.3,2023-09-20
FDS14,15.233,low fat,0.037389,Fruits and Vegetables,OUT045,2002,,Tier 2,Supermarket Type1,2131.5768,4.1,2023-02-28
FDC26,14.28,reg,0.074202,Snack Foods,OUT027,1985,Medium,Tier 3,Supermarket Type3,4011.5906,4.3,2023-07-23
NCG12,15.375,Low Fat ,0.158404,Health and Hygiene,OUT027,1985,Medium,Tier 3,Supermarket Type3,7106.2214,4.2,2023-02-19
FDG46,11.108,Low Fat ,0.071964,Snack Foods,OUT045,2002,,Tier 2,Supermarket Type1,3123.7646,3.6,2023-09-13
FDH15,12.884,reg,0.053493,Dairy,OUT035,2004,Small,Tier 2,Supermarket Type1,2461.8877,3.6,2022-08-03
FDB59,,LF,0.170218,Dairy,OUT049,1999,Medium,Tier 1,Supermarket Type1,2684.63,4.5,2023-07-21
NCC46,13.016,Low Fat,0.108795,Household,OUT046,1997,Small,Tier 1,Supermarket Type1,519.3422,3.6,2022-11-25
FDR45,20.449,low fat,0.088041,Snack Foods,OUT018,2009,Medium,Tier 3,Supermarket Type2,3456.1575,3.638,2022-05-18
FDA24,13.219,low fat,0.269168,Fruits and Vegetables,OUT027,1985,Medium,Tier 3,Supermarket Type3,11021.7669,4.1,2023-11-05
NCB51,,Low Fat,0.070561,Household,OUT019,1985,Small,Tier 1,Grocery Store,712.4763,3.705,2022-04-17
FDK48,17.501,Regular,0.158531,Baking Goods,OUT013,1987,High,Tier 3,Supermarket Type1,1428.3301,4.1,2023-12-15
DRP27,13.882,low fat,0.029982,Hard Drinks,OUT010,1998,,Tier 3,Grocery Store,654.2761,3.0,2022-11-16
FDC13,13.006,LF,0.013277,Seafood,OUT027,1985,Medium,Tier 3,Supermarket Type3,5417.3939,4.3,2023-03-14
FDD21,, Regular,0.062627,Snack Foods,OUT017,2007,,Tier 2,Supermarket Type1,6425.6554,4.5,2023-07-12
NCD31,,Low Fat,0.037576,Household,OUT045,2002,,Tier 2,Supermarket Type1,2682.736,3.7,2023-03-14
FDG41,7.976,low fat,0.041324,Starchy Foods,OUT049,1999,Medium,Tier 1,Supermarket Type1,1720.2389,4.5,2022-12-11
DRS17,14.637,LF,0.034013,Soft Drinks,OUT017,2007,,Tier 2,Supermarket Type1,7136.93,3.78,2022-04-27
FDU10,10.801,Low Fat ,0.063256,Frozen Foods,OUT045,2002,,Tier 2,Supermarket Type1,8181.4344,3.8,2023-09-04
FDK41,20.011,Low Fat,0.083862,Fruits and Vegetables,OUT046,1997,Small,Tier 1,Supermarket Type1,1799.9157,3.8,2023-05-02
NCA33,7.735,low fat,0.045928,Health and Hygiene,OUT045,2002,,Tier 2,Supermarket Type1,2687.7241,4.1,2022-03-25
FDK11,, Regular,0.023562,Dairy,OUT027,1985,Medium,Tier 3,Supermarket Type3,2734.9903,4.6,2022-09-08
FDW38,13.506,low fat,0.028109,Snack Foods,OUT045,2002,,Tier 2,Supermarket Type1,1767.1189,3.975,2022-03-04
FDU29,11.878,low fat,0.102812,Snack Foods,OUT019,1985,Small,Tier 1,Grocery Store,1199.7477,4.5,2023-06-19
FDQ35,5.542,Regular,0.065118,Snack Foods,OUT035,2004,Small,Tier 2,Supermarket Type1,5348.3141,4.1,2022-10-09
FDX15,,Low Fat,0.026935,Meat,OUT035,2004,Small,Tier 2,Supermarket Type1,1694.2912,3.786,2023-05-14
FDK36,13.411,Low Fat ,0.019971,Frozen Foods,OUT035,2004,Small,Tier 2,Supermarket Type1,1818.7604,3.7,2023-11-16
FDG44,7.943,Low Fat,0.026633,Frozen Foods,OUT010,1998,,Tier 3,Grocery Store,617.5032,4.0,2022-04-03
NCV44,6.268,Low Fat,0.042471,Household,OUT019,1985,Small,Tier 1,Grocery Store,1192.5977,4.5,2022-12-08
FDK31,,low fat,0.046656,Frozen Foods,OUT017,2007,,Tier 2,Supermarket Type1,1895.7121,3.7,2022-05-14
FDV16,13.45,Low Fat ,0.045668,Meat,OUT035,2004,Small,Tier 2,Supermarket Type1,3398.3301,3.8,2023-04-27
FDE23,15.058,Low Fat,0.018397,Dairy,OUT017,2007,,Tier 2,Supermarket Type1,4474.1217,3.8,2023-05-27
FDE41,14.773,LF,0.054773,Frozen Foods,OUT027,1985,Medium,Tier 3,Supermarket Type3,6836.4708,4.4,2022-10-15
NCF14,7.281,low fat,0.235253,Household,OUT049,1999,Medium,Tier 1,Supermarket Type1,2790.9825,4.1,2022-12-08
FDU48,18.087,Low Fat ,0.093734,Snack Foods,OUT045,2002,,Tier 2,Supermarket Type1,3357.4001,4.4,2023-08-07
FDD10,11.826,low fat,0.050867,Canned,OUT045,2002,,Tier 2,Supermarket Type1,2485.0831,3.8,2022-02-20
FDQ44,7.873,low fat,0.015931,Dairy,OUT013,1987,High,Tier 3,Supermarket Type1,11311.7722,4.2,2023-04-16
DRN40,,LF,0.036044,Soft Drinks,OUT017,2007,,Tier 2,Supermarket Type1,2433.3784,4.2,2023-12-18
NCV14,13.831,Low Fat ,0.0,Household,OUT019,1985,Small,Tier 1,Grocery Store,1139.1521,4.6,2022-10-15
FDD23,,reg,0.096226,Baking Goods,OUT049,1999,Medium,Tier 1,Supermarket Type1,3154.2367,3.9,2023-04-10
FDU26,10.34,Low Fat,0.038921,Dairy,OUT017,2007,,Tier 2,Supermarket Type1,2335.7783,3.5,2022-12-10
FDY25,18.173,reg,0.066892,Snack Foods,OUT049,1999,Medium,Tier 1,Supermarket Type1,2189.371,3.9,2023-04-22
FDW35,,low fat,0.063861,Breakfast,OUT049,1999,Medium,Tier 1,Supermarket Type1,5207.8712,4.802,2023-03-22
FDG12,7.121,Low Fat ,0.066037,Meat,OUT045,2002,,Tier 2,Supermarket Type1,629.938,4.0,2022-06-08
FDB57,7.226,LF,0.063441,Frozen Foods,OUT049,1999,Medium,Tier 1,Supermarket Type1,2445.9876,3.4,2023-06-12
DRW26,10.189,Low Fat,0.083941,Soft Drinks,OUT035,2004,Small,Tier 2,Supermarket Type1,5698.9979,3.7,2023-01-14
FDU11,5.68,LF,0.097765,Breads,OUT019,1985,Small,Tier 1,Grocery Store,683.5092,4.0,2022-11-04
FDW42,4.972,Low Fat,0.019225,Fruits and Vegetables,OUT027,1985,Medium,Tier 3,Supermarket Type3,4077.3533,4.2,2022-06-19
FDF11,6.732,LF,0.020415,Fruits and Vegetables,OUT017,2007,,Tier 2,Supermarket Type1,6736.5644,4.1,2023-12-20
FDE34,11.372,low fat,0.046074,Snack Foods,OUT019,1985,Small,Tier 1,Grocery Store,968.6982,4.3,2022-01-07
NCN35,16.393,Low Fat,0.050612,Household,OUT027,1985,Medium,Tier 3,Supermarket Type3,993.593,4.4,2022-04-11
FDF48,10.826,LF,0.018914,Breads,OUT013,1987,High,Tier 3,Supermarket Type1,5278.9264,4.1,2022-06-04
FDP57,, Regular,0.030069,Frozen Foods,OUT046,1997,Small,Tier 1,Supermarket Type1,1938.395,3.299,2022-06-06
FDG13,7.757,low fat,0.011387,Baking Goods,OUT049,1999,Medium,Tier 1,Supermarket Type1,1642.1435,3.8,2022-12-17
FDY11,18.738,low fat,0.031181,Breads,OUT046,1997,Small,Tier 1,Supermarket Type1,1076.1134,4.1,2022-03-20
FDR31,15.97,LF,0.0,Fruits and Vegetables,OUT017,2007,,Tier 2,Supermarket Type1,2603.8751,4.2,2022-10-23
FDF22,6.651, Regular,0.023442,Snack Foods,OUT017,2007,,Tier 2,Supermarket Type1,1359.1958,3.6,2022-04-14
FDF42,16.398,Regular,0.054312,Snack Foods,OUT035,2004,Small,Tier 2,Supermarket Type1,2444.2564,4.0,2023-02-06
DRP27,13.882,Low Fat,0.054535,Hard Drinks,OUT027,1985,Medium,Tier 3,Supermarket Type3,2759.594,4.1,2023-03-28
FDC14,21.321,Low Fat ,0.053361,Frozen Foods,OUT049,1999,Medium,Tier 1,Supermarket Type1,808.5698,3.901,2022-11-24
FDM26,15.239,reg,0.034674,Breads,OUT013,1987,High,Tier 3,Supermarket Type1,4455.2195,3.7,2023-04-01
FDV41,10.991,Low Fat ,0.047642,Snack Foods,OUT017,2007,,Tier 2,Supermarket Type1,2773.456,3.5,2022-07-25
NCF14,7.281,low fat,0.058606,Household,OUT045,2002,,Tier 2,Supermarket Type1,1561.2793,3.9,2023-11-07
NCR47,,Low Fat ,0.073412,Others,OUT013,1987,High,Tier 3,Supermarket Type1,3285.3063,4.0,2022-07-15
FDQ43,8.218,low fat,0.022034,Fruits and Vegetables,OUT045,2002,,Tier 2,Supermarket Type1,2399.6143,3.9,2023-06-24
FDP27,17.098,Low Fat ,0.0,Baking Goods,OUT018,2009,Medium,Tier 3,Supermarket Type2,5744.2699,3.8,2023-11-12
FDX40,,Low Fat,0.061968,Frozen Foods,OUT027,1985,Medium,Tier 3,Supermarket Type3,2938.175,3.4,2022-06-07
DRJ35,18.995,low fat,0.095311,Soft Drinks,OUT018,2009,Medium,Tier 3,Supermarket Type2,2700.4846,3.9,2023-12-12
FDF28,,LF,0.031731,Baking Goods,OUT010,1998,,Tier 3,Grocery Store,404.7729,4.0,2022-02-20
FDF52,11.876,Low Fat,0.073285,Canned,OUT019,1985,Small,Tier 1,Grocery Store,1287.9865,4.1,2022-06-10
FDE54,,LF,0.106144,Frozen Foods,OUT018,2009,Medium,Tier 3,Supermarket Type2,10834.0844,3.5,2022-09-16
NCY52,19.786,LF,0.051726,Health and Hygiene,OUT045,2002,,Tier 2,Supermarket Type1,2067.0676,3.794,2022-10-05
FDJ48,11.266,Low Fat ,0.045459,Canned,OUT013,1987,High,Tier 3,Supermarket Type1,5525.3073,4.3,2022-03-05
FDF37,4.668,low fat,0.024124,Fruits and Vegetables,OUT019,1985,Small,Tier 1,Grocery Store,2923.114,4.7,2023-10-16
FDD58,7.814,reg,0.02456,Fruits and Vegetables,OUT019,1985,Small,Tier 1,Grocery Store,1950.0805,4.1,2023-11-26
FDA46,11.742,Regular,0.05743,Dairy,OUT045,2002,,Tier 2,Supermarket Type1,1260.0919,3.8,2022-07-02
FDY30,13.822,Regular,0.121931,Canned,OUT045,2002,,Tier 2,Supermarket Type1,5611.7789,3.8,2022-02-02
DRJ50,8.663,Low Fat ,0.114021,Hard Drinks,OUT046,1997,Small,Tier 1,Supermarket Type1,2083.0446,4.0,2023-12-14
FDR37,17.086,Low Fat,0.069212,Canned,OUT027,1985,Medium,Tier 3,Supermarket Type3,4750.1248,3.4,2023-08-11
NCD54,8.593,Low Fat,0.09739,Household,OUT049,1999,Medium,Tier 1,Supermarket Type1,1538.2872,3.6,2022-06-18
FDJ48,11.266,LF,0.110548,Canned,OUT045,2002,,Tier 2,Supermarket Type1,3811.4925,4.094,2023-09-28
FDY10,17.266,Low Fat,0.030894,Fruits and Vegetables,OUT046,1997,Small,Tier 1,Supermarket Type1,1375.0407,3.8,2022-11-05
FDQ42,, Regular,0.0518,Canned,OUT010,1998,,Tier 3,Grocery Store,616.1883,3.662,2023-07-11
DRR35,13.958,reg,0.065878,Soft Drinks,OUT027,1985,Medium,Tier 3,Supermarket Type3,2606.9965,3.2,2022-02-11
FDR10,20.918,low fat,0.054893,Baking Goods,OUT045,2002,,Tier 2,Supermarket Type1,3030.0299,4.387,2023-08-14
NCW29,8.441,low fat,0.038889,Others,OUT010,1998,,Tier 3,Grocery Store,852.0029,4.6,2022-08-21
FDB13,18.295,Low Fat ,0.022545,Breads,OUT018,2009,Medium,Tier 3,Supermarket Type2,1896.5298,3.5,2022-03-14
FDA38,16.805,low fat,0.162684,Seafood,OUT018,2009,Medium,Tier 3,Supermarket Type2,4984.3298,4.0,2022-02-14
FDK36,,Low Fat ,0.05023,Frozen Foods,OUT045,2002,,Tier 2,Supermarket Type1,2632.3019,3.978,2023-01-16
FDG31,13.504,Low Fat,0.012083,Seafood,OUT017,2007,,Tier 2,Supermarket Type1,5349.3333,4.4,2022-01-20
FDH41,19.239,Low Fat,0.057484,Snack Foods,OUT017,2007,,Tier 2,Supermarket Type1,2299.2339,4.1,2022-06-12
NCW31,8.359,low fat,0.116078,Health and Hygiene,OUT045,2002,,Tier 2,Supermarket Type1,1108.8595,3.9,2022-08-02
FDN43,,Regular,0.136836,Baking Goods,OUT018,2009,Medium,Tier 3,Supermarket Type2,5487.4968,3.9,2022-06-19
FDS48,14.494,LF,0.047648,Baking Goods,OUT045,2002,,Tier 2,Supermarket Type1,1487.5901,3.8,2022-12-04
FDV17,,Low Fat,0.04916,Dairy,OUT046,1997,Small,Tier 1,Supermarket Type1,4042.8395,3.8,2023-04-15
FDS47,6.875,Low Fat,0.022727,Snack Foods,OUT018,2009,Medium,Tier 3,Supermarket Type2,5149.393,4.5,2023-08-30
NCF35,15.674,LF,0.051625,Health and Hygiene,OUT045,2002,,Tier 2,Supermarket Type1,2909.258,4.2,2022-09-04
FDW47,6.385, Regular,0.027503,Breads,OUT049,1999,Medium,Tier 1,Supermarket Type1,2332.8412,3.7,2023-02-03
FDM32,5.073, Regular,0.105985,Seafood,OUT013,1987,High,Tier 3,Supermarket Type1,2061.0897,3.6,2023-11-06
FDA46,11.742, Regular,0.213175,Dairy,OUT027,1985,Medium,Tier 3,Supermarket Type3,3658.0568,3.9,2022-03-19
FDG28,19.838,Low Fat ,0.027083,Meat,OUT017,2007,,Tier 2,Supermarket Type1,2815.1339,4.173,2022-01-23
FDD44,,Regular,0.048439,Meat,OUT035,2004,Small,Tier 2,Supermarket Type1,3862.0039,4.6,2023-05-18
FDW18,18.71,Low Fat ,0.06614,Dairy,OUT045,2002,,Tier 2,Supermarket Type1,5105.0354,3.0,2023-09-07
FDW40,7.399,LF,0.06721,Fruits and Vegetables,OUT045,2002,,Tier 2,Supermarket Type1,1459.718,4.231,2023-12-31
FDA57,9.997,Regular,0.082158,Meat,OUT013,1987,High,Tier 3,Supermarket Type1,2471.1279,4.2,2022-05-28
FDU59,14.028,low fat,0.022245,Fruits and Vegetables,OUT013,1987,High,Tier 3,Supermarket Type1,1649.7199,4.4,2023-05-01
FDV15,6.154,Low Fat,0.091497,Snack Foods,OUT045,2002,,Tier 2,Supermarket Type1,5479.7126,3.6,2023-07-12
FDE59,20.845,LF,0.113446,Seafood,OUT018,2009,Medium,Tier 3,Supermarket Type2,6976.6089,4.4,2022-12-11
FDY41,15.347,LF,0.192744,Fruits and Vegetables,OUT045,2002,,Tier 2,Supermarket Type1,4767.1026,4.0,2023-04-04
NCG12,15.375,LF,0.03552,Health and Hygiene,OUT035,2004,Small,Tier 2,Supermarket Type1,2031.7868,3.2,2022-10-16
FDW37,,Low Fat ,0.021247,Fruits and Vegetables,OUT035,2004,Small,Tier 2,Supermarket Type1,2613.9451,4.1,2022-08-24
FDS37,15.272,Low Fat ,0.073918,Canned,OUT049,1999,Medium,Tier 1,Supermarket Type1,2745.1268,3.8,2023-02-04
FDK11,7.427,reg,0.0,Dairy,OUT018,2009,Medium,Tier 3,Supermarket Type2,12109.0681,4.3,2022-11-27
FDS58,10.143,reg,0.026186,Meat,OUT045,2002,,Tier 2,Supermarket Type1,2629.192,3.9,2023-08-19
FDD25,10.464,Low Fat,0.036659,Fruits and Vegetables,OUT013,1987,High,Tier 3,Supermarket Type1,3695.8394,4.4,2023-08-01
FDA47,5.41,reg,0.058464,Snack Foods,OUT013,1987,High,Tier 3,Supermarket Type1,2055.1378,3.3,2023-02-10
FDV43,16.461,LF,0.0,Snack Foods,OUT046,1997,Small,Tier 1,Supermarket Type1,4292.7658,3.9,2022-08-15
DRN52,12.709,Regular,0.032464,Soft Drinks,OUT035,2004,Small,Tier 2,Supermarket Type1,853.1816,4.1,2022-07-24
FDU38,20.856,low fat,0.122275,Fruits and Vegetables,OUT049,1999,Medium,Tier 1,Supermarket Type1,3690.6808,4.019,2023-12-18
DRY16,4.63,LF,0.087253,Hard Drinks,OUT027,1985,Medium,Tier 3,Supermarket Type3,6597.1479,4.1,2023-01-11
DRE54,,Low Fat ,0.035293,Hard Drinks,OUT019,1985,Small,Tier 1,Grocery Store,840.1856,3.5,2023-07-06
FDX20,19.133,LF,0.021611,Canned,OUT017,2007,,Tier 2,Supermarket Type1,2177.3946,3.0,2023-03-03
FDD19,10.919,reg,0.085808,Canned,OUT018,2009,Medium,Tier 3,Supermarket Type2,911.3192,4.14,2022-05-15
NCW51,,Low Fat ,0.037318,Household,OUT049,1999,Medium,Tier 1,Supermarket Type1,7637.147,3.8,2022-11-20
FDS31,18.017,low fat,0.092318,Starchy Foods,OUT045,2002,,Tier 2,Supermarket Type1,5170.1465,4.1,2023-04-22
FDK47,5.079, Regular,0.058045,Baking Goods,OUT010,1998,,Tier 3,Grocery Store,1984.4982,4.5,2022-01-30
FDJ17,15.51,low fat,0.018572,Dairy,OUT019,1985,Small,Tier 1,Grocery Store,1986.8293,4.2,2023-07-31
NCM27,11.83,Low Fat,0.047697,Health and Hygiene,OUT019,1985,Small,Tier 1,Grocery Store,779.9937,4.0,2023-04-12
FDY52,16.724,reg,0.083855,Meat,OUT045,2002,,Tier 2,Supermarket Type1,1321.3452,3.9,2023-08-14
FDG49,15.978,Low Fat ,0.068013,Frozen Foods,OUT049,1999,Medium,Tier 1,Supermarket Type1,1690.5845,4.3,2022-12-28
FDA42,20.134,Low Fat,0.090047,Baking Goods,OUT013,1987,High,Tier 3,Supermarket Type1,2219.5821,3.9,2023-05-05
FDM22,18.976,Low Fat ,0.058202,Fruits and Vegetables,OUT019,1985,Small,Tier 1,Grocery Store,957.0954,3.9,2022-10-26
NCW35,18.599,LF,0.018597,Household,OUT045,2002,,Tier 2,Supermarket Type1,3260.4373,3.7,2022-02-19
FDF44,14.414,LF,0.054162,Starchy Foods,OUT035,2004,Small,Tier 2,Supermarket Type1,1480.2317,4.0,2023-08-02
FDN16,15.648,Regular,0.027942,Dairy,OUT046,1997,Small,Tier 1,Supermarket Type1,3923.4868,3.9,2023-12-20
DRJ46,15.739,Low Fat,0.066241,Soft Drinks,OUT017,2007,,Tier 2,Supermarket Type1,2219.4855,3.3,2022-06-11
DRY19,15.78,Low Fat,0.06962,Hard Drinks,OUT046,1997,Small,Tier 1,Supermarket Type1,3662.4808,3.7,2022-05-29
FDD51,5.897,LF,0.065694,Dairy,OUT013,1987,High,Tier 3,Supermarket Type1,4698.2839,4.3,2022-02-10
FDK21,21.068,Regular,0.114933,Snack Foods,OUT018,2009,Medium,Tier 3,Supermarket Type2,1554.1732,3.7,2022-03-19
FDM45,,low fat,0.028842,Breads,OUT018,2009,Medium,Tier 3,Supermarket Type2,2789.3354,4.5,2023-02-06
FDP22,17.485,LF,0.103204,Snack Foods,OUT010,1998,,Tier 3,Grocery Store,1117.3994,3.569,2023-08-20
DRW27,7.103,reg,0.065091,Hard Drinks,OUT035,2004,Small,Tier 2,Supermarket Type1,566.4252,4.016,2023-10-20
FDU42,15.842,LF,0.137567,Frozen Foods,OUT013,1987,High,Tier 3,Supermarket Type1,3896.9626,4.0,2022-01-22
FDN37,13.869,LF,0.073795,Baking Goods,OUT010,1998,,Tier 3,Grocery Store,440.2024,3.8,2023-10-14
FDQ59,14.942,Low Fat ,0.060006,Fruits and Vegetables,OUT046,1997,Small,Tier 1,Supermarket Type1,1509.1752,3.8,2023-07-21
NCK58,6.983,low fat,0.070058,Health and Hygiene,OUT046,1997,Small,Tier 1,Supermarket Type1,6500.6118,4.1,2022-09-27
FDA34,,low fat,0.036365,Canned,OUT017,2007,,Tier 2,Supermarket Type1,988.6262,3.9,2022-06-25
FDU50,16.604,LF,0.0,Dairy,OUT017,2007,,Tier 2,Supermarket Type1,1853.1337,4.2,2023-11-27
NCB40,12.466,low fat,0.041869,Health and Hygiene,OUT049,1999,Medium,Tier 1,Supermarket Type1,859.0748,3.8,2022-04-06
FDV47,6.823,LF,0.043444,Frozen Foods,OUT017,2007,,Tier 2,Supermarket Type1,1005.8661,4.0,2023-09-11
FDH44,5.333,Low Fat,0.103058,Meat,OUT046,1997,Small,Tier 1,Supermarket Type1,6253.5968,3.773,2022-10-23
NCK37,21.282,LF,0.014029,Household,OUT017,2007,,Tier 2,Supermarket Type1,1813.1069,4.0,2023-09-29
NCN21,4.624,LF,0.070863,Household,OUT019,1985,Small,Tier 1,Grocery Store,1037.7618,3.6,2022-09-21
DRE40,14.14,Regular,0.028151,Soft Drinks,OUT046,1997,Small,Tier 1,Supermarket Type1,1742.0111,4.4,2023-05-22
FDS15,17.959,low fat,0.03994,Breakfast,OUT027,1985,Medium,Tier 3,Supermarket Type3,3721.6092,4.075,2023-11-22
NCA56,12.79,low fat,0.023206,Household,OUT017,2007,,Tier 2,Supermarket Type1,831.6231,3.3,2022-04-25
NCM57,11.429,low fat,0.029251,Health and Hygiene,OUT049,1999,Medium,Tier 1,Supermarket Type1,6286.4927,4.4,2022-07-04
FDW50,10.758,reg,0.061942,Fruits and Vegetables,OUT018,2009,Medium,Tier 3,Supermarket Type2,2222.0919,4.0,2023-07-11
FDN30,6.759,Low Fat ,0.072099,Starchy Foods,OUT046,1997,Small,Tier 1,Supermarket Type1,2540.137,4.3,2023-06-01
FDN31,12.992,Regular,0.083459,Fruits and Vegetables,OUT017,2007,,Tier 2,Supermarket Type1,1829.6347,4.3,2022-06-02
FDY48,11.794,low fat,0.017324,Fruits and Vegetables,OUT013,1987,High,Tier 3,Supermarket Type1,3118.8394,4.1,2023-03-14
NCC42,4.717,low fat,0.051666,Household,OUT010,1998,,Tier 3,Grocery Store,2392.0347,4.3,2022-10-12
FDB27,7.882,Regular,0.025312,Dairy,OUT045,2002,,Tier 2,Supermarket Type1,4439.9727,4.4,2022-11-22
FDB44,9.709,Low Fat,0.093408,Fruits and Vegetables,OUT013,1987,High,Tier 3,Supermarket Type1,2366.8152,3.8,2022-03-04
FDY52,16.724,reg,0.034774,Meat,OUT035,2004,Small,Tier 2,Supermarket Type1,909.5948,4.0,2023-02-23
FDC19,15.267,low fat,0.078881,Baking Goods,OUT046,1997,Small,Tier 1,Supermarket Type1,2061.4039,4.3,2022-10-15
FDG45,11.153,reg,0.019772,Snack Foods,OUT035,2004,Small,Tier 2,Supermarket Type1,3063.0082,3.9,2022-03-13
FDX43,5.725, Regular,0.050916,Frozen Foods,OUT035,2004,Small,Tier 2,Supermarket Type1,1926.7521,3.7,2023-03-29
FDF53,18.916, Regular,0.053555,Baking Goods,OUT027,1985,Medium,Tier 3,Supermarket Type3,7257.2658,4.1,2022-07-15
FDM31,4.659,low fat,0.0,Frozen Foods,OUT046,1997,Small,Tier 1,Supermarket Type1,3763.8012,3.8,2022-10-13
FDQ40,19.202,low fat,0.043429,Frozen Foods,OUT049,1999,Medium,Tier 1,Supermarket Type1,2978.5655,3.8,2022-05-12
FDK39,7.804,low fat,0.023323,Frozen Foods,OUT013,1987,High,Tier 3,Supermarket Type1,1894.209,4.1,2022-07-11
FDQ46,6.202,Low Fat,0.078819,Baking Goods,OUT046,1997,Small,Tier 1,Supermarket Type1,1441.8274,3.4,2022-02-02
NCX11,4.603,low fat,0.034478,Household,OUT046,1997,Small,Tier 1,Supermarket Type1,6717.3878,4.2,2023-10-14
FDB47,7.071,Low Fat ,0.066365,Meat,OUT046,1997,Small,Tier 1,Supermarket Type1,1921.5982,3.624,2023-11-05
FDH36,, Regular,0.073914,Snack Foods,OUT017,2007,,Tier 2,Supermarket Type1,2045.1121,4.0,2022-10-18
FDA51,,Regular,0.023736,Meat,OUT049,1999,Medium,Tier 1,Supermarket Type1,2777.7826,3.9,2022-04-18
FDQ22,20.353,Low Fat,0.023773,Dairy,OUT013,1987,High,Tier 3,Supermarket Type1,3670.179,4.0,2023-07-31
FDJ52,15.723,Low Fat ,0.307297,Snack Foods,OUT046,1997,Small,Tier 1,Supermarket Type1,3683.6258,4.5,2023-03-25
FDM10,7.376,LF,0.060185,Canned,OUT018,2009,Medium,Tier 3,Supermarket Type2,9133.7467,3.2,2022-06-11
FDY59,18.93, Regular,0.051899,Frozen Foods,OUT035,2004,Small,Tier 2,Supermarket Type1,2722.4859,3.1,2022-09-09
NCH10,8.972,LF,0.056361,Health and Hygiene,OUT035,2004,Small,Tier 2,Supermarket Type1,3622.1137,4.1,2023-08-22
FDU30,5.77,LF,0.017238,Frozen Foods,OUT017,2007,,Tier 2,Supermarket Type1,792.962,3.91,2022-08-31
FDH40,20.29,reg,0.038406,Snack Foods,OUT019,1985,Small,Tier 1,Grocery Store,1858.0074,3.7,2023-03-16
FDF19,19.185,Low Fat,0.022447,Frozen Foods,OUT018,2009,Medium,Tier 3,Supermarket Type2,4551.1433,3.9,2023-12-14
NCV50,9.676,low fat,0.087559,Health and Hygiene,OUT027,1985,Medium,Tier 3,Supermarket Type3,1845.5513,3.4,2023-06-12
FDF32,,LF,0.022702,Starchy Foods,OUT018,2009,Medium,Tier 3,Supermarket Type2,1918.3477,3.393,2023-08-08
FDJ30,, Regular,0.05643,Snack Foods,OUT018,2009,Medium,Tier 3,Supermarket Type2,3905.2526,4.1,2022-06-14
FDN44,20.859,Low Fat,0.064302,Fruits and Vegetables,OUT017,2007,,Tier 2,Supermarket Type1,3555.56,3.7,2023-02-24
NCN29,18.345,low fat,0.058885,Health and Hygiene,OUT046,1997,Small,Tier 1,Supermarket Type1,1515.5638,4.2,2022-01-29
FDB58,17.531,Low Fat ,0.050008,Frozen Foods,OUT027,1985,Medium,Tier 3,Supermarket Type3,13086.9648,4.2,2022-09-23
FDA52,6.13,Regular,0.082259,Canned,OUT045,2002,,Tier 2,Supermarket Type1,6974.4383,4.5,2022-07-09
FDG35,13.339,Low Fat ,0.031802,Meat,OUT010,1998,,Tier 3,Grocery Store,2195.7237,4.0,2022-01-22
FDV30,,Low Fat,0.033769,Breads,OUT035,2004,Small,Tier 2,Supermarket Type1,4799.7486,3.7,2023-09-19
DRK42,18.35,Low Fat ,0.036365,Hard Drinks,OUT049,1999,Medium,Tier 1,Supermarket Type1,1299.3104,3.7,2022-12-14
FDE37,4.89,reg,0.015372,Frozen Foods,OUT035,2004,Small,Tier 2,Supermarket Type1,594.7835,4.1,2022-01-30
FDE13,18.625,Regular,0.009646,Canned,OUT045,2002,,Tier 2,Supermarket Type1,1086.5281,4.4,2022-09-16
FDA34,12.908,LF,0.165844,Canned,OUT018,2009,Medium,Tier 3,Supermarket Type2,6291.0107,4.2,2022-11-05
FDD43,9.959,Regular,0.063435,Canned,OUT010,1998,,Tier 3,Grocery Store,3837.1002,4.1,2022-04-22
FDR17,12.687,low fat,0.185968,Baking Goods,OUT035,2004,Small,Tier 2,Supermarket Type1,4405.8129,4.5,2022-06-06
FDP12,,low fat,0.019403,Meat,OUT046,1997,Small,Tier 1,Supermarket Type1,1135.4125,4.1,2023-05-16
FDK20,16.405,Low Fat ,0.082585,Breads,OUT013,1987,High,Tier 3,Supermarket Type1,9542.8894,3.7,2022-04-01
NCQ17,8.732,LF,0.115221,Household,OUT035,2004,Small,Tier 2,Supermarket Type1,720.1439,4.4,2022-08-13
FDF30,13.516,Low Fat ,0.0,Baking Goods,OUT046,1997,Small,Tier 1,Supermarket Type1,782.6838,4.0,2023-05-28
NCV14,,Low Fat ,0.023375,Household,OUT018,2009,Medium,Tier 3,Supermarket Type2,3129.4441,4.6,2022-11-24
FDF47,,Low Fat ,0.067884,Fruits and Vegetables,OUT035,2004,Small,Tier 2,Supermarket Type1,6573.1732,3.7,2022-10-09
FDB18,13.882,reg,0.029494,Canned,OUT035,2004,Small,Tier 2,Supermarket Type1,2017.6023,4.4,2022-07-12
FDA28,15.501,Low Fat,0.025398,Dairy,OUT010,1998,,Tier 3,Grocery Store,1649.3553,4.2,2022-05-26
FDY40,15.591,LF,0.079258,Snack Foods,OUT046,1997,Small,Tier 1,Supermarket Type1,1952.7483,4.5,2023-12-08
DRC37,,Regular,0.010719,Hard Drinks,OUT035,2004,Small,Tier 2,Supermarket Type1,3337.1668,3.2,2023-09-11
FDF35,,LF,0.036266,Canned,OUT027,1985,Medium,Tier 3,Supermarket Type3,3061.1091,3.8,2022-04-07
FDC24,14.825, Regular,0.017698,Meat,OUT045,2002,,Tier 2,Supermarket Type1,4622.1741,4.9,2022-08-27
FDN53,19.918,Low Fat,0.014208,Baking Goods,OUT049,1999,Medium,Tier 1,Supermarket Type1,1429.8828,4.19,2023-06-10
DRB20,,Regular,0.0245,Hard Drinks,OUT019,1985,Small,Tier 1,Grocery Store,1671.7337,4.531,2022-07-29
FDP32,17.035,Regular,0.04165,Snack Foods,OUT013,1987,High,Tier 3,Supermarket Type1,6662.0994,3.663,2022-06-14
FDP48,6.336,low fat,0.051843,Baking Goods,OUT027,1985,Medium,Tier 3,Supermarket Type3,3085.9828,3.8,2023-12-31
FDE58,7.959,reg,0.08941,Dairy,OUT046,1997,Small,Tier 1,Supermarket Type1,4285.8548,4.0,2023-05-23
DRU30,17.591,low fat,0.022688,Soft Drinks,OUT049,1999,Medium,Tier 1,Supermarket Type1,1740.8592,4.3,2022-02-06
FDD46,11.853,low fat,0.101601,Canned,OUT035,2004,Small,Tier 2,Supermarket Type1,1564.6196,3.9,2022-11-22
NCM17,8.691,Low Fat ,0.029123,Household,OUT035,2004,Small,Tier 2,Supermarket Type1,2964.6756,4.7,2023-11-06
FDA36,7.569,reg,0.044009,Frozen Foods,OUT045,2002,,Tier 2,Supermarket Type1,5472.5269,3.6,2023-08-03
FDH13,6.825,Regular,0.112761,Dairy,OUT019,1985,Small,Tier 1,Grocery Store,768.5988,3.7,2023-10-23
FDP15,10.188,reg,0.119058,Dairy,OUT013,1987,High,Tier 3,Supermarket Type1,6434.9611,4.1,2023-05-25
FDU10,10.801,LF,0.036267,Frozen Foods,OUT013,1987,High,Tier 3,Supermarket Type1,2348.7043,3.9,2023-10-14
FDS38,7.113,reg,0.0,Dairy,OUT035,2004,Small,Tier 2,Supermarket Type1,1973.3909,4.178,2023-12-28
FDR44,20.279,low fat,0.030994,Fruits and Vegetables,OUT045,2002,,Tier 2,Supermarket Type1,2746.4962,4.6,2022-06-16
FDV57,20.993,low fat,0.084196,Dairy,OUT010,1998,,Tier 3,Grocery Store,1289.0956,4.1,2022-10-25
FDS20,12.963,Low Fat ,0.036226,Frozen Foods,OUT049,1999,Medium,Tier 1,Supermarket Type1,2467.8152,4.2,2023-11-04
FDS27,20.851,Low Fat ,0.061739,Meat,OUT049,1999,Medium,Tier 1,Supermarket Type1,2289.371,4.2,2023-02-21
DRH24,12.593,Low Fat,0.050646,Soft Drinks,OUT019,1985,Small,Tier 1,Grocery Store,531.2048,3.5,2023-05-13
FDW43,20.391,reg,0.062676,Snack Foods,OUT017,2007,,Tier 2,Supermarket Type1,2028.5982,4.169,2022-07-17
FDQ54,5.351,low fat,0.013184,Frozen Foods,OUT017,2007,,Tier 2,Supermarket Type1,2200.2039,3.983,2022-11-08
FDV26,5.546,Regular,0.067458,Breakfast,OUT035,2004,Small,Tier 2,Supermarket Type1,1763.071,4.5,2023-06-19
FDN21,4.8, Regular,0.051611,Meat,OUT010,1998,,Tier 3,Grocery Store,829.6588,4.1,2023-02-14
DRW43,,reg,0.02779,Hard Drinks,OUT027,1985,Medium,Tier 3,Supermarket Type3,6173.1029,4.2,2023-03-07
FDJ10,,reg,0.051502,Breakfast,OUT013,1987,High,Tier 3,Supermarket Type1,820.8606,3.399,2022-12-19
NCU31,,LF,0.015433,Others,OUT046,1997,Small,Tier 1,Supermarket Type1,716.6153,3.788,2022-05-02
FDN10,14.799,Low Fat,0.072848,Snack Foods,OUT013,1987,High,Tier 3,Supermarket Type1,7944.5962,4.3,2023-01-09
FDH12,5.658,Low Fat ,0.068024,Canned,OUT035,2004,Small,Tier 2,Supermarket Type1,695.5974,4.0,2022-03-19
FDE27,14.958,LF,0.013585,Dairy,OUT049,1999,Medium,Tier 1,Supermarket Type1,1194.5444,3.8,2022-11-01
DRB41,15.68,LF,0.077957,Soft Drinks,OUT035,2004,Small,Tier 2,Supermarket Type1,1465.4287,3.6,2022-01-15
FDA16,,Regular,0.068158,Dairy,OUT049,1999,Medium,Tier 1,Supermarket Type1,1842.7625,4.0,2022-06-03
NCX26,18.035,Low Fat,0.17499,Household,OUT018,2009,Medium,Tier 3,Supermarket Type2,1632.3693,3.5,2023-04-03
NCA57,,Low Fat ,0.02044,Household,OUT045,2002,,Tier 2,Supermarket Type1,1211.5728,4.2,2022-01-06
FDD13,17.781,Low Fat,0.040691,Snack Foods,OUT035,2004,Small,Tier 2,Supermarket Type1,1021.7269,4.3,2023-08-20
FDR44,20.279,low fat,0.0,Fruits and Vegetables,OUT013,1987,High,Tier 3,Supermarket Type1,3772.8433,4.1,2022-05-21
FDH26,10.128,Low Fat ,0.0,Frozen Foods,OUT013,1987,High,Tier 3,Supermarket Type1,4531.3681,4.2,2023-03-02
FDA59,10.043,Low Fat,0.014791,Fruits and Vegetables,OUT035,2004,Small,Tier 2,Supermarket Type1,1141.4705,4.1,2022-05-25
FDE25,,reg,0.044263,Dairy,OUT027,1985,Medium,Tier 3,Supermarket Type3,3066.8047,3.9,2023-05-01
FDU58,20.452,reg,0.101892,Frozen Foods,OUT027,1985,Medium,Tier 3,Supermarket Type3,2998.8009,3.688,2023-07-20
NCF26,16.877,Low Fat,0.020646,Household,OUT017,2007,,Tier 2,Supermarket Type1,3358.8001,4.12,2023-02-14
FDV34,, Regular,0.046137,Snack Foods,OUT049,1999,Medium,Tier 1,Supermarket Type1,1053.5128,4.0,2023-10-27
FDU31,10.971,Low Fat ,0.064287,Breakfast,OUT027,1985,Medium,Tier 3,Supermarket Type3,6932.9514,3.9,2022-11-16
FDU14,12.414,Low Fat,0.174655,Meat,OUT046,1997,Small,Tier 1,Supermarket Type1,926.6889,4.3,2022-05-03
DRJ36,6.649,Low Fat ,0.041564,Soft Drinks,OUT046,1997,Small,Tier 1,Supermarket Type1,2751.638,3.5,2023-06-25
NCX59,19.495,Low Fat ,0.040107,Household,OUT027,1985,Medium,Tier 3,Supermarket Type3,3771.1927,3.9,2023-06-08
FDE22,17.059, Regular,0.061327,Canned,OUT049,1999,Medium,Tier 1,Supermarket Type1,3743.0353,3.8,2023-12-19
NCM20,13.713,low fat,0.084204,Health and Hygiene,OUT046,1997,Small,Tier 1,Supermarket Type1,4909.1808,3.7,2023-05-20
FDJ42,16.967,low fat,0.057597,Snack Foods,OUT035,2004,Small,Tier 2,Supermarket Type1,1673.7512,4.3,2023-07-15
FDX52,,LF,0.049401,Baking Goods,OUT017,2007,,Tier 2,Supermarket Type1,1331.7154,3.6,2023-12-05
DRN57,6.04,Low Fat,0.021429,Soft Drinks,OUT017,2007,,Tier 2,Supermarket Type1,743.1381,3.4,2023-02-15
FDP49,19.303,reg,0.028718,Frozen Foods,OUT017,2007,,Tier 2,Supermarket Type1,2987.3999,4.0,2023-07-25
FDR43,, Regular,0.12624,Canned,OUT046,1997,Small,Tier 1,Supermarket Type1,2110.3084,3.7,2023-12-27
FDN29,14.121,low fat,0.209575,Canned,OUT027,1985,Medium,Tier 3,Supermarket Type3,2909.3078,4.3,2022-11-01
FDC55,8.051,Regular,0.033221,Baking Goods,OUT019,1985,Small,Tier 1,Grocery Store,449.2246,3.5,2023-12-17
FDR52,5.238,Low Fat,0.099763,Fruits and Vegetables,OUT017,2007,,Tier 2,Supermarket Type1,2377.6123,3.9,2022-12-08
NCD43,,Low Fat,0.056602,Household,OUT049,1999,Medium,Tier 1,Supermarket Type1,887.5961,3.8,2022-07-23
FDU39,,Low Fat ,0.023575,Fruits and Vegetables,OUT013,1987,High,Tier 3,Supermarket Type1,3374.5533,4.0,2022-04-17
FDX17,7.213,Regular,0.092407,Dairy,OUT018,2009,Medium,Tier 3,Supermarket Type2,3754.4693,3.8,2022-08-23
FDQ19,12.139,LF,0.252978,Breads,OUT018,2009,Medium,Tier 3,Supermarket Type2,2219.1987,3.614,2022-05-22
FDB54,10.299,Regular,0.032536,Meat,OUT027,1985,Medium,Tier 3,Supermarket Type3,2821.4151,3.978,2022-05-06
DRR46,21.165,reg,0.0,Hard Drinks,OUT045,2002,,Tier 2,Supermarket Type1,1421.7169,4.0,2022-03-06
FDQ49,14.592,Low Fat,0.0,Meat,OUT018,2009,Medium,Tier 3,Supermarket Type2,4872.8445,3.8,2023-11-02
FDC25,10.338,Low Fat,0.085206,Fruits and Vegetables,OUT045,2002,,Tier 2,Supermarket Type1,2198.689,4.6,2022-11-17
FDY54,19.944,Low Fat ,0.054424,Frozen Foods,OUT046,1997,Small,Tier 1,Supermarket Type1,1113.06,3.6,2022-05-02
FDH39,, Regular,0.199841,Frozen Foods,OUT046,1997,Small,Tier 1,Supermarket Type1,4154.3478,3.618,2023-10-05
FDK11,7.427,reg,0.084116,Dairy,OUT045,2002,,Tier 2,Supermarket Type1,2424.7391,3.8,2023-03-18
NCV42,,low fat,0.051407,Health and Hygiene,OUT049,1999,Medium,Tier 1,Supermarket Type1,1363.531,4.2,2022-03-28
FDY32,20.03, Regular,0.160679,Fruits and Vegetables,OUT035,2004,Small,Tier 2,Supermarket Type1,2375.4375,3.6,2023-03-12
FDH41,19.239,Low Fat,0.065191,Snack Foods,OUT010,1998,,Tier 3,Grocery Store,617.0618,4.5,2023-04-21
FDD58,7.814, Regular,0.033581,Fruits and Vegetables,OUT017,2007,,Tier 2,Supermarket Type1,1682.2262,4.0,2022-08-05
FDS23,19.844, Regular,0.028427,Dairy,OUT027,1985,Medium,Tier 3,Supermarket Type3,9289.7472,4.1,2023-05-14
FDP40,9.659,Low Fat ,0.055668,Baking Goods,OUT018,2009,Medium,Tier 3,Supermarket Type2,8085.915,4.022,2023-05-23
FDS36,4.917,Regular,0.0,Frozen Foods,OUT017,2007,,Tier 2,Supermarket Type1,1707.3051,4.4,2022-11-30
FDK59,12.562,Low Fat ,0.039925,Starchy Foods,OUT019,1985,Small,Tier 1,Grocery Store,599.4939,4.319,2022-08-28
FDM24,8.58,low fat,0.030869,Breads,OUT049,1999,Medium,Tier 1,Supermarket Type1,2225.3565,4.064,2023-02-14
FDD35,10.149,low fat,0.0,Dairy,OUT027,1985,Medium,Tier 3,Supermarket Type3,2994.288,3.9,2022-03-25
FDD32,19.457,Regular,0.011004,Snack Foods,OUT013,1987,High,Tier 3,Supermarket Type1,1539.1858,4.7,2022-01-02
FDF18,10.518, Regular,0.056231,Dairy,OUT013,1987,High,Tier 3,Supermarket Type1,4892.2901,4.4,2023-03-31
FDN20,10.021, Regular,0.030015,Baking Goods,OUT027,1985,Medium,Tier 3,Supermarket Type3,1519.2776,4.0,2022-04-24
FDR25,11.994,reg,0.096882,Fruits and Vegetables,OUT049,1999,Medium,Tier 1,Supermarket Type1,716.3495,4.1,2022-11-05
FDY29,18.283, Regular,0.0,Snack Foods,OUT018,2009,Medium,Tier 3,Supermarket Type2,2082.2899,3.5,2022-11-30
FDH32,17.419,Regular,0.081421,Baking Goods,OUT010,1998,,Tier 3,Grocery Store,955.8923,4.1,2023-01-28
FDH48,18.515,Low Fat ,0.145808,Canned,OUT013,1987,High,Tier 3,Supermarket Type1,5249.0776,4.2,2023-04-22
DRC19,6.277,low fat,0.025533,Soft Drinks,OUT013,1987,High,Tier 3,Supermarket Type1,5616.1105,4.292,2023-10-19
FDV16,13.45,Low Fat ,0.12346,Meat,OUT027,1985,Medium,Tier 3,Supermarket Type3,4743.2036,4.2,2022-10-26
FDC38,12.14,LF,0.022861,Snack Foods,OUT027,1985,Medium,Tier 3,Supermarket Type3,2895.2946,3.8,2022-09-12
DRX40,9.325,reg,0.038863,Soft Drinks,OUT045,2002,,Tier 2,Supermarket Type1,1212.8878,4.0,2022-10-29
NCF31,10.84,low fat,0.01377,Household,OUT046,1997,Small,Tier 1,Supermarket Type1,1885.0105,4.2,2023-10-10
NCE23,15.973,low fat,0.067359,Household,OUT027,1985,Medium,Tier 3,Supermarket Type3,9794.348,3.9,2022-08-19
FDN33,8.738,reg,0.053184,Baking Goods,OUT018,2009,Medium,Tier 3,Supermarket Type2,7592.6113,3.6,2023-12-19
DRJ59,16.267,Regular,0.027549,Soft Drinks,OUT049,1999,Medium,Tier 1,Supermarket Type1,1131.0179,3.5,2023-11-02
FDV51,19.36,Regular,0.066407,Fruits and Vegetables,OUT045,2002,,Tier 2,Supermarket Type1,4870.8003,4.1,2023-10-07
FDY53,,Low Fat ,0.024146,Frozen Foods,OUT046,1997,Small,Tier 1,Supermarket Type1,3032.8794,4.1,2022-03-21
DRU28,5.758,low fat,0.017473,Soft Drinks,OUT019,1985,Small,Tier 1,Grocery Store,1082.9689,4.3,2022-08-07
DRA26,20.237, Regular,0.022898,Soft Drinks,OUT010,1998,,Tier 3,Grocery Store,972.8105,3.5,2023-02-04
FDV12,7.152,reg,0.043886,Frozen Foods,OUT017,2007,,Tier 2,Supermarket Type1,1662.0771,3.9,2023-08-13
FDQ53,14.056,Low Fat,0.049815,Canned,OUT027,1985,Medium,Tier 3,Supermarket Type3,4380.3565,4.0,2022-11-15
FDP54,,Regular,0.053351,Snack Foods,OUT046,1997,Small,Tier 1,Supermarket Type1,2880.5239,4.5,2022-10-06
DRH12,4.791,Regular,0.069791,Soft Drinks,OUT027,1985,Medium,Tier 3,Supermarket Type3,2278.1157,3.923,2022-02-03
FDW48,10.875,Low Fat ,0.046707,Baking Goods,OUT046,1997,Small,Tier 1,Supermarket Type1,1542.6502,4.0,2022-02-28
FDR55,5.31,Regular,0.068093,Fruits and Vegetables,OUT046,1997,Small,Tier 1,Supermarket Type1,763.2181,3.7,2023-02-15
NCS27,11.051,Low Fat,0.104849,Others,OUT049,1999,Medium,Tier 1,Supermarket Type1,3055.5086,3.3,2022-07-21
FDX34,,Low Fat,0.025099,Fruits and Vegetables,OUT035,2004,Small,Tier 2,Supermarket Type1,8592.9316,4.195,2022-12-22
FDS22,10.789, Regular,0.032629,Frozen Foods,OUT049,1999,Medium,Tier 1,Supermarket Type1,1397.2615,3.8,2023-12-30
FDF21,11.97,reg,0.0475,Meat,OUT017,2007,,Tier 2,Supermarket Type1,2270.5426,3.9,2022-01-27
FDS11,,Low Fat ,0.115392,Fruits and Vegetables,OUT018,2009,Medium,Tier 3,Supermarket Type2,4080.8417,4.0,2023-03-11
NCV25,4.785,Low Fat ,0.044897,Health and Hygiene,OUT035,2004,Small,Tier 2,Supermarket Type1,1283.0619,4.0,2023-03-03
FDC23,9.823,LF,0.109512,Canned,OUT017,2007,,Tier 2,Supermarket Type1,670.2728,4.1,2022-09-08
DRJ23,19.745,reg,0.035146,Soft Drinks,OUT027,1985,Medium,Tier 3,Supermarket Type3,1416.7604,3.8,2023-03-04
FDS36,4.917,Regular,0.061285,Frozen Foods,OUT049,1999,Medium,Tier 1,Supermarket Type1,913.6385,4.6,2022-06-10
FDU36,20.347,low fat,0.039407,Canned,OUT010,1998,,Tier 3,Grocery Store,474.7548,3.5,2022-02-05
DRC46,14.123, Regular,0.176367,Soft Drinks,OUT010,1998,,Tier 3,Grocery Store,883.3168,4.6,2022-05-21
FDB24,18.42,Low Fat ,0.06613,Fruits and Vegetables,OUT017,2007,,Tier 2,Supermarket Type1,1239.641,3.6,2022-01-11
FDW18,18.71,LF,0.064874,Dairy,OUT019,1985,Small,Tier 1,Grocery Store,1110.743,3.7,2022-08-02
DRX23,11.754,Low Fat,0.032506,Soft Drinks,OUT018,2009,Medium,Tier 3,Supermarket Type2,3777.3666,3.8,2022-01-03
FDV37,17.771,Regular,0.230264,Dairy,OUT019,1985,Small,Tier 1,Grocery Store,1046.6835,3.9,2023-08-29
NCD50,9.969,LF,0.031497,Household,OUT027,1985,Medium,Tier 3,Supermarket Type3,10435.4273,3.6,2022-09-20
NCM51,,Low Fat,0.054845,Household,OUT046,1997,Small,Tier 1,Supermarket Type1,701.4114,3.828,2023-12-27
FDD24,6.241,reg,0.059556,Canned,OUT045,2002,,Tier 2,Supermarket Type1,4500.691,3.9,2023-10-07
FDV51,19.36,reg,0.0,Fruits and Vegetables,OUT013,1987,High,Tier 3,Supermarket Type1,5471.1394,4.4,2022-07-20
FDP26,7.446,Low Fat,0.074692,Snack Foods,OUT017,2007,,Tier 2,Supermarket Type1,2140.7433,3.9,2023-12-28
NCP10,,Low Fat,0.097155,Others,OUT049,1999,Medium,Tier 1,Supermarket Type1,1927.6821,4.0,2022-06-11
FDH44,,low fat,0.020227,Meat,OUT027,1985,Medium,Tier 3,Supermarket Type3,13086.9648,3.7,2022-03-31
FDX20,19.133,Low Fat,0.077965,Canned,OUT027,1985,Medium,Tier 3,Supermarket Type3,5948.2171,4.0,2023-07-06
FDD13,17.781,Low Fat ,0.096597,Snack Foods,OUT046,1997,Small,Tier 1,Supermarket Type1,1052.6582,3.6,2023-02-25
FDV26,5.546,reg,0.041237,Breakfast,OUT017,2007,,Tier 2,Supermarket Type1,3409.4964,4.2,2023-06-13
NCK26,14.313,Low Fat ,0.037525,Others,OUT017,2007,,Tier 2,Supermarket Type1,2339.0781,3.7,2022-07-25
FDV22,17.682,reg,0.050226,Baking Goods,OUT049,1999,Medium,Tier 1,Supermarket Type1,1863.5026,4.123,2022-10-11
FDU20,8.008,Low Fat ,0.0733,Dairy,OUT018,2009,Medium,Tier 3,Supermarket Type2,4791.0844,4.2,2023-04-10
FDH42,6.903,low fat,0.0,Meat,OUT049,1999,Medium,Tier 1,Supermarket Type1,1974.3368,4.5,2023-08-10
NCA56,12.79,low fat,0.094843,Household,OUT018,2009,Medium,Tier 3,Supermarket Type2,5359.9813,4.0,2022-12-01
NCM57,11.429,low fat,0.093421,Health and Hygiene,OUT013,1987,High,Tier 3,Supermarket Type1,2908.0017,3.8,2022-09-27
NCJ50,15.228,low fat,0.026943,Health and Hygiene,OUT045,2002,,Tier 2,Supermarket Type1,557.5299,4.3,2022-09-07
FDM32,, Regular,0.040207,Seafood,OUT045,2002,,Tier 2,Supermarket Type1,2250.7957,4.1,2023-01-12
FDE55,,LF,0.031444,Snack Foods,OUT046,1997,Small,Tier 1,Supermarket Type1,887.1514,3.6,2022-10-26
FDH49,7.134,Low Fat,0.208436,Snack Foods,OUT018,2009,Medium,Tier 3,Supermarket Type2,2267.57,4.5,2023-11-29
FDC17,13.604,low fat,0.051565,Starchy Foods,OUT017,2007,,Tier 2,Supermarket Type1,8875.022,3.9,2022-02-01
FDR40,9.815, Regular,0.01602,Fruits and Vegetables,OUT010,1998,,Tier 3,Grocery Store,1908.5526,4.0,2023-05-22
FDB31,15.89,reg,0.036332,Snack Foods,OUT017,2007,,Tier 2,Supermarket Type1,3646.0304,4.4,2023-05-20
DRB12,6.889,Low Fat ,0.064134,Soft Drinks,OUT045,2002,,Tier 2,Supermarket Type1,3091.8407,4.6,2023-09-10
FDR22,13.403,LF,0.040459,Canned,OUT046,1997,Small,Tier 1,Supermarket Type1,1613.926,3.4,2023-03-14
FDE37,,Regular,0.034647,Frozen Foods,OUT018,2009,Medium,Tier 3,Supermarket Type2,4642.9702,4.3,2023-01-22
FDS21,14.595,LF,0.041147,Dairy,OUT035,2004,Small,Tier 2,Supermarket Type1,1706.652,4.2,2023-06-20
FDP30,9.11,reg,0.021583,Canned,OUT049,1999,Medium,Tier 1,Supermarket Type1,2652.8778,3.6,2023-07-01
FDS27,20.851,Low Fat,0.045048,Meat,OUT035,2004,Small,Tier 2,Supermarket Type1,2547.8625,3.9,2022-09-22
FDY49,5.745,Low Fat,0.039189,Fruits and Vegetables,OUT013,1987,High,Tier 3,Supermarket Type1,1612.6394,3.9,2022-04-12
FDF15,13.732,low fat,0.054516,Fruits and Vegetables,OUT035,2004,Small,Tier 2,Supermarket Type1,1038.075,3.7,2022-01-06
DRA24,6.241,low fat,0.024142,Soft Drinks,OUT017,2007,,Tier 2,Supermarket Type1,2145.5485,3.9,2023-04-26
FDH36,17.088,reg,0.05309,Snack Foods,OUT027,1985,Medium,Tier 3,Supermarket Type3,2129.35,4.2,2022-01-22
FDA33,11.471,low fat,0.044056,Frozen Foods,OUT013,1987,High,Tier 3,Supermarket Type1,2065.0848,3.9,2023-08-19
FDE24,12.488,Low Fat ,0.041807,Snack Foods,OUT046,1997,Small,Tier 1,Supermarket Type1,6806.884,4.3,2023-01-22
NCP41,,Low Fat,0.05438,Household,OUT018,2009,Medium,Tier 3,Supermarket Type2,3027.9664,3.3,2023-11-14
FDK31,,Low Fat ,0.096633,Frozen Foods,OUT045,2002,,Tier 2,Supermarket Type1,2975.9424,4.0,2023-10-15
FDS48,14.494,Low Fat ,0.0,Baking Goods,OUT013,1987,High,Tier 3,Supermarket Type1,4015.2356,3.7,2023-12-26
FDU33,7.71,low fat,0.065771,Breads,OUT045,2002,,Tier 2,Supermarket Type1,9774.834,3.728,2022-04-05
NCS50,11.571,LF,0.02958,Health and Hygiene,OUT027,1985,Medium,Tier 3,Supermarket Type3,875.9366,4.1,2022-03-10
FDJ55,6.063,LF,0.069366,Frozen Foods,OUT046,1997,Small,Tier 1,Supermarket Type1,1182.5743,3.8,2023-07-27
NCQ16,12.209,low fat,0.328,Household,OUT013,1987,High,Tier 3,Supermarket Type1,1735.3005,4.0,2023-10-26
FDQ42,21.085,reg,0.021143,Canned,OUT049,1999,Medium,Tier 1,Supermarket Type1,3470.8755,3.9,2022-12-27
DRQ18,9.666,Low Fat,0.034419,Soft Drinks,OUT045,2002,,Tier 2,Supermarket Type1,6106.1782,3.8,2023-10-24
NCQ19,19.026,Low Fat,0.055732,Health and Hygiene,OUT018,2009,Medium,Tier 3,Supermarket Type2,3054.1766,3.3,2022-03-07
NCB55,12.516,Low Fat ,0.060279,Health and Hygiene,OUT018,2009,Medium,Tier 3,Supermarket Type2,1744.2031,4.1,2023-04-25
FDQ45,7.219,Regular,0.026618,Frozen Foods,OUT010,1998,,Tier 3,Grocery Store,1454.8659,3.5,2022-09-05
FDB49,10.108,low fat,0.052255,Baking Goods,OUT010,1998,,Tier 3,Grocery Store,737.411,4.315,2023-12-29
DRQ18,,Low Fat,0.029114,Soft Drinks,OUT049,1999,Medium,Tier 1,Supermarket Type1,2478.1093,3.9,2022-06-05
FDG11,13.626, Regular,0.047285,Fruits and Vegetables,OUT046,1997,Small,Tier 1,Supermarket Type1,3685.6068,4.9,2023-09-29
NCY43,9.952,LF,0.039977,Health and Hygiene,OUT049,1999,Medium,Tier 1,Supermarket Type1,6015.1381,4.3,2023-07-12
FDE45,9.688,Regular,0.027018,Snack Foods,OUT046,1997,Small,Tier 1,Supermarket Type1,2397.487,4.2,2023-09-15
FDM25,7.381,low fat,0.03949,Fruits and Vegetables,OUT013,1987,High,Tier 3,Supermarket Type1,4161.563,4.8,2023-04-06
NCP45,17.098,Low Fat ,0.0,Household,OUT035,2004,Small,Tier 2,Supermarket Type1,1466.8563,2.9,2022-08-26
FDG22,10.716,low fat,0.040538,Canned,OUT027,1985,Medium,Tier 3,Supermarket Type3,9019.3739,3.8,2022-04-10
FDG48,19.546,Low Fat,0.049839,Fruits and Vegetables,OUT019,1985,Small,Tier 1,Grocery Store,700.7394,3.7,2023-03-01
FDA24,13.219,Low Fat,0.050917,Fruits and Vegetables,OUT045,2002,,Tier 2,Supermarket Type1,2039.1337,3.7,2023-08-18
FDE27,14.958,Low Fat ,0.16874,Dairy,OUT046,1997,Small,Tier 1,Supermarket Type1,432.7197,4.0,2023-08-14
FDR11,,low fat,0.055574,Dairy,OUT013,1987,High,Tier 3,Supermarket Type1,694.0775,4.994,2022-12-13
FDJ35,11.177,LF,0.0,Breads,OUT027,1985,Medium,Tier 3,Supermarket Type3,4508.4956,4.2,2023-07-17
FDC46,20.411,Low Fat,0.032749,Dairy,OUT049,1999,Medium,Tier 1,Supermarket Type1,7386.6112,3.9,2023-07-09
DRK47,10.808, Regular,0.054069,Soft Drinks,OUT018,2009,Medium,Tier 3,Supermarket Type2,5748.6038,4.2,2023-11-16
DRM21,11.613,Low Fat,0.051944,Hard Drinks,OUT019,1985,Small,Tier 1,Grocery Store,1746.2423,3.7,2023-11-14
NCA49,12.998,low fat,0.064164,Household,OUT035,2004,Small,Tier 2,Supermarket Type1,1053.8909,4.1,2023-12-18
NCS27,11.051,LF,0.030162,Others,OUT010,1998,,Tier 3,Grocery Store,270.961,4.3,2023-06-29
FDR30,11.886,low fat,0.130332,Meat,OUT010,1998,,Tier 3,Grocery Store,1179.7824,3.9,2022-05-11
FDG26,6.906,Regular,0.034564,Dairy,OUT046,1997,Small,Tier 1,Supermarket Type1,3400.1241,4.5,2023-09-22
NCB36,10.14,Low Fat,0.037208,Household,OUT018,2009,Medium,Tier 3,Supermarket Type2,1497.0542,3.9,2023-03-08
FDF31,5.834, Regular,0.013128,Canned,OUT045,2002,,Tier 2,Supermarket Type1,4059.6667,3.7,2023-03-03
FDY14,15.915,low fat,0.01114,Fruits and Vegetables,OUT013,1987,High,Tier 3,Supermarket Type1,857.4814,4.4,2022-07-14
FDM46,18.768,Low Fat,0.064277,Snack Foods,OUT045,2002,,Tier 2,Supermarket Type1,3153.6464,3.8,2022-07-27
FDR16,5.72,LF,0.02645,Meat,OUT013,1987,High,Tier 3,Supermarket Type1,1912.2164,3.7,2022-10-29
NCP21,19.786,LF,0.038796,Health and Hygiene,OUT018,2009,Medium,Tier 3,Supermarket Type2,1340.3036,3.9,2023-12-25
NCW29,8.441,LF,0.06833,Others,OUT045,2002,,Tier 2,Supermarket Type1,2665.1598,3.771,2023-12-21
FDH22,18.209,reg,0.021188,Canned,OUT035,2004,Small,Tier 2,Supermarket Type1,2189.7341,3.3,2023-10-12
FDY56,5.013,low fat,0.017051,Snack Foods,OUT017,2007,,Tier 2,Supermarket Type1,2654.4179,4.5,2023-10-03
FDN53,19.918,Low Fat,0.032833,Baking Goods,OUT019,1985,Small,Tier 1,Grocery Store,417.8667,3.814,2022-07-14
FDF11,6.732,LF,0.01204,Fruits and Vegetables,OUT046,1997,Small,Tier 1,Supermarket Type1,2930.353,4.3,2023-06-24
NCM20,13.713,low fat,0.018278,Health and Hygiene,OUT027,1985,Medium,Tier 3,Supermarket Type3,7131.1029,3.8,2023-08-12
FDY37,11.028,Low Fat,0.057707,Dairy,OUT035,2004,Small,Tier 2,Supermarket Type1,3809.8969,4.433,2022-02-17
NCN18,4.574,LF,0.066575,Household,OUT013,1987,High,Tier 3,Supermarket Type1,3652.0634,4.0,2023-08-27
FDE45,9.688,Regular,0.045058,Snack Foods,OUT013,1987,High,Tier 3,Supermarket Type1,3127.2928,4.7,2022-07-10
FDM22,18.976,LF,0.063455,Fruits and Vegetables,OUT027,1985,Medium,Tier 3,Supermarket Type3,5581.0375,4.0,2023-08-01
FDN19,19.992,reg,0.075754,Snack Foods,OUT013,1987,High,Tier 3,Supermarket Type1,2396.0576,4.3,2022-08-30
FDG43,20.952,reg,0.034033,Meat,OUT018,2009,Medium,Tier 3,Supermarket Type2,1405.3031,4.8,2022-02-11
FDC59,12.04,Low Fat,0.081334,Fruits and Vegetables,OUT018,2009,Medium,Tier 3,Supermarket Type2,1822.6864,4.3,2023-10-04
NCV15,7.34,Low Fat,0.03689,Household,OUT049,1999,Medium,Tier 1,Supermarket Type1,4003.3145,4.4,2023-04-18
FDE23,15.058,Low Fat ,0.035596,Dairy,OUT045,2002,,Tier 2,Supermarket Type1,1492.5687,3.9,2023-08-28
FDF28,8.735,low fat,0.011693,Baking Goods,OUT035,2004,Small,Tier 2,Supermarket Type1,2087.8993,3.6,2022-08-13
FDE59,20.845,low fat,0.054885,Seafood,OUT013,1987,High,Tier 3,Supermarket Type1,1289.7617,4.2,2023-04-07
FDW58,15.151,low fat,0.012111,Baking Goods,OUT049,1999,Medium,Tier 1,Supermarket Type1,1251.6918,3.1,2022-05-01
FDV10,15.235,Low Fat,0.089597,Dairy,OUT027,1985,Medium,Tier 3,Supermarket Type3,4907.1808,4.6,2023-08-23
FDJ55,,low fat,0.0,Frozen Foods,OUT027,1985,Medium,Tier 3,Supermarket Type3,5245.4422,3.7,2023-01-18
FDG47,9.964,LF,0.0,Fruits and Vegetables,OUT013,1987,High,Tier 3,Supermarket Type1,1839.1312,4.301,2023-02-23
FDM27,17.196, Regular,0.016311,Frozen Foods,OUT027,1985,Medium,Tier 3,Supermarket Type3,6992.5795,3.8,2023-06-27
FDS21,14.595,low fat,0.084106,Dairy,OUT010,1998,,Tier 3,Grocery Store,592.745,4.4,2022-06-22
DRK22,,LF,0.029057,Hard Drinks,OUT019,1985,Small,Tier 1,Grocery Store,938.91,4.2,2023-04-21
FDY12,,LF,0.09267,Fruits and Vegetables,OUT045,2002,,Tier 2,Supermarket Type1,4712.7904,4.1,2022-12-13
DRQ43,6.048,reg,0.045652,Hard Drinks,OUT018,2009,Medium,Tier 3,Supermarket Type2,4883.8642,3.5,2023-06-09
FDA25,12.989,Low Fat ,0.037726,Fruits and Vegetables,OUT027,1985,Medium,Tier 3,Supermarket Type3,2096.8774,4.2,2023-01-05
FDB25,,Low Fat,0.033617,Breads,OUT045,2002,,Tier 2,Supermarket Type1,968.0335,4.1,2023-01-11
NCA43,4.564,Low Fat ,0.03182,Others,OUT035,2004,Small,Tier 2,Supermarket Type1,4396.8913,3.8,2023-08-06
DRX48,6.601,reg,0.062599,Hard Drinks,OUT035,2004,Small,Tier 2,Supermarket Type1,1866.4375,4.5,2023-11-11
DRR35,13.958,Regular,0.02147,Soft Drinks,OUT035,2004,Small,Tier 2,Supermarket Type1,1867.3046,3.7,2023-04-02
NCS50,,LF,0.038308,Health and Hygiene,OUT045,2002,,Tier 2,Supermarket Type1,5255.6571,3.69,2023-06-17
FDH47,11.626,Low Fat,0.031768,Snack Foods,OUT045,2002,,Tier 2,Supermarket Type1,3690.8572,4.2,2023-11-15
FDP40,9.659,LF,0.0,Baking Goods,OUT027,1985,Medium,Tier 3,Supermarket Type3,4823.178,3.8,2022-08-01
FDN13,,Low Fat ,0.042032,Fruits and Vegetables,OUT035,2004,Small,Tier 2,Supermarket Type1,690.4002,3.5,2022-11-01
FDV42,,Regular,0.022562,Canned,OUT013,1987,High,Tier 3,Supermarket Type1,2241.7798,3.989,2023-12-01
DRE18,10.415,Low Fat,0.133979,Soft Drinks,OUT035,2004,Small,Tier 2,Supermarket Type1,5678.7734,3.0,2023-05-30
FDW32,5.723,Regular,0.029452,Meat,OUT046,1997,Small,Tier 1,Supermarket Type1,2342.1272,4.4,2022-05-09
FDG43,20.952,Regular,0.017464,Meat,OUT035,2004,Small,Tier 2,Supermarket Type1,1615.0103,3.5,2023-08-07
FDE14,,LF,0.097601,Snack Foods,OUT035,2004,Small,Tier 2,Supermarket Type1,2970.1757,3.7,2022-09-08
FDM26,15.239, Regular,0.064537,Breads,OUT018,2009,Medium,Tier 3,Supermarket Type2,705.7852,4.0,2022-10-15
NCN29,18.345,low fat,0.025462,Health and Hygiene,OUT035,2004,Small,Tier 2,Supermarket Type1,1740.5371,4.2,2023-08-24
FDH54,15.683,Low Fat,0.011429,Frozen Foods,OUT019,1985,Small,Tier 1,Grocery Store,316.3139,4.5,2023-04-18
NCC34,4.652,low fat,0.071399,Health and Hygiene,OUT027,1985,Medium,Tier 3,Supermarket Type3,3960.2697,4.0,2023-06-27
NCS30,5.594,Low Fat ,0.04895,Household,OUT049,1999,Medium,Tier 1,Supermarket Type1,4766.9296,4.1,2023-05-19
FDF25,7.934,low fat,0.08934,Snack Foods,OUT046,1997,Small,Tier 1,Supermarket Type1,1316.2457,4.0,2023-06-07
DRK33,,low fat,0.047369,Hard Drinks,OUT027,1985,Medium,Tier 3,Supermarket Type3,5086.656,3.6,2022-10-24
FDH52,19.207,Low Fat ,0.124585,Baking Goods,OUT013,1987,High,Tier 3,Supermarket Type1,2766.0357,4.219,2022-07-29
NCP55,13.831,low fat,0.061957,Household,OUT017,2007,,Tier 2,Supermarket Type1,2624.2238,3.6,2023-01-03
FDY27,12.851,Low Fat,0.029743,Fruits and Vegetables,OUT049,1999,Medium,Tier 1,Supermarket Type1,2107.9047,4.1,2023-10-28
DRP27,,low fat,0.067311,Hard Drinks,OUT035,2004,Small,Tier 2,Supermarket Type1,1054.9537,3.5,2023-05-02
FDB32,6.61,Low Fat ,0.03643,Starchy Foods,OUT045,2002,,Tier 2,Supermarket Type1,4050.095,3.7,2023-03-08
FDH49,,Low Fat ,0.052093,Snack Foods,OUT049,1999,Medium,Tier 1,Supermarket Type1,726.2907,3.9,2022-07-25
DRE42,,reg,0.042475,Soft Drinks,OUT046,1997,Small,Tier 1,Supermarket Type1,3820.9069,4.3,2023-08-01
FDJ44,,Low Fat ,0.024925,Snack Foods,OUT017,2007,,Tier 2,Supermarket Type1,1385.9866,4.2,2022-05-28
NCA15,7.414,Low Fat ,0.0,Health and Hygiene,OUT010,1998,,Tier 3,Grocery Store,984.6317,4.0,2023-07-10
FDN54,, Regular,0.0,Meat,OUT049,1999,Medium,Tier 1,Supermarket Type1,1280.6472,3.9,2023-12-27
FDP59,19.39,reg,0.0,Canned,OUT027,1985,Medium,Tier 3,Supermarket Type3,6955.7508,4.1,2023-01-18
FDD14,19.564,low fat,0.075844,Dairy,OUT013,1987,High,Tier 3,Supermarket Type1,5123.4931,4.7,2023-01-22
FDX45,5.396, Regular,0.154322,Breads,OUT027,1985,Medium,Tier 3,Supermarket Type3,5713.4661,4.0,2023-01-06
FDF43,4.95,LF,0.026386,Frozen Foods,OUT027,1985,Medium,Tier 3,Supermarket Type3,10278.6012,4.3,2022-11-17
NCK59,14.584,Low Fat,0.020213,Health and Hygiene,OUT027,1985,Medium,Tier 3,Supermarket Type3,7922.8801,4.0,2023-10-07
FDU57,,Low Fat ,0.061922,Fruits and Vegetables,OUT045,2002,,Tier 2,Supermarket Type1,1380.5552,4.1,2023-03-20
FDU51,,Low Fat,0.121259,Breakfast,OUT018,2009,Medium,Tier 3,Supermarket Type2,5194.9392,4.0,2023-01-03
NCN50,,Low Fat ,0.041949,Household,OUT046,1997,Small,Tier 1,Supermarket Type1,1615.4584,3.77,2023-11-22
FDG34,17.744,Low Fat ,0.033266,Snack Foods,OUT018,2009,Medium,Tier 3,Supermarket Type2,1612.3712,4.0,2022-01-10
FDK35,7.498,reg,0.042498,Fruits and Vegetables,OUT027,1985,Medium,Tier 3,Supermarket Type3,10216.1259,3.8,2023-03-20
FDJ18,20.204,Regular,0.022164,Meat,OUT019,1985,Small,Tier 1,Grocery Store,916.4472,3.9,2023-09-04
FDV57,20.993,low fat,0.0,Dairy,OUT027,1985,Medium,Tier 3,Supermarket Type3,1953.6725,3.917,2022-05-25
FDD18,7.044,Low Fat ,0.035135,Seafood,OUT010,1998,,Tier 3,Grocery Store,438.6677,4.2,2022-12-22
FDP48,6.336,Low Fat ,0.039654,Baking Goods,OUT049,1999,Medium,Tier 1,Supermarket Type1,3999.9656,4.4,2023-11-09
FDW45,5.875, Regular,0.0234,Fruits and Vegetables,OUT049,1999,Medium,Tier 1,Supermarket Type1,4638.5537,3.8,2023-06-30
FDG21,7.985,low fat,0.036011,Dairy,OUT027,1985,Medium,Tier 3,Supermarket Type3,3246.5251,3.7,2022-03-24
DRE44,12.888,LF,0.075578,Soft Drinks,OUT027,1985,Medium,Tier 3,Supermarket Type3,7291.9957,3.8,2023-04-19
NCV50,9.676,LF,0.063745,Health and Hygiene,OUT035,2004,Small,Tier 2,Supermarket Type1,2109.6678,3.6,2022-07-08
NCR39,11.124,Low Fat,0.030086,Household,OUT045,2002,,Tier 2,Supermarket Type1,2054.9171,4.4,2022-06-27
FDY25,18.173, Regular,0.0,Snack Foods,OUT018,2009,Medium,Tier 3,Supermarket Type2,1032.1624,4.0,2022-01-03
FDR53,16.43,LF,0.025961,Canned,OUT018,2009,Medium,Tier 3,Supermarket Type2,2308.9197,4.2,2022-02-14
NCX27,6.221,LF,0.068224,Household,OUT046,1997,Small,Tier 1,Supermarket Type1,2832.4724,4.3,2023-09-16
FDJ48,11.266,Low Fat,0.083272,Canned,OUT049,1999,Medium,Tier 1,Supermarket Type1,1251.0795,3.877,2022-02-22
DRE51,20.622,low fat,0.02894,Soft Drinks,OUT046,1997,Small,Tier 1,Supermarket Type1,1241.8371,3.9,2022-09-14
FDU24,17.902,reg,0.022603,Snack Foods,OUT013,1987,High,Tier 3,Supermarket Type1,3454.7527,4.4,2023-06-14
FDH18,,LF,0.094522,Dairy,OUT017,2007,,Tier 2,Supermarket Type1,3204.2953,5.0,2023-02-06
NCX59,19.495,Low Fat,0.037643,Household,OUT013,1987,High,Tier 3,Supermarket Type1,1681.0535,3.8,2022-11-19
FDG24,20.741, Regular,0.083985,Frozen Foods,OUT017,2007,,Tier 2,Supermarket Type1,3475.6853,4.0,2022-03-27
FDM21,15.007,Low Fat,0.036834,Dairy,OUT017,2007,,Tier 2,Supermarket Type1,4628.0196,4.1,2023-05-27
FDD48,,Low Fat ,0.030364,Fruits and Vegetables,OUT018,2009,Medium,Tier 3,Supermarket Type2,5753.9135,4.7,2022-05-03
NCD16,14.188,low fat,0.03429,Household,OUT027,1985,Medium,Tier 3,Supermarket Type3,9260.7423,4.0,2023-12-31
FDE17,20.55,LF,0.054551,Dairy,OUT010,1998,,Tier 3,Grocery Store,656.5475,4.502,2022-12-28
NCC22,8.567,LF,0.06393,Health and Hygiene,OUT049,1999,Medium,Tier 1,Supermarket Type1,2232.7881,3.9,2022-07-02
FDW28,18.162,low fat,0.034859,Dairy,OUT027,1985,Medium,Tier 3,Supermarket Type3,13086.9648,3.5,2023-12-15
FDS39,17.591,Low Fat ,0.075736,Fruits and Vegetables,OUT049,1999,Medium,Tier 1,Supermarket Type1,2151.642,3.999,2023-03-09
FDC53,20.982,Regular,0.090656,Meat,OUT018,2009,Medium,Tier 3,Supermarket Type2,2330.4888,4.4,2022-09-13
FDS53,15.892,Low Fat,0.11857,Fruits and Vegetables,OUT045,2002,,Tier 2,Supermarket Type1,2794.7021,3.2,2022-08-19
FDN34,,Regular,0.023782,Canned,OUT049,1999,Medium,Tier 1,Supermarket Type1,955.4541,4.3,2022-08-07
FDK57,, Regular,0.085433,Snack Foods,OUT018,2009,Medium,Tier 3,Supermarket Type2,1695.7997,4.1,2022-04-25
FDX44,20.503,Regular,0.077567,Baking Goods,OUT049,1999,Medium,Tier 1,Supermarket Type1,5172.1765,4.4,2022-02-05
FDR24,20.313, Regular,0.049184,Baking Goods,OUT046,1997,Small,Tier 1,Supermarket Type1,1128.9062,4.0,2022-08-11
NCP28,15.47,Low Fat,0.182521,Health and Hygiene,OUT013,1987,High,Tier 3,Supermarket Type1,7172.1887,3.8,2023-11-29
DRH24,12.593,Low Fat ,0.0,Soft Drinks,OUT013,1987,High,Tier 3,Supermarket Type1,4361.3119,3.6,2023-12-21
FDR33,9.247,Regular,0.020655,Fruits and Vegetables,OUT018,2009,Medium,Tier 3,Supermarket Type2,1879.0341,3.8,2023-01-11
FDB15,11.316, Regular,0.107988,Snack Foods,OUT017,2007,,Tier 2,Supermarket Type1,3992.4065,4.3,2023-10-18
NCS30,5.594,low fat,0.038789,Household,OUT046,1997,Small,Tier 1,Supermarket Type1,2702.6477,4.5,2023-10-30
FDB27,7.882, Regular,0.045735,Dairy,OUT018,2009,Medium,Tier 3,Supermarket Type2,10467.4433,4.5,2022-10-01
FDE15,11.465,low fat,0.043246,Frozen Foods,OUT013,1987,High,Tier 3,Supermarket Type1,2044.6008,3.6,2022-05-05
FDP25,20.416,Low Fat ,0.046862,Snack Foods,OUT045,2002,,Tier 2,Supermarket Type1,1340.5902,3.9,2023-03-15
FDG11,13.626,Regular,0.030765,Fruits and Vegetables,OUT045,2002,,Tier 2,Supermarket Type1,5298.3486,4.2,2023-05-20
FDP20,,LF,0.063752,Fruits and Vegetables,OUT027,1985,Medium,Tier 3,Supermarket Type3,2837.5413,4.7,2022-08-20
FDJ10,17.71, Regular,0.084442,Breakfast,OUT046,1997,Small,Tier 1,Supermarket Type1,2687.5399,4.3,2022-12-03
FDJ21,17.442,LF,0.026391,Fruits and Vegetables,OUT035,2004,Small,Tier 2,Supermarket Type1,1103.5565,4.0,2023-03-14
FDG40,15.029, Regular,0.145913,Snack Foods,OUT013,1987,High,Tier 3,Supermarket Type1,2215.0046,3.8,2023-03-27
FDY45,,Low Fat ,0.052142,Meat,OUT017,2007,,Tier 2,Supermarket Type1,3245.9172,4.3,2023-07-17
FDV56,, Regular,0.079458,Breads,OUT045,2002,,Tier 2,Supermarket Type1,605.0764,3.8,2023-12-10
FDU14,12.414,low fat,0.042441,Meat,OUT049,1999,Medium,Tier 1,Supermarket Type1,1570.5644,3.8,2023-01-06
NCH25,18.184,Low Fat ,0.01349,Household,OUT018,2009,Medium,Tier 3,Supermarket Type2,1212.4947,3.4,2022-12-06
NCQ10,8.997,Low Fat,0.015549,Others,OUT019,1985,Small,Tier 1,Grocery Store,337.9145,3.9,2022-03-23
FDU33,7.71,Low Fat,0.046175,Breads,OUT018,2009,Medium,Tier 3,Supermarket Type2,3746.8468,4.4,2022-07-07
FDY28,,Regular,0.033564,Meat,OUT045,2002,,Tier 2,Supermarket Type1,1370.3877,4.3,2023-12-19
FDY53,13.553,LF,0.024913,Frozen Foods,OUT045,2002,,Tier 2,Supermarket Type1,4717.0007,4.038,2023-06-11
FDX20,19.133,low fat,0.042203,Canned,OUT019,1985,Small,Tier 1,Grocery Store,1319.0511,4.2,2022-02-15
FDK11,7.427, Regular,0.04788,Dairy,OUT049,1999,Medium,Tier 1,Supermarket Type1,2426.164,4.3,2023-07-16
FDG56,14.983,Low Fat,0.039801,Starchy Foods,OUT013,1987,High,Tier 3,Supermarket Type1,3695.6951,3.968,2022-03-17
FDW47,6.385,Regular,0.0,Breads,OUT013,1987,High,Tier 3,Supermarket Type1,1625.3727,4.1,2022-01-01
FDY56,5.013,LF,0.082504,Snack Foods,OUT013,1987,High,Tier 3,Supermarket Type1,4955.1444,4.2,2023-08-24
DRK24,,LF,0.039347,Hard Drinks,OUT035,2004,Small,Tier 2,Supermarket Type1,1801.1752,4.0,2022-01-21
DRA30,7.906,Regular,0.095723,Soft Drinks,OUT018,2009,Medium,Tier 3,Supermarket Type2,3424.8963,3.8,2022-06-19
FDQ47,19.566,Regular,0.116752,Meat,OUT046,1997,Small,Tier 1,Supermarket Type1,3273.4551,4.129,2023-05-14
FDE54,12.08,Low Fat ,0.01807,Frozen Foods,OUT017,2007,,Tier 2,Supermarket Type1,828.8503,3.688,2023-02-03
NCQ52,6.962,Low Fat,0.0,Household,OUT049,1999,Medium,Tier 1,Supermarket Type1,6792.6315,4.5,2022-01-05
FDS57,,Low Fat ,0.022066,Baking Goods,OUT035,2004,Small,Tier 2,Supermarket Type1,3228.1063,4.0,2022-07-05
FDD38,, Regular,0.029802,Fruits and Vegetables,OUT013,1987,High,Tier 3,Supermarket Type1,5413.3318,3.826,2023-08-01
FDH50,13.429,LF,0.027767,Frozen Foods,OUT013,1987,High,Tier 3,Supermarket Type1,5142.6966,3.7,2023-07-09
NCC36,5.609,Low Fat ,0.039571,Household,OUT046,1997,Small,Tier 1,Supermarket Type1,2769.905,3.521,2023-11-06
FDF33,20.83,reg,0.074925,Baking Goods,OUT046,1997,Small,Tier 1,Supermarket Type1,2147.7477,4.4,2023-03-26
NCR31,20.547,Low Fat ,0.0,Household,OUT017,2007,,Tier 2,Supermarket Type1,2218.2176,4.1,2023-08-25
FDP44,9.515, Regular,0.072908,Fruits and Vegetables,OUT049,1999,Medium,Tier 1,Supermarket Type1,5605.1078,4.6,2022-10-11
FDU39,9.03,Low Fat,0.029276,Fruits and Vegetables,OUT035,2004,Small,Tier 2,Supermarket Type1,2023.1936,4.3,2022-03-07
FDA41,,Low Fat,0.016968,Fruits and Vegetables,OUT049,1999,Medium,Tier 1,Supermarket Type1,1203.2605,4.2,2022-12-07
FDK43,20.271,reg,0.025252,Breads,OUT049,1999,Medium,Tier 1,Supermarket Type1,3164.9692,4.2,2022-10-18
FDU45,20.12,low fat,0.047323,Dairy,OUT046,1997,Small,Tier 1,Supermarket Type1,6264.0069,4.1,2023-06-28
FDA16,12.896,Regular,0.139056,Dairy,OUT027,1985,Medium,Tier 3,Supermarket Type3,4299.6362,4.1,2023-04-11
FDB49,10.108,LF,0.019831,Baking Goods,OUT018,2009,Medium,Tier 3,Supermarket Type2,6260.3161,4.8,2023-10-29
NCX27,6.221,Low Fat,0.033365,Household,OUT019,1985,Small,Tier 1,Grocery Store,706.034,4.0,2023-12-10
FDJ54,16.83,Low Fat ,0.070555,Breakfast,OUT046,1997,Small,Tier 1,Supermarket Type1,1024.4895,4.4,2023-08-18
FDR47,,Regular,0.054515,Dairy,OUT027,1985,Medium,Tier 3,Supermarket Type3,8006.7331,4.239,2023-04-29
NCH10,8.972,low fat,0.045258,Health and Hygiene,OUT013,1987,High,Tier 3,Supermarket Type1,3675.4345,4.105,2023-08-26
FDH40,,reg,0.02808,Snack Foods,OUT013,1987,High,Tier 3,Supermarket Type1,3716.6338,4.2,2023-06-23
FDX39,,LF,0.072837,Dairy,OUT013,1987,High,Tier 3,Supermarket Type1,2846.2959,4.338,2023-05-14
FDH54,15.683,Low Fat ,0.0,Frozen Foods,OUT017,2007,,Tier 2,Supermarket Type1,2244.3216,4.3,2022-04-05
FDD54,16.63, Regular,0.045343,Snack Foods,OUT049,1999,Medium,Tier 1,Supermarket Type1,3641.9007,4.0,2023-07-23
FDA58,,Low Fat,0.039966,Snack Foods,OUT013,1987,High,Tier 3,Supermarket Type1,5362.2085,3.6,2023-08-02
FDQ30,, Regular,0.038443,Meat,OUT027,1985,Medium,Tier 3,Supermarket Type3,2403.3545,4.4,2022-01-12
FDK57,8.216,Regular,0.048222,Snack Foods,OUT027,1985,Medium,Tier 3,Supermarket Type3,4402.2357,3.734,2023-10-24
FDV28,9.353,LF,0.078289,Breads,OUT013,1987,High,Tier 3,Supermarket Type1,5053.7268,3.2,2023-12-18
FDN38,20.195,Low Fat,0.016743,Canned,OUT045,2002,,Tier 2,Supermarket Type1,2875.4896,4.5,2023-12-13
FDY14,15.915,Low Fat,0.039849,Fruits and Vegetables,OUT049,1999,Medium,Tier 1,Supermarket Type1,1500.598,4.206,2023-11-09
FDJ50,17.491,reg,0.055743,Breakfast,OUT017,2007,,Tier 2,Supermarket Type1,3214.5345,4.3,2023-08-11
FDB11,5.528,LF,0.049666,Snack Foods,OUT045,2002,,Tier 2,Supermarket Type1,1984.5393,4.015,2023-08-25
FDA39,15.41,Low Fat,0.070159,Fruits and Vegetables,OUT017,2007,,Tier 2,Supermarket Type1,6309.3324,4.1,2022-09-04
NCX55,13.789,LF,0.065627,Household,OUT045,2002,,Tier 2,Supermarket Type1,1014.2247,4.2,2023-07-18
FDN57,7.271,Low Fat,0.027009,Frozen Foods,OUT045,2002,,Tier 2,Supermarket Type1,4629.3948,3.8,2023-11-21
FDV52,19.297,Regular,0.06679,Snack Foods,OUT018,2009,Medium,Tier 3,Supermarket Type2,3900.3594,4.0,2023-02-05
FDA19,14.808,Regular,0.047556,Frozen Foods,OUT010,1998,,Tier 3,Grocery Store,693.9832,3.9,2022-08-18
FDS31,18.017,low fat,0.025151,Starchy Foods,OUT019,1985,Small,Tier 1,Grocery Store,1894.4214,3.9,2023-09-19
FDD56,18.15,Regular,0.054669,Frozen Foods,OUT019,1985,Small,Tier 1,Grocery Store,1424.1148,4.0,2022-04-09
FDW31,,low fat,0.057413,Baking Goods,OUT046,1997,Small,Tier 1,Supermarket Type1,1939.7692,4.3,2023-06-21
FDW32,5.723, Regular,0.054019,Meat,OUT045,2002,,Tier 2,Supermarket Type1,2609.2229,4.2,2023-12-11
FDJ17,15.51,low fat,0.266139,Dairy,OUT046,1997,Small,Tier 1,Supermarket Type1,3531.8785,4.1,2023-09-05
FDJ39,7.398,Low Fat,0.061791,Snack Foods,OUT010,1998,,Tier 3,Grocery Store,1927.4313,4.4,2023-12-15
FDQ29,,low fat,0.016688,Snack Foods,OUT027,1985,Medium,Tier 3,Supermarket Type3,5926.0248,4.0,2022-06-20
FDY46,13.346,Regular,0.077044,Fruits and Vegetables,OUT019,1985,Small,Tier 1,Grocery Store,3088.8575,4.2,2022-08-24
FDF58,11.431,Low Fat,0.033479,Breads,OUT049,1999,Medium,Tier 1,Supermarket Type1,4529.4709,4.2,2022-01-31
DRB37,16.928,Low Fat ,0.033756,Soft Drinks,OUT046,1997,Small,Tier 1,Supermarket Type1,2332.746,4.0,2023-03-29
FDD31,17.566,low fat,0.0,Snack Foods,OUT010,1998,,Tier 3,Grocery Store,2134.0952,4.0,2022-04-19
DRG26,19.789,Low Fat ,0.064357,Soft Drinks,OUT018,2009,Medium,Tier 3,Supermarket Type2,2179.8264,3.7,2022-08-02
FDC31,10.353,reg,0.077096,Snack Foods,OUT010,1998,,Tier 3,Grocery Store,701.7471,4.1,2023-01-05
FDH45,5.363,Low Fat,0.099309,Fruits and Vegetables,OUT018,2009,Medium,Tier 3,Supermarket Type2,1784.2884,4.2,2022-08-10
FDP58,16.822,low fat,0.121531,Fruits and Vegetables,OUT046,1997,Small,Tier 1,Supermarket Type1,3862.8505,4.08,2023-09-17
NCJ14,17.612,Low Fat,0.0158,Others,OUT013,1987,High,Tier 3,Supermarket Type1,1923.6769,3.868,2022-05-16
FDC57,,low fat,0.089547,Meat,OUT018,2009,Medium,Tier 3,Supermarket Type2,11664.6563,4.2,2022-11-27
FDQ26,16.66,LF,0.026252,Fruits and Vegetables,OUT049,1999,Medium,Tier 1,Supermarket Type1,2310.8938,4.216,2022-07-16
FDN39,,low fat,0.042471,Snack Foods,OUT045,2002,,Tier 2,Supermarket Type1,1566.757,3.6,2022-12-15
FDG39,19.711,low fat,0.045504,Seafood,OUT010,1998,,Tier 3,Grocery Store,765.3149,4.1,2022-01-19
DRJ26,19.311,low fat,0.070328,Hard Drinks,OUT013,1987,High,Tier 3,Supermarket Type1,5721.694,4.3,2022-12-25
FDQ39,11.195,Low Fat ,0.044629,Dairy,OUT013,1987,High,Tier 3,Supermarket Type1,3199.3062,4.0,2023-06-26
FDE18,18.777,Low Fat ,0.0,Canned,OUT010,1998,,Tier 3,Grocery Store,2335.1876,4.7,2023-07-19
FDP42,10.581,LF,0.07565,Canned,OUT017,2007,,Tier 2,Supermarket Type1,1416.1855,3.5,2023-04-02
FDX55,11.307, Regular,0.06128,Snack Foods,OUT013,1987,High,Tier 3,Supermarket Type1,1598.2473,4.0,2023-03-04
FDS29,,Regular,0.021424,Frozen Foods,OUT017,2007,,Tier 2,Supermarket Type1,1529.4359,3.529,2022-06-24
DRH12,,reg,0.046756,Soft Drinks,OUT017,2007,,Tier 2,Supermarket Type1,1606.3462,3.9,2022-11-23
NCN50,7.41,LF,0.025454,Household,OUT035,2004,Small,Tier 2,Supermarket Type1,1673.2773,3.7,2023-04-29
FDR21,4.843,low fat,0.057824,Meat,OUT046,1997,Small,Tier 1,Supermarket Type1,2013.64,4.49,2022-05-23
FDE57,9.617,Low Fat,0.120672,Starchy Foods,OUT045,2002,,Tier 2,Supermarket Type1,1291.8451,3.568,2022-10-03
FDG14,12.069,low fat,0.068144,Breakfast,OUT027,1985,Medium,Tier 3,Supermarket Type3,1474.1446,3.8,2022-09-17
FDS30,6.474,low fat,0.05436,Dairy,OUT049,1999,Medium,Tier 1,Supermarket Type1,989.68,4.4,2023-09-28
FDP18,19.939,Regular,0.095904,Fruits and Vegetables,OUT027,1985,Medium,Tier 3,Supermarket Type3,4368.3428,4.061,2023-03-03
DRE52,17.878,low fat,0.033563,Hard Drinks,OUT027,1985,Medium,Tier 3,Supermarket Type3,3820.9546,4.067,2022-04-29
NCJ14,17.612,Low Fat,0.054104,Others,OUT035,2004,Small,Tier 2,Supermarket Type1,1903.2901,4.0,2022-03-02
FDN51,19.659,Low Fat,0.130949,Dairy,OUT035,2004,Small,Tier 2,Supermarket Type1,1372.7192,4.3,2022-03-25
NCF22,10.804,LF,0.048931,Health and Hygiene,OUT045,2002,,Tier 2,Supermarket Type1,1999.4892,4.3,2022-08-31
FDM25,7.381,Low Fat,0.029843,Fruits and Vegetables,OUT018,2009,Medium,Tier 3,Supermarket Type2,3091.5527,4.7,2023-08-09
FDM19,17.468,reg,0.033372,Canned,OUT035,2004,Small,Tier 2,Supermarket Type1,4276.1932,3.6,2022-09-21
FDP56,, Regular,0.055261,Frozen Foods,OUT018,2009,Medium,Tier 3,Supermarket Type2,6993.7511,4.4,2023-01-03
FDG36,8.704,LF,0.06628,Dairy,OUT027,1985,Medium,Tier 3,Supermarket Type3,5246.742,4.1,2023-11-07
FDP13,9.114,low fat,0.031531,Baking Goods,OUT045,2002,,Tier 2,Supermarket Type1,2181.2187,4.3,2022-09-15
FDB17,13.974,Low Fat ,0.020528,Baking Goods,OUT017,2007,,Tier 2,Supermarket Type1,1667.5127,4.113,2023-06-22
FDN19,,reg,0.09727,Snack Foods,OUT049,1999,Medium,Tier 1,Supermarket Type1,1948.6955,4.4,2022-06-13
FDD22,6.694,LF,0.034057,Breads,OUT035,2004,Small,Tier 2,Supermarket Type1,932.0716,4.531,2023-05-21
FDS29,15.994, Regular,0.079972,Frozen Foods,OUT035,2004,Small,Tier 2,Supermarket Type1,825.0238,3.8,2022-02-09
NCD16,14.188,Low Fat,0.063766,Household,OUT013,1987,High,Tier 3,Supermarket Type1,2776.3923,4.2,2023-09-24
FDU42,15.842,Low Fat,0.066094,Frozen Foods,OUT027,1985,Medium,Tier 3,Supermarket Type3,1878.7766,3.8,2022-06-10
FDQ57,17.702, Regular,0.04276,Fruits and Vegetables,OUT018,2009,Medium,Tier 3,Supermarket Type2,5119.174,3.7,2023-04-08
NCB39,,LF,0.044081,Household,OUT027,1985,Medium,Tier 3,Supermarket Type3,7368.0278,3.9,2023-07-02
NCC24,20.015,Low Fat ,0.071147,Others,OUT027,1985,Medium,Tier 3,Supermarket Type3,12835.3851,3.4,2023-10-07
NCG55,13.309,Low Fat,0.014698,Household,OUT046,1997,Small,Tier 1,Supermarket Type1,857.88,4.1,2022-02-02
FDE59,20.845,low fat,0.139302,Seafood,OUT019,1985,Small,Tier 1,Grocery Store,1650.1439,3.5,2023-03-21
NCS19,11.704,LF,0.031583,Others,OUT018,2009,Medium,Tier 3,Supermarket Type2,2375.8999,3.9,2023-05-22
DRK24,17.062,LF,0.074192,Hard Drinks,OUT046,1997,Small,Tier 1,Supermarket Type1,2044.7591,3.4,2022-12-18
FDE32,20.999,LF,0.039579,Dairy,OUT018,2009,Medium,Tier 3,Supermarket Type2,1780.5139,4.5,2022-11-02
FDD32,19.457,Regular,0.027876,Snack Foods,OUT017,2007,,Tier 2,Supermarket Type1,873.4497,3.6,2022-01-05
FDN16,, Regular,0.053561,Dairy,OUT017,2007,,Tier 2,Supermarket Type1,3135.5701,4.0,2023-10-11
NCK48,,low fat,0.056048,Health and Hygiene,OUT049,1999,Medium,Tier 1,Supermarket Type1,1126.7759,3.7,2023-01-27
FDB36,15.699,low fat,0.054076,Fruits and Vegetables,OUT046,1997,Small,Tier 1,Supermarket Type1,2643.9475,4.2,2023-05-05
FDS53,15.892,Low Fat ,0.037539,Fruits and Vegetables,OUT018,2009,Medium,Tier 3,Supermarket Type2,2178.6859,4.4,2023-09-08
FDY51,10.12,Low Fat ,0.017218,Meat,OUT027,1985,Medium,Tier 3,Supermarket Type3,13086.9648,4.1,2022-11-11
FDS57,5.261,Low Fat,0.045894,Baking Goods,OUT019,1985,Small,Tier 1,Grocery Store,815.1171,3.6,2022-10-29
NCB36,10.14,Low Fat,0.058013,Household,OUT013,1987,High,Tier 3,Supermarket Type1,716.4551,3.8,2022-07-20
FDE40,,reg,0.047609,Fruits and Vegetables,OUT027,1985,Medium,Tier 3,Supermarket Type3,5820.5793,4.3,2023-06-12
FDX39,18.074,Low Fat,0.072536,Dairy,OUT045,2002,,Tier 2,Supermarket Type1,3042.4532,3.8,2023-02-10
FDC38,12.14,LF,0.176796,Snack Foods,OUT019,1985,Small,Tier 1,Grocery Store,484.6894,3.101,2022-01-07
FDD38,14.394,Regular,0.024912,Fruits and Vegetables,OUT045,2002,,Tier 2,Supermarket Type1,4817.7637,3.7,2023-01-06
FDA21,16.765,Low Fat,0.132671,Fruits and Vegetables,OUT013,1987,High,Tier 3,Supermarket Type1,3518.365,4.1,2022-07-17
FDV39,,LF,0.02788,Dairy,OUT019,1985,Small,Tier 1,Grocery Store,387.1754,4.022,2022-08-19
NCC21,16.1,low fat,0.047874,Health and Hygiene,OUT018,2009,Medium,Tier 3,Supermarket Type2,887.7899,3.8,2022-06-17
FDY30,13.822,reg,0.035305,Canned,OUT018,2009,Medium,Tier 3,Supermarket Type2,13086.9648,4.2,2023-05-24
FDY43,,Low Fat,0.020561,Snack Foods,OUT013,1987,High,Tier 3,Supermarket Type1,2411.2467,4.1,2023-03-18
NCH50,12.83,Low Fat ,0.011378,Household,OUT013,1987,High,Tier 3,Supermarket Type1,3049.2677,3.7,2022-03-05
DRF51,19.821,Low Fat,0.033684,Hard Drinks,OUT027,1985,Medium,Tier 3,Supermarket Type3,7255.0104,3.6,2022-08-07
NCE23,15.973,LF,0.029564,Household,OUT018,2009,Medium,Tier 3,Supermarket Type2,766.7242,3.6,2022-01-12
FDJ24,21.146,Low Fat ,0.18437,Frozen Foods,OUT035,2004,Small,Tier 2,Supermarket Type1,1788.0656,4.0,2022-12-06
FDG56,14.983,low fat,0.022757,Starchy Foods,OUT045,2002,,Tier 2,Supermarket Type1,1600.944,4.87,2022-10-14
FDH51,,low fat,0.02268,Fruits and Vegetables,OUT013,1987,High,Tier 3,Supermarket Type1,343.1219,4.2,2022-10-07
FDM37,20.897, Regular,0.059903,Dairy,OUT017,2007,,Tier 2,Supermarket Type1,2570.2069,4.2,2022-05-23
NCG35,9.968,Low Fat ,0.021821,Household,OUT017,2007,,Tier 2,Supermarket Type1,1801.9331,4.5,2022-08-09
FDK34,14.805,reg,0.101601,Starchy Foods,OUT017,2007,,Tier 2,Supermarket Type1,4157.023,3.819,2023-06-23
FDA26,20.21,Low Fat,0.03633,Baking Goods,OUT017,2007,,Tier 2,Supermarket Type1,1561.844,3.5,2023-05-28
FDR45,20.449,low fat,0.078168,Snack Foods,OUT049,1999,Medium,Tier 1,Supermarket Type1,4448.0339,5.0,2022-06-21
FDF16,19.706,LF,0.099566,Fruits and Vegetables,OUT017,2007,,Tier 2,Supermarket Type1,1908.9925,3.2,2022-10-28
FDA33,11.471,low fat,0.089066,Frozen Foods,OUT027,1985,Medium,Tier 3,Supermarket Type3,4966.6022,4.3,2022-06-29
FDV52,19.297, Regular,0.073847,Snack Foods,OUT045,2002,,Tier 2,Supermarket Type1,3243.3464,4.0,2023-05-27
FDG49,15.978,low fat,0.02265,Frozen Foods,OUT013,1987,High,Tier 3,Supermarket Type1,2410.6177,4.0,2023-05-05
FDS52,9.787,low fat,0.118622,Baking Goods,OUT046,1997,Small,Tier 1,Supermarket Type1,751.1651,3.6,2022-01-04
NCG46,16.749,low fat,0.0,Others,OUT027,1985,Medium,Tier 3,Supermarket Type3,1887.8195,3.4,2022-08-02
FDG37,11.855,reg,0.055848,Fruits and Vegetables,OUT013,1987,High,Tier 3,Supermarket Type1,3335.7894,4.4,2022-06-08
FDB17,13.974,Low Fat ,0.033192,Baking Goods,OUT045,2002,,Tier 2,Supermarket Type1,5295.4364,4.1,2023-09-20
NCW29,8.441,Low Fat,0.020396,Others,OUT018,2009,Medium,Tier 3,Supermarket Type2,6188.6532,3.7,2022-06-01
FDU47,,Low Fat ,0.0,Fruits and Vegetables,OUT017,2007,,Tier 2,Supermarket Type1,1135.9508,3.9,2022-02-06
FDM55,7.425,Regular,0.112605,Snack Foods,OUT035,2004,Small,Tier 2,Supermarket Type1,1685.1415,3.3,2022-10-31
NCE10,8.542,Low Fat,0.055943,Health and Hygiene,OUT027,1985,Medium,Tier 3,Supermarket Type3,4187.5715,4.1,2022-05-23
FDS17,16.139,Regular,0.135375,Starchy Foods,OUT045,2002,,Tier 2,Supermarket Type1,4184.4365,3.6,2022-08-05
FDP32,,reg,0.030776,Snack Foods,OUT018,2009,Medium,Tier 3,Supermarket Type2,1919.8787,4.5,2023-06-26
NCV17,16.21,Low Fat ,0.019781,Others,OUT045,2002,,Tier 2,Supermarket Type1,1704.2162,3.6,2023-05-31
FDX15,6.832,LF,0.042516,Meat,OUT017,2007,,Tier 2,Supermarket Type1,1158.7773,4.4,2023-06-14
FDN39,8.43,LF,0.02877,Snack Foods,OUT013,1987,High,Tier 3,Supermarket Type1,1945.376,3.9,2023-07-25
NCS19,11.704,low fat,0.068921,Others,OUT017,2007,,Tier 2,Supermarket Type1,13086.9648,4.1,2023-10-01
FDC39,5.657,low fat,0.050397,Snack Foods,OUT017,2007,,Tier 2,Supermarket Type1,1884.315,4.2,2022-11-03
FDX34,,Low Fat ,0.044934,Fruits and Vegetables,OUT049,1999,Medium,Tier 1,Supermarket Type1,2633.9089,4.14,2022-07-31
NCM41,4.607,LF,0.222502,Health and Hygiene,OUT010,1998,,Tier 3,Grocery Store,2302.8252,4.2,2023-06-02
FDH16,13.075,LF,0.069822,Fruits and Vegetables,OUT045,2002,,Tier 2,Supermarket Type1,981.1706,3.8,2023-03-14
FDV33,8.335, Regular,0.019417,Dairy,OUT049,1999,Medium,Tier 1,Supermarket Type1,1630.7617,4.3,2023-11-23
FDR11,4.864,LF,0.0,Dairy,OUT046,1997,Small,Tier 1,Supermarket Type1,2581.25,3.1,2023-10-29
FDQ42,21.085, Regular,0.157371,Canned,OUT018,2009,Medium,Tier 3,Supermarket Type2,2072.3413,4.182,2023-04-16
FDP33,12.585,Low Fat ,0.176183,Fruits and Vegetables,OUT013,1987,High,Tier 3,Supermarket Type1,1797.0076,4.1,2023-01-04
FDJ59,12.917,Low Fat,0.079654,Frozen Foods,OUT046,1997,Small,Tier 1,Supermarket Type1,3171.5837,3.7,2023-06-05
FDN54,16.623, Regular,0.056259,Meat,OUT046,1997,Small,Tier 1,Supermarket Type1,2289.2565,4.2,2022-03-15
FDY34,,Low Fat,0.060972,Breads,OUT046,1997,Small,Tier 1,Supermarket Type1,1533.5597,3.8,2023-03-03
FDJ19,15.129, Regular,0.024738,Snack Foods,OUT046,1997,Small,Tier 1,Supermarket Type1,2300.8238,3.5,2023-04-13
FDX49,17.282,Low Fat ,0.018164,Baking Goods,OUT018,2009,Medium,Tier 3,Supermarket Type2,2525.3569,4.4,2022-08-12
FDK41,20.011,Low Fat ,0.051474,Fruits and Vegetables,OUT017,2007,,Tier 2,Supermarket Type1,799.5143,4.4,2022-12-23
FDM47,,Regular,0.013439,Fruits and Vegetables,OUT018,2009,Medium,Tier 3,Supermarket Type2,3373.0503,3.9,2022-03-20
DRE44,12.888,Low Fat,0.0,Soft Drinks,OUT013,1987,High,Tier 3,Supermarket Type1,3673.6443,4.1,2023-02-05
NCG51,,LF,0.051633,Others,OUT018,2009,Medium,Tier 3,Supermarket Type2,3244.9913,4.1,2023-06-28
FDW30,5.672,reg,0.058507,Baking Goods,OUT046,1997,Small,Tier 1,Supermarket Type1,2050.7376,3.277,2023-03-12
FDF57,19.891,Regular,0.031532,Fruits and Vegetables,OUT027,1985,Medium,Tier 3,Supermarket Type3,3844.0166,4.133,2022-01-26
FDB52,18.889,low fat,0.066211,Baking Goods,OUT013,1987,High,Tier 3,Supermarket Type1,2338.7262,3.9,2022-06-07
FDK10,16.604,low fat,0.02521,Snack Foods,OUT035,2004,Small,Tier 2,Supermarket Type1,2151.9777,4.1,2023-09-29
FDM12,12.49, Regular,0.033763,Snack Foods,OUT049,1999,Medium,Tier 1,Supermarket Type1,2308.2348,4.0,2023-04-16
FDY15,15.803,reg,0.055461,Breads,OUT046,1997,Small,Tier 1,Supermarket Type1,2662.0842,3.5,2023-02-25
FDX42,6.733,Low Fat,0.16522,Breakfast,OUT017,2007,,Tier 2,Supermarket Type1,2277.8319,3.3,2023-05-30
NCN59,8.165,LF,0.043332,Household,OUT017,2007,,Tier 2,Supermarket Type1,1396.4675,4.3,2023-03-11
FDX35,,LF,0.016319,Starchy Foods,OUT035,2004,Small,Tier 2,Supermarket Type1,2878.1906,3.6,2023-11-21
NCR51,,Low Fat ,0.082628,Health and Hygiene,OUT046,1997,Small,Tier 1,Supermarket Type1,1200.5708,3.3,2023-08-29
FDH34,,Regular,0.089341,Fruits and Vegetables,OUT035,2004,Small,Tier 2,Supermarket Type1,3535.7456,4.8,2022-05-10
FDR40,9.815,Regular,0.047445,Fruits and Vegetables,OUT013,1987,High,Tier 3,Supermarket Type1,6560.5662,4.3,2022-09-23
DRJ25,5.718,Regular,0.0,Soft Drinks,OUT046,1997,Small,Tier 1,Supermarket Type1,548.1723,3.9,2022-06-05
NCB55,,Low Fat ,0.025489,Health and Hygiene,OUT049,1999,Medium,Tier 1,Supermarket Type1,4054.1282,4.0,2023-02-25
FDB55,9.062,Regular,0.031436,Meat,OUT049,1999,Medium,Tier 1,Supermarket Type1,3652.1593,3.5,2023-12-10
FDM25,7.381,LF,0.054201,Fruits and Vegetables,OUT049,1999,Medium,Tier 1,Supermarket Type1,2233.0705,3.7,2023-11-23
FDB46,17.913,reg,0.0,Dairy,OUT010,1998,,Tier 3,Grocery Store,609.8613,3.821,2022-11-28
FDM59,15.761,low fat,0.033861,Breads,OUT027,1985,Medium,Tier 3,Supermarket Type3,5064.4125,3.6,2022-07-05
FDX31,,Low Fat ,0.027391,Snack Foods,OUT010,1998,,Tier 3,Grocery Store,550.2793,4.3,2023-02-03
DRJ35,18.995,LF,0.044344,Soft Drinks,OUT049,1999,Medium,Tier 1,Supermarket Type1,651.8997,3.5,2022-09-30
FDR50,9.777,Regular,0.037743,Meat,OUT049,1999,Medium,Tier 1,Supermarket Type1,2615.456,3.5,2023-02-06
NCG43,14.986,LF,0.052807,Household,OUT018,2009,Medium,Tier 3,Supermarket Type2,1376.0748,3.4,2022-04-18
FDV28,,Low Fat ,0.037045,Breads,OUT049,1999,Medium,Tier 1,Supermarket Type1,3270.3701,4.023,2023-08-30
FDS37,15.272,Low Fat,0.042516,Canned,OUT018,2009,Medium,Tier 3,Supermarket Type2,1999.4742,3.8,2022-07-28
FDW10,12.106,low fat,0.060483,Canned,OUT018,2009,Medium,Tier 3,Supermarket Type2,3093.5432,4.021,2022-05-15
FDM33,19.048,Low Fat,0.010992,Baking Goods,OUT027,1985,Medium,Tier 3,Supermarket Type3,4241.4206,3.105,2023-07-08
FDA25,12.989,low fat,0.038592,Fruits and Vegetables,OUT018,2009,Medium,Tier 3,Supermarket Type2,5955.4592,3.7,2023-06-26
NCF52,8.729,LF,0.096936,Household,OUT013,1987,High,Tier 3,Supermarket Type1,5231.6243,4.1,2022-04-15
FDR19,9.203,Low Fat,0.067989,Fruits and Vegetables,OUT017,2007,,Tier 2,Supermarket Type1,5953.7195,4.278,2023-01-25
FDY35,,reg,0.024571,Canned,OUT019,1985,Small,Tier 1,Grocery Store,1425.9854,3.788,2023-10-27
FDX14,7.303,LF,0.049137,Fruits and Vegetables,OUT027,1985,Medium,Tier 3,Supermarket Type3,3188.5586,4.317,2023-08-04
DRF20,20.865,low fat,0.039413,Soft Drinks,OUT049,1999,Medium,Tier 1,Supermarket Type1,4502.1282,3.6,2023-05-28
FDN12,,reg,0.03952,Starchy Foods,OUT045,2002,,Tier 2,Supermarket Type1,500.6026,3.3,2022-09-29
FDB40,, Regular,0.021488,Snack Foods,OUT017,2007,,Tier 2,Supermarket Type1,2198.5987,4.377,2023-11-22
DRJ25,5.718,reg,0.029691,Soft Drinks,OUT017,2007,,Tier 2,Supermarket Type1,5094.6816,3.6,2023-03-20
FDK58,10.127,LF,0.041398,Canned,OUT017,2007,,Tier 2,Supermarket Type1,2040.4206,4.0,2023-02-19
FDE22,17.059, Regular,0.01847,Canned,OUT017,2007,,Tier 2,Supermarket Type1,2157.5984,3.4,2022-03-04
DRK30,4.594,Low Fat ,0.043291,Soft Drinks,OUT013,1987,High,Tier 3,Supermarket Type1,2498.6833,4.7,2022-03-17
FDH31,19.968, Regular,0.10911,Snack Foods,OUT046,1997,Small,Tier 1,Supermarket Type1,9866.7034,4.2,2023-12-29
FDK24,11.935,LF,0.077807,Fruits and Vegetables,OUT013,1987,High,Tier 3,Supermarket Type1,1526.6151,3.8,2023-08-16
FDY34,14.442,Low Fat ,0.02441,Breads,OUT049,1999,Medium,Tier 1,Supermarket Type1,6539.1515,4.3,2023-07-17
NCA37,20.692,LF,0.060516,Household,OUT049,1999,Medium,Tier 1,Supermarket Type1,7448.1501,3.9,2022-11-10
FDB28,18.916,LF,0.0,Canned,OUT018,2009,Medium,Tier 3,Supermarket Type2,1698.8313,3.4,2023-10-22
NCH12,9.794,Low Fat,0.055069,Household,OUT046,1997,Small,Tier 1,Supermarket Type1,583.9474,3.4,2022-04-17
FDV40,16.19,low fat,0.046556,Fruits and Vegetables,OUT049,1999,Medium,Tier 1,Supermarket Type1,1927.9136,4.0,2022-07-13
FDU54,20.028,Low Fat,0.095318,Canned,OUT013,1987,High,Tier 3,Supermarket Type1,2870.3984,4.214,2022-01-01
FDG27,11.083,Low Fat ,0.042724,Dairy,OUT045,2002,,Tier 2,Supermarket Type1,2912.6389,3.7,2023-02-09
FDS26,9.766,low fat,0.031003,Snack Foods,OUT017,2007,,Tier 2,Supermarket Type1,1259.1834,4.0,2022-04-12
NCQ26,6.334,LF,0.018164,Household,OUT027,1985,Medium,Tier 3,Supermarket Type3,7556.6663,4.9,2023-12-23
DRN40,,Low Fat,0.103229,Soft Drinks,OUT013,1987,High,Tier 3,Supermarket Type1,1184.4461,4.368,2023-05-26
NCC21,16.1,LF,0.039445,Health and Hygiene,OUT017,2007,,Tier 2,Supermarket Type1,1038.7948,4.1,2022-12-18
FDP20,18.251,Low Fat,0.040107,Fruits and Vegetables,OUT049,1999,Medium,Tier 1,Supermarket Type1,2217.0696,3.9,2022-06-20
FDX52,18.043,Low Fat ,0.061695,Baking Goods,OUT049,1999,Medium,Tier 1,Supermarket Type1,1573.2038,3.5,2022-12-31
FDX43,5.725, Regular,0.042217,Frozen Foods,OUT046,1997,Small,Tier 1,Supermarket Type1,2236.1548,4.704,2023-10-13
DRR17,10.172,Regular,0.049328,Soft Drinks,OUT017,2007,,Tier 2,Supermarket Type1,2265.9043,3.9,2022-04-04
FDE58,7.959,reg,0.0,Dairy,OUT018,2009,Medium,Tier 3,Supermarket Type2,1863.8377,4.914,2023-07-28
FDB15,11.316,reg,0.01288,Snack Foods,OUT010,1998,,Tier 3,Grocery Store,1285.2798,4.2,2022-02-03
FDG57,6.404,LF,0.051436,Snack Foods,OUT045,2002,,Tier 2,Supermarket Type1,1029.9858,4.283,2023-12-06
NCM20,13.713,Low Fat ,0.084948,Health and Hygiene,OUT013,1987,High,Tier 3,Supermarket Type1,4435.165,4.0,2022-01-01
DRC46,14.123, Regular,0.021935,Soft Drinks,OUT018,2009,Medium,Tier 3,Supermarket Type2,1302.6076,3.373,2022-09-15
FDV15,6.154,low fat,0.133825,Snack Foods,OUT017,2007,,Tier 2,Supermarket Type1,2473.642,3.7,2023-02-11
FDA40,7.817,low fat,0.102235,Starchy Foods,OUT045,2002,,Tier 2,Supermarket Type1,2355.3635,4.4,2023-11-29
FDR33,9.247,reg,0.07411,Fruits and Vegetables,OUT046,1997,Small,Tier 1,Supermarket Type1,1848.0561,4.3,2022-09-22
FDH44,,Low Fat,0.036532,Meat,OUT019,1985,Small,Tier 1,Grocery Store,897.4261,3.9,2022-09-23
FDN39,,Low Fat,0.030685,Snack Foods,OUT049,1999,Medium,Tier 1,Supermarket Type1,1243.6296,3.7,2023-11-09
FDW26,9.187,Low Fat ,0.03571,Meat,OUT035,2004,Small,Tier 2,Supermarket Type1,5630.931,4.1,2023-09-07
FDX58,16.851,reg,0.041561,Starchy Foods,OUT046,1997,Small,Tier 1,Supermarket Type1,739.207,3.9,2022-02-28
NCW18,13.063,LF,0.062353,Household,OUT035,2004,Small,Tier 2,Supermarket Type1,1153.2679,3.9,2022-10-29
FDC50,6.641,Low Fat,0.053875,Meat,OUT049,1999,Medium,Tier 1,Supermarket Type1,2219.8062,3.733,2023-05-29
FDY31,15.452,Low Fat,0.053839,Baking Goods,OUT018,2009,Medium,Tier 3,Supermarket Type2,4358.5846,3.982,2023-11-17
FDF59,13.494,Low Fat,0.046032,Snack Foods,OUT045,2002,,Tier 2,Supermarket Type1,305.8112,3.3,2022-06-16
DRY34,9.338,Regular,0.100692,Hard Drinks,OUT027,1985,Medium,Tier 3,Supermarket Type3,3336.7662,3.8,2022-07-04
FDY17,9.351,low fat,0.044687,Dairy,OUT018,2009,Medium,Tier 3,Supermarket Type2,2704.6094,3.9,2023-12-25
FDM42,5.835, Regular,0.045561,Snack Foods,OUT049,1999,Medium,Tier 1,Supermarket Type1,2008.7903,4.0,2023-06-30
NCW18,13.063,LF,0.035275,Household,OUT013,1987,High,Tier 3,Supermarket Type1,9473.5662,3.8,2022-08-24
FDB48,13.849, Regular,0.033071,Breakfast,OUT027,1985,Medium,Tier 3,Supermarket Type3,10394.8108,3.7,2022-12-14
DRG58,, Regular,0.021471,Hard Drinks,OUT049,1999,Medium,Tier 1,Supermarket Type1,2126.25,3.4,2023-05-31
FDH15,12.884,Regular,0.030495,Dairy,OUT019,1985,Small,Tier 1,Grocery Store,1167.6441,3.6,2022-08-31
FDU15,9.842,low fat,0.0,Dairy,OUT027,1985,Medium,Tier 3,Supermarket Type3,4601.9404,4.331,2022-07-20
DRX23,11.754,low fat,0.0294,Soft Drinks,OUT027,1985,Medium,Tier 3,Supermarket Type3,4998.1291,4.6,2022-09-10
NCA15,7.414,LF,0.020669,Health and Hygiene,OUT017,2007,,Tier 2,Supermarket Type1,1251.2564,3.9,2023-01-10
FDU14,12.414,low fat,0.030357,Meat,OUT018,2009,Medium,Tier 3,Supermarket Type2,2981.7753,4.0,2023-12-23
FDP43,7.46,Low Fat ,0.070169,Dairy,OUT017,2007,,Tier 2,Supermarket Type1,4348.7066,4.3,2022-09-12
FDS57,5.261,low fat,0.112899,Baking Goods,OUT017,2007,,Tier 2,Supermarket Type1,1485.2202,4.2,2023-10-01
FDV40,16.19,Low Fat,0.048705,Fruits and Vegetables,OUT017,2007,,Tier 2,Supermarket Type1,1729.6976,4.2,2023-07-22
FDW56,11.352,LF,0.030457,Fruits and Vegetables,OUT018,2009,Medium,Tier 3,Supermarket Type2,3523.0055,4.4,2022-11-17
NCD37,14.013,Low Fat,0.038058,Health and Hygiene,OUT046,1997,Small,Tier 1,Supermarket Type1,3424.8501,3.8,2023-02-07
FDJ39,7.398,LF,0.07194,Snack Foods,OUT046,1997,Small,Tier 1,Supermarket Type1,3288.9423,4.536,2023-07-28
DRH42,15.824,Low Fat,0.063975,Hard Drinks,OUT049,1999,Medium,Tier 1,Supermarket Type1,3686.7451,4.21,2023-12-17
NCB17,17.144,low fat,0.025055,Health and Hygiene,OUT017,2007,,Tier 2,Supermarket Type1,1311.2237,3.8,2022-08-02
NCN33,11.601,LF,0.073503,Health and Hygiene,OUT045,2002,,Tier 2,Supermarket Type1,1491.4643,3.4,2022-01-09
DRS39,19.12,LF,0.051621,Soft Drinks,OUT019,1985,Small,Tier 1,Grocery Store,1610.4957,4.118,2023-09-18
NCG21,12.139,LF,0.191019,Others,OUT046,1997,Small,Tier 1,Supermarket Type1,1256.1092,3.5,2023-10-30
NCG18,10.93,Low Fat,0.08773,Household,OUT013,1987,High,Tier 3,Supermarket Type1,3060.8391,3.979,2023-11-02
FDG41,,LF,0.047608,Starchy Foods,OUT035,2004,Small,Tier 2,Supermarket Type1,905.7572,3.2,2022-01-04
DRJ26,,low fat,0.012143,Hard Drinks,OUT046,1997,Small,Tier 1,Supermarket Type1,1560.6471,3.9,2022-01-18
NCE40,,Low Fat ,0.010735,Others,OUT013,1987,High,Tier 3,Supermarket Type1,1544.288,3.3,2022-11-09
NCK26,14.313,Low Fat,0.110247,Others,OUT035,2004,Small,Tier 2,Supermarket Type1,2672.3016,3.692,2023-09-20
FDA17,8.303,Regular,0.080206,Frozen Foods,OUT010,1998,,Tier 3,Grocery Store,776.1352,3.5,2022-08-04
DRM49,9.865,LF,0.059085,Soft Drinks,OUT045,2002,,Tier 2,Supermarket Type1,1796.8075,3.9,2023-12-05
FDS52,,Low Fat ,0.050984,Baking Goods,OUT013,1987,High,Tier 3,Supermarket Type1,886.3302,3.526,2022-11-22
FDX12,9.05,reg,0.017084,Dairy,OUT046,1997,Small,Tier 1,Supermarket Type1,3377.3077,4.0,2022-11-26
FDW57,4.66,Low Fat ,0.059237,Baking Goods,OUT046,1997,Small,Tier 1,Supermarket Type1,5341.8275,3.684,2023-11-24
FDX22,16.516,LF,0.018196,Frozen Foods,OUT045,2002,,Tier 2,Supermarket Type1,2767.7933,3.9,2023-10-22
FDE40,7.628,Regular,0.012539,Fruits and Vegetables,OUT046,1997,Small,Tier 1,Supermarket Type1,1810.371,3.9,2022-03-23
FDP43,7.46,LF,0.081893,Dairy,OUT049,1999,Medium,Tier 1,Supermarket Type1,4635.3801,4.1,2023-02-21
FDE36,7.87,Low Fat ,0.037027,Canned,OUT017,2007,,Tier 2,Supermarket Type1,3059.8697,3.4,2023-10-23
FDP20,,Low Fat,0.079666,Fruits and Vegetables,OUT018,2009,Medium,Tier 3,Supermarket Type2,2770.2774,4.3,2022-02-13
NCD53,7.873,LF,0.03489,Health and Hygiene,OUT049,1999,Medium,Tier 1,Supermarket Type1,2025.2183,4.1,2023-07-12
FDE55,20.763,Low Fat ,0.021651,Snack Foods,OUT018,2009,Medium,Tier 3,Supermarket Type2,4266.6362,3.6,2023-03-29
FDJ32,,low fat,0.255403,Dairy,OUT045,2002,,Tier 2,Supermarket Type1,3241.7805,4.3,2022-10-19
DRQ36,19.959,reg,0.111013,Soft Drinks,OUT046,1997,Small,Tier 1,Supermarket Type1,794.6828,4.572,2023-12-03
NCY48,15.177,Low Fat,0.079938,Health and Hygiene,OUT046,1997,Small,Tier 1,Supermarket Type1,6022.8939,4.2,2022-03-05
NCQ10,8.997,Low Fat ,0.073142,Others,OUT010,1998,,Tier 3,Grocery Store,993.6375,3.6,2022-09-03
FDV17,21.054,Low Fat,0.035873,Dairy,OUT027,1985,Medium,Tier 3,Supermarket Type3,9979.2855,3.8,2023-07-19
FDA44,21.324,reg,0.094582,Baking Goods,OUT027,1985,Medium,Tier 3,Supermarket Type3,5084.5202,3.987,2023-10-21
FDU41,,low fat,0.033946,Snack Foods,OUT027,1985,Medium,Tier 3,Supermarket Type3,2602.5279,3.8,2022-12-09
FDH49,7.134,Low Fat,0.0,Snack Foods,OUT045,2002,,Tier 2,Supermarket Type1,630.0804,3.9,2022-04-08
FDW11,9.673,LF,0.043775,Fruits and Vegetables,OUT046,1997,Small,Tier 1,Supermarket Type1,995.4278,3.7,2023-02-07
NCH58,5.453,low fat,0.0,Household,OUT035,2004,Small,Tier 2,Supermarket Type1,1577.1125,3.3,2022-03-13
FDE50,5.926,Regular,0.039315,Meat,OUT017,2007,,Tier 2,Supermarket Type1,2022.4392,3.921,2023-12-17
FDQ12,17.974,Low Fat,0.046913,Canned,OUT049,1999,Medium,Tier 1,Supermarket Type1,337.2223,4.2,2023-07-25
FDR25,11.994,Regular,0.051304,Fruits and Vegetables,OUT046,1997,Small,Tier 1,Supermarket Type1,2659.9971,3.787,2022-01-21
FDY47,18.082,LF,0.105951,Frozen Foods,OUT010,1998,,Tier 3,Grocery Store,2867.8052,3.6,2023-02-18
FDS20,,low fat,0.074544,Frozen Foods,OUT013,1987,High,Tier 3,Supermarket Type1,3366.7243,4.3,2022-09-12
FDF12,19.954,LF,0.042325,Baking Goods,OUT027,1985,Medium,Tier 3,Supermarket Type3,2608.7259,3.7,2022-06-16
FDJ53,,LF,0.026587,Dairy,OUT045,2002,,Tier 2,Supermarket Type1,885.9346,4.0,2023-01-16
FDX57,,Low Fat,0.058393,Meat,OUT018,2009,Medium,Tier 3,Supermarket Type2,3500.0256,4.7,2022-04-06
FDJ51,10.605,Regular,0.054116,Meat,OUT018,2009,Medium,Tier 3,Supermarket Type2,652.5265,3.8,2022-04-03
FDC46,20.411,Low Fat ,0.109976,Dairy,OUT018,2009,Medium,Tier 3,Supermarket Type2,11540.0849,3.7,2023-07-31
FDJ15,12.735,LF,0.086854,Baking Goods,OUT049,1999,Medium,Tier 1,Supermarket Type1,1913.1302,4.0,2022-08-24
NCX26,18.035,LF,0.075051,Household,OUT017,2007,,Tier 2,Supermarket Type1,11847.7977,4.3,2023-08-09
FDM18,18.796,low fat,0.013521,Meat,OUT035,2004,Small,Tier 2,Supermarket Type1,1846.6439,4.4,2022-10-19
FDQ15,20.834,LF,0.037013,Snack Foods,OUT013,1987,High,Tier 3,Supermarket Type1,6916.7523,4.0,2023-12-22
FDH58,20.358,Low Fat ,0.052594,Fruits and Vegetables,OUT046,1997,Small,Tier 1,Supermarket Type1,1312.0107,4.2,2022-12-29
DRW51,11.078,LF,0.054953,Hard Drinks,OUT017,2007,,Tier 2,Supermarket Type1,764.0202,4.1,2022-06-26
NCB56,18.334,low fat,0.186879,Health and Hygiene,OUT045,2002,,Tier 2,Supermarket Type1,788.7296,4.196,2022-09-04
DRN40,16.945,LF,0.050832,Soft Drinks,OUT049,1999,Medium,Tier 1,Supermarket Type1,881.7614,4.5,2023-09-22
FDX34,17.631,low fat,0.018428,Fruits and Vegetables,OUT013,1987,High,Tier 3,Supermarket Type1,1229.3744,4.2,2022-01-27
FDF57,19.891,reg,0.0,Fruits and Vegetables,OUT049,1999,Medium,Tier 1,Supermarket Type1,825.4999,4.0,2022-05-11
FDN24,7.613,Low Fat ,0.053388,Baking Goods,OUT017,2007,,Tier 2,Supermarket Type1,6387.7536,3.6,2022-01-22
FDM19,17.468,reg,0.0,Canned,OUT046,1997,Small,Tier 1,Supermarket Type1,1182.4921,3.6,2022-04-05
DRE54,5.134,Low Fat ,0.029568,Hard Drinks,OUT027,1985,Medium,Tier 3,Supermarket Type3,8350.2081,3.5,2022-02-02
FDJ23,5.352,Low Fat ,0.034229,Baking Goods,OUT035,2004,Small,Tier 2,Supermarket Type1,1347.4531,3.5,2023-09-17
NCW55,17.621,Low Fat ,0.066641,Health and Hygiene,OUT035,2004,Small,Tier 2,Supermarket Type1,1208.4347,4.49,2022-12-30
FDF14,9.674,reg,0.041091,Canned,OUT027,1985,Medium,Tier 3,Supermarket Type3,4963.4933,3.8,2022-07-12
FDS38,,Regular,0.07048,Dairy,OUT019,1985,Small,Tier 1,Grocery Store,1710.7106,3.9,2023-03-28
FDS22,10.789,Regular,0.022296,Frozen Foods,OUT027,1985,Medium,Tier 3,Supermarket Type3,4103.776,4.0,2023-07-05
FDA50,17.939,reg,0.01242,Snack Foods,OUT027,1985,Medium,Tier 3,Supermarket Type3,1151.9359,4.0,2022-03-26
FDC15,11.909, Regular,0.017261,Breads,OUT019,1985,Small,Tier 1,Grocery Store,679.874,4.0,2022-04-21
DRP39,14.503, Regular,0.064502,Hard Drinks,OUT045,2002,,Tier 2,Supermarket Type1,2507.2784,4.1,2022-05-03
FDN24,7.613,Low Fat ,0.038341,Baking Goods,OUT046,1997,Small,Tier 1,Supermarket Type1,6693.9599,3.429,2023-10-18
FDU19,,reg,0.03236,Baking Goods,OUT035,2004,Small,Tier 2,Supermarket Type1,3340.6142,3.3,2022-05-13
FDE49,16.699,Low Fat ,0.030517,Fruits and Vegetables,OUT027,1985,Medium,Tier 3,Supermarket Type3,13086.9648,4.509,2022-11-30
NCE59,16.639,Low Fat ,0.075498,Household,OUT013,1987,High,Tier 3,Supermarket Type1,6066.6812,3.9,2023-06-21
DRG20,11.719,reg,0.039418,Soft Drinks,OUT035,2004,Small,Tier 2,Supermarket Type1,1636.0132,3.7,2023-03-23
FDV38,16.939,reg,0.0,Frozen Foods,OUT035,2004,Small,Tier 2,Supermarket Type1,1456.4393,3.7,2022-05-21
NCW51,16.454,low fat,0.0,Household,OUT027,1985,Medium,Tier 3,Supermarket Type3,13086.9648,4.0,2023-04-11
FDM41,, Regular,0.045829,Canned,OUT049,1999,Medium,Tier 1,Supermarket Type1,776.4471,4.1,2022-12-05
DRP27,13.882,LF,0.046909,Hard Drinks,OUT018,2009,Medium,Tier 3,Supermarket Type2,804.8174,3.9,2023-02-28
FDR33,9.247, Regular,0.02154,Fruits and Vegetables,OUT049,1999,Medium,Tier 1,Supermarket Type1,3312.3582,4.0,2022-02-25
FDS42,10.114,LF,0.090001,Baking Goods,OUT046,1997,Small,Tier 1,Supermarket Type1,2185.9728,3.172,2023-03-30
DRE18,10.415,Low Fat,0.034181,Soft Drinks,OUT018,2009,Medium,Tier 3,Supermarket Type2,2848.6216,3.3,2022-08-20
FDW42,4.972,Low Fat,0.082542,Fruits and Vegetables,OUT018,2009,Medium,Tier 3,Supermarket Type2,1253.3209,4.0,2023-11-01
FDB33,6.36, Regular,0.05881,Starchy Foods,OUT049,1999,Medium,Tier 1,Supermarket Type1,4913.597,3.5,2023-12-23
FDA58,12.812,LF,0.079413,Snack Foods,OUT027,1985,Medium,Tier 3,Supermarket Type3,5364.1343,3.4,2022-04-15
FDG53,,LF,0.077677,Seafood,OUT013,1987,High,Tier 3,Supermarket Type1,2260.0824,4.1,2022-07-17
FDP57,5.776, Regular,0.0,Frozen Foods,OUT045,2002,,Tier 2,Supermarket Type1,1469.0637,4.0,2022-06-04
DRA49,16.511,Regular,0.034304,Hard Drinks,OUT017,2007,,Tier 2,Supermarket Type1,3427.6073,3.8,2023-03-18
FDH32,17.419,Regular,0.073902,Baking Goods,OUT013,1987,High,Tier 3,Supermarket Type1,3234.8912,3.5,2023-05-12
FDH41,19.239,Low Fat ,0.045298,Snack Foods,OUT045,2002,,Tier 2,Supermarket Type1,2065.7325,4.569,2023-12-13
NCB13,7.055,low fat,0.0,Household,OUT010,1998,,Tier 3,Grocery Store,3489.9707,4.5,2023-06-22
FDV31,,Regular,0.0274,Breakfast,OUT027,1985,Medium,Tier 3,Supermarket Type3,4714.7736,4.276,2022-01-01
FDM12,12.49,reg,0.105917,Snack Foods,OUT017,2007,,Tier 2,Supermarket Type1,413.0338,4.2,2022-05-14
FDU38,20.856,low fat,0.118616,Fruits and Vegetables,OUT046,1997,Small,Tier 1,Supermarket Type1,3624.7824,3.902,2022-12-16
FDC42,17.19,Regular,0.054996,Canned,OUT035,2004,Small,Tier 2,Supermarket Type1,1546.0565,3.664,2022-01-29
FDY57,6.161,Low Fat ,0.194912,Dairy,OUT046,1997,Small,Tier 1,Supermarket Type1,3838.2366,4.0,2022-01-01
FDR27,,reg,0.070054,Breads,OUT019,1985,Small,Tier 1,Grocery Store,1026.955,4.1,2023-07-31
FDH14,11.919,reg,0.024761,Starchy Foods,OUT045,2002,,Tier 2,Supermarket Type1,3865.5408,4.2,2022-04-07
FDG38,8.202,Low Fat,0.04484,Dairy,OUT013,1987,High,Tier 3,Supermarket Type1,1869.6164,3.8,2022-08-29
FDM25,7.381,Low Fat,0.034228,Fruits and Vegetables,OUT010,1998,,Tier 3,Grocery Store,851.8044,4.2,2022-04-24
FDF34,5.09,Regular,0.042649,Snack Foods,OUT045,2002,,Tier 2,Supermarket Type1,2300.9439,3.7,2022-06-21
DRN50,14.272,reg,0.062434,Soft Drinks,OUT018,2009,Medium,Tier 3,Supermarket Type2,3702.9218,3.9,2023-04-12
FDM27,17.196, Regular,0.058721,Frozen Foods,OUT045,2002,,Tier 2,Supermarket Type1,5098.7876,4.1,2022-05-18
FDA23,10.56,Low Fat,0.029057,Baking Goods,OUT035,2004,Small,Tier 2,Supermarket Type1,2422.7819,3.7,2022-10-04
FDF39,10.917,Low Fat,0.026187,Canned,OUT045,2002,,Tier 2,Supermarket Type1,5479.0212,3.6,2022-12-27
FDH56,7.011,reg,0.029008,Frozen Foods,OUT046,1997,Small,Tier 1,Supermarket Type1,2934.9127,3.5,2022-12-18
FDN18,14.091,Regular,0.015894,Baking Goods,OUT017,2007,,Tier 2,Supermarket Type1,1185.3722,3.4,2023-11-26
FDW49,14.216,reg,0.0,Frozen Foods,OUT017,2007,,Tier 2,Supermarket Type1,2503.6252,4.1,2022-07-04
FDS45,6.211,reg,0.045519,Baking Goods,OUT013,1987,High,Tier 3,Supermarket Type1,3905.0613,3.802,2023-04-29
FDN50,10.536,Low Fat ,0.0,Starchy Foods,OUT027,1985,Medium,Tier 3,Supermarket Type3,4768.8902,4.7,2023-11-20
FDG16,12.066,low fat,0.0,Canned,OUT017,2007,,Tier 2,Supermarket Type1,2173.975,4.5,2022-05-19
FDV55,9.746,LF,0.0,Snack Foods,OUT013,1987,High,Tier 3,Supermarket Type1,4235.4706,3.7,2022-09-04
NCQ31,4.712,Low Fat ,0.046188,Household,OUT045,2002,,Tier 2,Supermarket Type1,1619.1359,4.1,2023-02-12
NCW15,17.547,LF,0.093656,Health and Hygiene,OUT010,1998,,Tier 3,Grocery Store,1133.5699,3.8,2023-11-16
FDQ20,15.514,LF,0.065883,Breads,OUT035,2004,Small,Tier 2,Supermarket Type1,1587.2902,4.2,2022-10-18
FDW29,14.51,reg,0.056818,Dairy,OUT035,2004,Small,Tier 2,Supermarket Type1,5594.3531,4.3,2023-05-29
FDP29,7.078,LF,0.031729,Dairy,OUT046,1997,Small,Tier 1,Supermarket Type1,1816.4766,4.0,2022-12-12
FDW22,11.457,Low Fat ,0.049661,Baking Goods,OUT046,1997,Small,Tier 1,Supermarket Type1,604.3664,4.0,2023-12-06
FDW35,20.905,LF,0.019491,Breakfast,OUT013,1987,High,Tier 3,Supermarket Type1,1647.9055,3.4,2022-05-08
NCD16,14.188,Low Fat ,0.035073,Household,OUT046,1997,Small,Tier 1,Supermarket Type1,1326.6292,4.2,2023-09-21
NCC46,13.016,low fat,0.059332,Household,OUT018,2009,Medium,Tier 3,Supermarket Type2,427.9944,3.8,2023-03-30
NCD50,9.969,low fat,0.022649,Household,OUT046,1997,Small,Tier 1,Supermarket Type1,1539.9846,4.1,2023-11-17
DRR26,17.02,low fat,0.036352,Hard Drinks,OUT019,1985,Small,Tier 1,Grocery Store,1693.9472,3.5,2022-10-29
FDV30,13.378,Low Fat,0.013383,Breads,OUT027,1985,Medium,Tier 3,Supermarket Type3,1825.6678,3.6,2023-11-13
FDR52,5.238,low fat,0.030249,Fruits and Vegetables,OUT019,1985,Small,Tier 1,Grocery Store,864.3679,3.9,2023-04-18
FDJ40,6.935,Regular,0.029417,Fruits and Vegetables,OUT018,2009,Medium,Tier 3,Supermarket Type2,8154.0466,4.7,2023-02-27
FDH26,10.128,low fat,0.040927,Frozen Foods,OUT017,2007,,Tier 2,Supermarket Type1,2675.9978,3.3,2022-01-27
FDD50,5.864,LF,0.053487,Baking Goods,OUT049,1999,Medium,Tier 1,Supermarket Type1,830.0839,3.8,2023-02-01
FDQ24,11.524,Low Fat,0.066847,Baking Goods,OUT027,1985,Medium,Tier 3,Supermarket Type3,7136.5903,4.3,2023-12-03
FDD49,7.08,low fat,0.096236,Baking Goods,OUT019,1985,Small,Tier 1,Grocery Store,398.2587,4.0,2022-01-21
FDC29,,LF,0.051303,Canned,OUT018,2009,Medium,Tier 3,Supermarket Type2,3145.7757,4.4,2022-08-06
DRK30,4.594,Low Fat ,0.124504,Soft Drinks,OUT017,2007,,Tier 2,Supermarket Type1,4566.8129,4.3,2023-06-30
FDR15,7.06,low fat,0.025387,Baking Goods,OUT013,1987,High,Tier 3,Supermarket Type1,1557.6032,3.6,2022-07-25
NCG16,5.034,low fat,0.079587,Others,OUT019,1985,Small,Tier 1,Grocery Store,3432.1066,3.626,2023-08-14
FDA53,11.458,Regular,0.056259,Fruits and Vegetables,OUT046,1997,Small,Tier 1,Supermarket Type1,3098.4258,3.8,2022-12-23
NCD48,14.802,low fat,0.0,Household,OUT049,1999,Medium,Tier 1,Supermarket Type1,3304.4111,3.5,2022-10-06
FDX27,16.83,Low Fat ,0.014013,Breakfast,OUT045,2002,,Tier 2,Supermarket Type1,1955.3862,4.2,2022-08-03
DRE42,10.471, Regular,0.029349,Soft Drinks,OUT045,2002,,Tier 2,Supermarket Type1,1221.114,4.3,2022-02-08
FDW38,13.506,Low Fat,0.023716,Snack Foods,OUT046,1997,Small,Tier 1,Supermarket Type1,1420.442,3.8,2022-04-04
FDA37,12.499,Low Fat,0.023782,Snack Foods,OUT018,2009,Medium,Tier 3,Supermarket Type2,1652.7828,4.0,2023-08-27
FDD53,12.491,Regular,0.065228,Snack Foods,OUT027,1985,Medium,Tier 3,Supermarket Type3,1237.3767,3.8,2023-03-13
FDR47,15.72, Regular,0.059772,Dairy,OUT013,1987,High,Tier 3,Supermarket Type1,2768.3913,4.2,2022-10-08
FDC22,7.88, Regular,0.032595,Dairy,OUT045,2002,,Tier 2,Supermarket Type1,5066.2295,4.181,2022-04-19
FDH58,20.358,LF,0.035238,Fruits and Vegetables,OUT049,1999,Medium,Tier 1,Supermarket Type1,1170.9382,4.0,2023-12-02
FDQ50,,Regular,0.201484,Fruits and Vegetables,OUT013,1987,High,Tier 3,Supermarket Type1,10274.1833,4.6,2023-06-19
FDM53,,low fat,0.0,Meat,OUT018,2009,Medium,Tier 3,Supermarket Type2,1492.3732,4.065,2023-01-27
NCN33,11.601,Low Fat ,0.03742,Health and Hygiene,OUT017,2007,,Tier 2,Supermarket Type1,2262.5172,4.0,2022-04-03
FDR18,19.841,Regular,0.03263,Baking Goods,OUT027,1985,Medium,Tier 3,Supermarket Type3,6026.3892,4.1,2022-06-10
FDV37,17.771,Regular,0.0,Dairy,OUT027,1985,Medium,Tier 3,Supermarket Type3,2201.4394,3.9,2022-04-29
FDJ31,18.471,Low Fat,0.042334,Starchy Foods,OUT027,1985,Medium,Tier 3,Supermarket Type3,3319.2013,4.1,2022-07-25
FDN43,15.12, Regular,0.051888,Baking Goods,OUT019,1985,Small,Tier 1,Grocery Store,1217.1995,3.2,2022-01-07
FDB12,21.066,low fat,0.018877,Starchy Foods,OUT013,1987,High,Tier 3,Supermarket Type1,2983.1426,3.8,2023-06-04
DRQ35,19.721,Low Fat ,0.077734,Soft Drinks,OUT035,2004,Small,Tier 2,Supermarket Type1,2121.1294,3.4,2023-05-24
NCP45,17.098,Low Fat,0.056281,Household,OUT049,1999,Medium,Tier 1,Supermarket Type1,2245.2148,4.5,2023-10-31
NCK48,,low fat,0.088783,Health and Hygiene,OUT027,1985,Medium,Tier 3,Supermarket Type3,3004.9008,4.2,2022-07-08
FDM41,20.307,Regular,0.060834,Canned,OUT017,2007,,Tier 2,Supermarket Type1,2397.9147,4.2,2022-08-30
FDE41,14.773,low fat,0.029979,Frozen Foods,OUT017,2007,,Tier 2,Supermarket Type1,1827.6573,4.2,2022-07-18
NCH28,6.222,Low Fat,0.059836,Health and Hygiene,OUT045,2002,,Tier 2,Supermarket Type1,4216.2301,3.9,2022-09-21
FDC21,13.576,Low Fat ,0.048715,Frozen Foods,OUT049,1999,Medium,Tier 1,Supermarket Type1,1557.6323,3.9,2023-01-13
FDS29,15.994,reg,0.034393,Frozen Foods,OUT045,2002,,Tier 2,Supermarket Type1,2372.7512,3.461,2023-06-21
FDG40,15.029,Regular,0.081686,Snack Foods,OUT017,2007,,Tier 2,Supermarket Type1,2539.7497,4.3,2022-02-18
NCY44,11.451,low fat,0.089777,Health and Hygiene,OUT045,2002,,Tier 2,Supermarket Type1,1862.7974,4.4,2023-09-04
FDN21,4.8,reg,0.068656,Meat,OUT046,1997,Small,Tier 1,Supermarket Type1,2367.3011,3.7,2022-06-09
FDJ22,,reg,0.079504,Meat,OUT013,1987,High,Tier 3,Supermarket Type1,1698.2834,4.4,2022-10-22
FDX26,20.905,reg,0.040035,Snack Foods,OUT027,1985,Medium,Tier 3,Supermarket Type3,4176.1241,4.183,2022-05-05
FDH48,,low fat,0.036611,Canned,OUT010,1998,,Tier 3,Grocery Store,558.5481,4.0,2023-01-21
FDB44,,Low Fat,0.160313,Fruits and Vegetables,OUT046,1997,Small,Tier 1,Supermarket Type1,1072.975,3.6,2022-03-31
DRU18,8.703,Low Fat,0.018176,Soft Drinks,OUT046,1997,Small,Tier 1,Supermarket Type1,1080.5634,3.8,2022-07-14
FDA27,8.785,Low Fat,0.036517,Meat,OUT027,1985,Medium,Tier 3,Supermarket Type3,13086.9648,4.2,2023-03-21
FDV56,7.399, Regular,0.0,Breads,OUT018,2009,Medium,Tier 3,Supermarket Type2,1392.6101,3.478,2023-02-10
FDN35,20.499,Low Fat ,0.061665,Fruits and Vegetables,OUT049,1999,Medium,Tier 1,Supermarket Type1,4226.0276,4.2,2023-03-14
FDH43,6.041, Regular,0.05516,Fruits and Vegetables,OUT027,1985,Medium,Tier 3,Supermarket Type3,13086.9648,4.2,2023-04-07
FDD34,6.968,Regular,0.014233,Baking Goods,OUT017,2007,,Tier 2,Supermarket Type1,1690.248,3.9,2023-01-14
NCR32,9.322,LF,0.047271,Household,OUT049,1999,Medium,Tier 1,Supermarket Type1,2459.2631,3.8,2022-09-22
FDM40,12.304,low fat,0.057017,Snack Foods,OUT035,2004,Small,Tier 2,Supermarket Type1,3753.7769,4.5,2023-09-22
FDP38,12.339,Regular,0.016495,Dairy,OUT027,1985,Medium,Tier 3,Supermarket Type3,3375.0968,4.4,2023-08-04
DRX49,,low fat,0.059444,Hard Drinks,OUT018,2009,Medium,Tier 3,Supermarket Type2,3478.6863,4.1,2022-04-28
FDJ14,16.971,Regular,0.044084,Fruits and Vegetables,OUT045,2002,,Tier 2,Supermarket Type1,1845.3718,4.4,2022-12-25
DRE15,21.106,Regular,0.08755,Soft Drinks,OUT045,2002,,Tier 2,Supermarket Type1,5541.5751,4.0,2023-03-26
NCN32,,low fat,0.035,Others,OUT035,2004,Small,Tier 2,Supermarket Type1,1563.5308,3.1,2023-05-09
NCR53,15.723,Low Fat,0.051341,Health and Hygiene,OUT049,1999,Medium,Tier 1,Supermarket Type1,2718.1649,4.4,2023-10-15
FDJ53,14.353,LF,0.092691,Dairy,OUT027,1985,Medium,Tier 3,Supermarket Type3,1669.8011,3.9,2023-11-03
DRV59,,LF,0.097464,Hard Drinks,OUT035,2004,Small,Tier 2,Supermarket Type1,2577.7802,3.5,2023-01-11
FDU16,, Regular,0.037699,Meat,OUT045,2002,,Tier 2,Supermarket Type1,2655.3171,4.0,2022-08-25
FDV25,19.906,Low Fat ,0.036646,Dairy,OUT018,2009,Medium,Tier 3,Supermarket Type2,3636.1135,4.134,2023-05-15
NCC21,16.1,Low Fat ,0.042458,Health and Hygiene,OUT046,1997,Small,Tier 1,Supermarket Type1,4203.4565,3.8,2022-10-08
FDF59,,LF,0.084967,Snack Foods,OUT013,1987,High,Tier 3,Supermarket Type1,2685.0756,4.3,2023-03-10
FDN51,19.659,low fat,0.092182,Dairy,OUT027,1985,Medium,Tier 3,Supermarket Type3,5000.6239,4.8,2022-03-05
FDV24,13.227,Low Fat ,0.046057,Breakfast,OUT018,2009,Medium,Tier 3,Supermarket Type2,2892.7295,3.7,2022-02-28
NCG16,5.034,low fat,0.061559,Others,OUT049,1999,Medium,Tier 1,Supermarket Type1,2233.5055,3.8,2023-09-27
DRJ36,6.649,low fat,0.088193,Soft Drinks,OUT045,2002,,Tier 2,Supermarket Type1,3051.9957,3.9,2023-08-06
FDK33,19.379,Low Fat,0.036026,Meat,OUT017,2007,,Tier 2,Supermarket Type1,1541.8646,4.4,2023-12-24
NCA15,7.414,Low Fat ,0.023789,Health and Hygiene,OUT045,2002,,Tier 2,Supermarket Type1,1765.6748,3.5,2022-06-02
FDC38,12.14,Low Fat,0.0408,Snack Foods,OUT017,2007,,Tier 2,Supermarket Type1,3130.269,4.7,2022-04-14
FDN58,5.263, Regular,0.0,Canned,OUT027,1985,Medium,Tier 3,Supermarket Type3,2731.1675,3.7,2022-02-08
DRD10,8.09,LF,0.037934,Soft Drinks,OUT013,1987,High,Tier 3,Supermarket Type1,2321.4724,3.7,2022-12-30
FDG22,10.716,LF,0.026692,Canned,OUT018,2009,Medium,Tier 3,Supermarket Type2,1826.6552,4.09,2023-06-01
FDR30,11.886,Low Fat,0.056259,Meat,OUT027,1985,Medium,Tier 3,Supermarket Type3,5149.9839,4.3,2023-05-12
NCP37,17.195,LF,0.0,Household,OUT027,1985,Medium,Tier 3,Supermarket Type3,1978.8222,4.1,2022-04-10
FDM16,9.208,Low Fat,0.017868,Fruits and Vegetables,OUT035,2004,Small,Tier 2,Supermarket Type1,1657.2526,3.78,2022-12-03
FDC41,9.182,Regular,0.058956,Breads,OUT018,2009,Medium,Tier 3,Supermarket Type2,5233.4695,4.6,2022-09-08
FDV49,,reg,0.025844,Breads,OUT013,1987,High,Tier 3,Supermarket Type1,3850.8263,4.0,2022-12-27
FDY16,7.963,LF,0.105423,Frozen Foods,OUT013,1987,High,Tier 3,Supermarket Type1,7645.2949,3.8,2023-03-07
FDA57,9.997,reg,0.080689,Meat,OUT018,2009,Medium,Tier 3,Supermarket Type2,2969.8057,4.3,2022-10-25
NCJ28,9.833,Low Fat,0.045168,Health and Hygiene,OUT019,1985,Small,Tier 1,Grocery Store,952.3663,4.0,2022-11-18
DRK33,,low fat,0.05794,Hard Drinks,OUT018,2009,Medium,Tier 3,Supermarket Type2,3027.2289,3.899,2022-05-17
FDJ48,11.266,Low Fat ,0.139193,Canned,OUT017,2007,,Tier 2,Supermarket Type1,6558.1919,4.4,2023-10-16
FDK41,20.011,LF,0.034334,Fruits and Vegetables,OUT018,2009,Medium,Tier 3,Supermarket Type2,2209.5067,4.1,2023-06-23
FDH43,6.041,Regular,0.02589,Fruits and Vegetables,OUT017,2007,,Tier 2,Supermarket Type1,10586.1848,4.2,2023-10-06
FDY45,18.592,Low Fat,0.070705,Meat,OUT019,1985,Small,Tier 1,Grocery Store,517.2723,4.0,2022-04-16
FDN24,7.613,LF,0.060862,Baking Goods,OUT027,1985,Medium,Tier 3,Supermarket Type3,2742.9546,3.8,2022-11-27
FDY47,18.082,Low Fat ,0.057509,Frozen Foods,OUT049,1999,Medium,Tier 1,Supermarket Type1,862.978,3.8,2022-03-30
FDK29,12.272,Regular,0.02745,Baking Goods,OUT013,1987,High,Tier 3,Supermarket Type1,3119.5046,3.9,2023-11-27
NCC13,11.653,LF,0.0,Health and Hygiene,OUT049,1999,Medium,Tier 1,Supermarket Type1,3344.7954,4.0,2022-02-14
FDS24,7.131,Low Fat ,0.04283,Fruits and Vegetables,OUT017,2007,,Tier 2,Supermarket Type1,2002.3589,4.133,2022-11-03
NCD31,9.601,Low Fat ,0.101303,Household,OUT013,1987,High,Tier 3,Supermarket Type1,1186.501,4.4,2022-05-28
FDK23,13.829,Low Fat,0.0,Meat,OUT017,2007,,Tier 2,Supermarket Type1,2612.0693,4.0,2022-11-05
FDQ57,17.702, Regular,0.175736,Fruits and Vegetables,OUT019,1985,Small,Tier 1,Grocery Store,1061.1328,4.9,2022-04-06
FDB57,7.226,Low Fat ,0.016222,Frozen Foods,OUT018,2009,Medium,Tier 3,Supermarket Type2,2188.0365,3.6,2022-02-25
FDJ28,15.306,reg,0.10198,Canned,OUT027,1985,Medium,Tier 3,Supermarket Type3,2992.9294,4.4,2023-02-15
NCJ23,9.852,Low Fat,0.065875,Health and Hygiene,OUT017,2007,,Tier 2,Supermarket Type1,1168.6849,3.6,2022-01-31
FDX40,20.491,Low Fat,0.067608,Frozen Foods,OUT049,1999,Medium,Tier 1,Supermarket Type1,4943.606,3.8,2023-05-15
FDR12,19.066,reg,0.098172,Snack Foods,OUT049,1999,Medium,Tier 1,Supermarket Type1,2329.5179,3.8,2022-09-17
FDR34,5.333,Low Fat,0.105485,Seafood,OUT018,2009,Medium,Tier 3,Supermarket Type2,3359.7638,5.0,2023-10-25
FDS44,14.082,Regular,0.061253,Canned,OUT013,1987,High,Tier 3,Supermarket Type1,5307.4641,3.7,2022-10-08
FDM35,10.702,Regular,0.052786,Breads,OUT045,2002,,Tier 2,Supermarket Type1,10248.0771,4.134,2022-08-13
FDX14,7.303,low fat,0.078066,Fruits and Vegetables,OUT035,2004,Small,Tier 2,Supermarket Type1,950.9511,4.3,2022-06-21
FDD42,12.364,LF,0.03001,Meat,OUT027,1985,Medium,Tier 3,Supermarket Type3,6281.01,4.0,2023-03-30
FDP33,12.585,LF,0.063285,Fruits and Vegetables,OUT010,1998,,Tier 3,Grocery Store,643.8047,4.49,2022-07-02
FDP13,,LF,0.02442,Baking Goods,OUT027,1985,Medium,Tier 3,Supermarket Type3,7869.2939,3.5,2023-03-03
FDC14,21.321,low fat,0.036555,Frozen Foods,OUT035,2004,Small,Tier 2,Supermarket Type1,2091.0202,3.5,2023-06-27
FDE35,,LF,0.023861,Snack Foods,OUT027,1985,Medium,Tier 3,Supermarket Type3,2125.2964,3.121,2023-01-16
NCW35,18.599,Low Fat,0.076516,Household,OUT027,1985,Medium,Tier 3,Supermarket Type3,7259.0609,4.7,2023-07-08
NCA46,,low fat,0.034532,Health and Hygiene,OUT046,1997,Small,Tier 1,Supermarket Type1,1851.9867,3.7,2023-11-10
FDQ27,14.858,Low Fat ,0.081198,Canned,OUT018,2009,Medium,Tier 3,Supermarket Type2,3306.248,3.7,2022-05-29
FDW26,9.187,LF,0.019136,Meat,OUT018,2009,Medium,Tier 3,Supermarket Type2,4896.7047,4.5,2022-04-20
FDP42,10.581,low fat,0.015987,Canned,OUT013,1987,High,Tier 3,Supermarket Type1,1854.0157,3.6,2023-10-13
FDQ35,5.542,reg,0.044851,Snack Foods,OUT049,1999,Medium,Tier 1,Supermarket Type1,1853.4416,4.1,2022-03-17
FDR36,,LF,0.034206,Baking Goods,OUT045,2002,,Tier 2,Supermarket Type1,2031.591,3.6,2022-11-09
FDK21,21.068,Regular,0.102849,Snack Foods,OUT035,2004,Small,Tier 2,Supermarket Type1,1215.2125,3.8,2022-06-01
FDD43,9.959, Regular,0.052522,Canned,OUT018,2009,Medium,Tier 3,Supermarket Type2,1349.5051,4.0,2022-10-08
FDP11,13.849,Regular,0.12156,Baking Goods,OUT013,1987,High,Tier 3,Supermarket Type1,8051.8949,3.822,2022-04-03
FDW58,15.151,Low Fat,0.098056,Baking Goods,OUT018,2009,Medium,Tier 3,Supermarket Type2,3369.9393,4.3,2022-06-29
FDB30,5.332,Low Fat,0.047504,Fruits and Vegetables,OUT035,2004,Small,Tier 2,Supermarket Type1,3316.4357,3.8,2022-12-12
NCC36,5.609,Low Fat,0.082852,Household,OUT018,2009,Medium,Tier 3,Supermarket Type2,1690.5779,3.8,2023-05-07
DRM21,,low fat,0.027862,Hard Drinks,OUT017,2007,,Tier 2,Supermarket Type1,1276.4242,3.893,2022-01-24
NCK59,14.584,low fat,0.054231,Health and Hygiene,OUT049,1999,Medium,Tier 1,Supermarket Type1,10821.2186,4.5,2022-10-26
FDH31,,Regular,0.03044,Snack Foods,OUT010,1998,,Tier 3,Grocery Store,1295.4213,3.9,2022-06-03
NCN44,15.433,Low Fat ,0.093491,Health and Hygiene,OUT035,2004,Small,Tier 2,Supermarket Type1,1377.8762,3.8,2022-06-02
NCG56,5.476,LF,0.091831,Health and Hygiene,OUT019,1985,Small,Tier 1,Grocery Store,710.6591,4.0,2023-02-02
FDV49,6.201, Regular,0.049097,Breads,OUT046,1997,Small,Tier 1,Supermarket Type1,808.9466,3.6,2022-08-28
FDE24,12.488,Low Fat ,0.09673,Snack Foods,OUT045,2002,,Tier 2,Supermarket Type1,1228.9942,4.4,2022-01-12
FDN45,12.636,Low Fat,0.013017,Canned,OUT013,1987,High,Tier 3,Supermarket Type1,8298.0954,3.6,2023-10-21
FDR39,20.556,Low Fat,0.02135,Meat,OUT027,1985,Medium,Tier 3,Supermarket Type3,7194.9464,4.2,2022-09-23
FDA19,14.808, Regular,0.060195,Frozen Foods,OUT019,1985,Small,Tier 1,Grocery Store,1614.5798,4.1,2023-09-21
NCN35,16.393,Low Fat,0.018834,Household,OUT049,1999,Medium,Tier 1,Supermarket Type1,5257.358,3.9,2022-03-10
FDE55,20.763,LF,0.046303,Snack Foods,OUT010,1998,,Tier 3,Grocery Store,2270.8787,4.5,2023-04-12
FDU55,20.9,low fat,0.03161,Baking Goods,OUT035,2004,Small,Tier 2,Supermarket Type1,1988.5925,4.1,2022-12-07
FDG22,10.716,low fat,0.153018,Canned,OUT045,2002,,Tier 2,Supermarket Type1,509.5207,3.6,2023-07-16
FDR35,19.752,reg,0.062448,Fruits and Vegetables,OUT046,1997,Small,Tier 1,Supermarket Type1,1180.3016,4.2,2022-08-31
FDF16,19.706,LF,0.030902,Fruits and Vegetables,OUT013,1987,High,Tier 3,Supermarket Type1,6708.4865,4.4,2023-02-02
FDA31,5.689,reg,0.031677,Dairy,OUT045,2002,,Tier 2,Supermarket Type1,1327.0433,4.0,2023-08-06
FDJ41,4.834,LF,0.063208,Snack Foods,OUT018,2009,Medium,Tier 3,Supermarket Type2,4256.2212,4.0,2023-03-11
FDP50,9.977,reg,0.038536,Baking Goods,OUT018,2009,Medium,Tier 3,Supermarket Type2,3787.9316,4.0,2023-08-10
DRQ18,9.666,Low Fat ,0.05386,Soft Drinks,OUT019,1985,Small,Tier 1,Grocery Store,109.2016,4.1,2023-07-30
FDR56,20.984,Low Fat,0.025816,Frozen Foods,OUT013,1987,High,Tier 3,Supermarket Type1,3805.9105,3.7,2023-08-30
DRP27,13.882,Low Fat,0.02657,Hard Drinks,OUT019,1985,Small,Tier 1,Grocery Store,1702.8287,3.5,2023-02-27
FDM21,,Low Fat ,0.015436,Dairy,OUT013,1987,High,Tier 3,Supermarket Type1,1451.1988,3.8,2022-07-17
FDD31,,low fat,0.028799,Snack Foods,OUT019,1985,Small,Tier 1,Grocery Store,1235.6417,4.7,2022-09-15
FDW11,9.673,low fat,0.157795,Fruits and Vegetables,OUT017,2007,,Tier 2,Supermarket Type1,2599.8131,4.1,2023-11-24
FDU48,18.087,Low Fat,0.022662,Snack Foods,OUT027,1985,Medium,Tier 3,Supermarket Type3,3530.529,4.7,2023-06-12
NCQ19,19.026,low fat,0.025961,Health and Hygiene,OUT035,2004,Small,Tier 2,Supermarket Type1,3075.0029,3.767,2023-10-05
FDC56,12.792,Regular,0.08011,Canned,OUT045,2002,,Tier 2,Supermarket Type1,5164.9394,4.7,2023-02-20
NCB55,12.516,Low Fat ,0.041749,Health and Hygiene,OUT046,1997,Small,Tier 1,Supermarket Type1,2088.2357,4.3,2022-03-31
FDF10,,LF,0.0,Breakfast,OUT018,2009,Medium,Tier 3,Supermarket Type2,5177.3549,3.9,2023-07-25
FDK55,20.937,Low Fat,0.019335,Starchy Foods,OUT018,2009,Medium,Tier 3,Supermarket Type2,4413.6301,3.8,2022-04-26
FDA43,18.354,low fat,0.005919,Snack Foods,OUT046,1997,Small,Tier 1,Supermarket Type1,989.3875,3.986,2023-04-26
NCV15,7.34,Low Fat ,0.027292,Household,OUT017,2007,,Tier 2,Supermarket Type1,2685.6215,4.4,2022-07-19
FDV32,16.442,Regular,0.021306,Meat,OUT018,2009,Medium,Tier 3,Supermarket Type2,2218.7351,4.3,2022-12-18
FDS33,13.86,Low Fat ,0.073307,Snack Foods,OUT027,1985,Medium,Tier 3,Supermarket Type3,3158.785,4.1,2022-03-28
FDH18,15.853,LF,0.031534,Dairy,OUT049,1999,Medium,Tier 1,Supermarket Type1,1184.6366,3.5,2022-09-29
FDD54,16.63,reg,0.060378,Snack Foods,OUT035,2004,Small,Tier 2,Supermarket Type1,1470.6182,3.3,2023-06-13
FDX25,10.301,LF,0.05707,Snack Foods,OUT013,1987,High,Tier 3,Supermarket Type1,1952.9217,4.5,2022-07-14
FDC46,20.411,Low Fat,0.023527,Dairy,OUT027,1985,Medium,Tier 3,Supermarket Type3,13086.9648,4.3,2023-10-13
FDD32,19.457,reg,0.033449,Snack Foods,OUT027,1985,Medium,Tier 3,Supermarket Type3,3990.8778,3.2,2023-04-22
FDH35,14.462,LF,0.049994,Dairy,OUT013,1987,High,Tier 3,Supermarket Type1,6842.0381,4.121,2023-10-01
FDD12,7.357, Regular,0.034667,Snack Foods,OUT046,1997,Small,Tier 1,Supermarket Type1,2667.5408,4.3,2022-10-17
FDD26,10.162,Low Fat,0.079021,Snack Foods,OUT046,1997,Small,Tier 1,Supermarket Type1,3200.5705,4.4,2023-02-02
FDP26,7.446,LF,0.028744,Snack Foods,OUT013,1987,High,Tier 3,Supermarket Type1,5014.5635,3.8,2023-12-26
NCN44,,low fat,0.05124,Health and Hygiene,OUT045,2002,,Tier 2,Supermarket Type1,1482.4392,4.2,2023-04-28
FDR34,5.333,low fat,0.061017,Seafood,OUT049,1999,Medium,Tier 1,Supermarket Type1,2541.8672,4.7,2022-09-15
NCM51,5.408,low fat,0.02784,Household,OUT019,1985,Small,Tier 1,Grocery Store,915.8837,4.227,2023-09-08
DRJ46,15.739,low fat,0.0,Soft Drinks,OUT035,2004,Small,Tier 2,Supermarket Type1,1144.225,4.6,2022-03-15
NCU32,13.257,low fat,0.138825,Health and Hygiene,OUT049,1999,Medium,Tier 1,Supermarket Type1,4646.1485,4.525,2023-02-02
FDR14,18.82,LF,0.037882,Snack Foods,OUT045,2002,,Tier 2,Supermarket Type1,4758.2951,3.8,2022-04-25
FDH40,20.29,Regular,0.067642,Snack Foods,OUT017,2007,,Tier 2,Supermarket Type1,4841.3073,3.5,2023-10-10
DRP46,12.076,Low Fat,0.012629,Soft Drinks,OUT049,1999,Medium,Tier 1,Supermarket Type1,2866.0777,4.498,2022-05-13
NCF26,16.877,Low Fat,0.10346,Household,OUT027,1985,Medium,Tier 3,Supermarket Type3,8135.9319,3.6,2023-02-28
FDK54,20.174,Low Fat ,0.042856,Fruits and Vegetables,OUT018,2009,Medium,Tier 3,Supermarket Type2,8707.8761,4.2,2022-03-13
FDG25,17.385,LF,0.062624,Fruits and Vegetables,OUT049,1999,Medium,Tier 1,Supermarket Type1,1357.7035,4.2,2023-02-28
FDD14,19.564,low fat,0.01021,Dairy,OUT046,1997,Small,Tier 1,Supermarket Type1,2405.0478,4.6,2022-06-07
FDP48,6.336,LF,0.028776,Baking Goods,OUT017,2007,,Tier 2,Supermarket Type1,1482.4904,4.0,2022-01-22
FDA40,7.817,LF,0.035856,Starchy Foods,OUT017,2007,,Tier 2,Supermarket Type1,4277.7891,4.3,2022-04-14
FDF34,5.09,Regular,0.050573,Snack Foods,OUT049,1999,Medium,Tier 1,Supermarket Type1,7659.7993,3.6,2022-04-12
FDV28,,LF,0.067237,Breads,OUT017,2007,,Tier 2,Supermarket Type1,2280.9133,3.199,2022-01-09
FDD22,,Low Fat ,0.046252,Breads,OUT018,2009,Medium,Tier 3,Supermarket Type2,6258.2953,4.1,2022-02-02
FDC17,,LF,0.078312,Starchy Foods,OUT027,1985,Medium,Tier 3,Supermarket Type3,3610.7076,3.7,2022-12-17
NCB45,19.925,Low Fat ,0.102717,Household,OUT027,1985,Medium,Tier 3,Supermarket Type3,3466.969,4.106,2023-08-27
FDP24,5.638,Low Fat ,0.064992,Starchy Foods,OUT027,1985,Medium,Tier 3,Supermarket Type3,5894.0717,3.6,2023-03-30
FDP21,,LF,0.025373,Canned,OUT017,2007,,Tier 2,Supermarket Type1,904.7662,3.8,2022-08-11
FDD25,,LF,0.020757,Fruits and Vegetables,OUT049,1999,Medium,Tier 1,Supermarket Type1,3166.6885,4.0,2023-11-13
FDP34,12.561,Low Fat ,0.063094,Snack Foods,OUT049,1999,Medium,Tier 1,Supermarket Type1,969.4248,4.3,2022-01-30
FDR21,4.843,LF,0.050663,Meat,OUT035,2004,Small,Tier 2,Supermarket Type1,4750.2781,4.5,2023-05-25
FDM29,,low fat,0.056399,Frozen Foods,OUT027,1985,Medium,Tier 3,Supermarket Type3,2172.4717,3.8,2022-12-23
FDV56,7.399,reg,0.074399,Breads,OUT035,2004,Small,Tier 2,Supermarket Type1,3569.0168,3.3,2022-09-06
FDF55,,Regular,0.103023,Dairy,OUT017,2007,,Tier 2,Supermarket Type1,1001.8381,4.1,2022-08-07
DRF33,,low fat,0.02093,Soft Drinks,OUT045,2002,,Tier 2,Supermarket Type1,4640.8959,4.1,2022-08-27
FDM56,15.795,Regular,0.044395,Frozen Foods,OUT027,1985,Medium,Tier 3,Supermarket Type3,12389.5116,4.1,2022-11-15
DRC26,13.648,Regular,0.054012,Soft Drinks,OUT027,1985,Medium,Tier 3,Supermarket Type3,5387.6992,4.0,2023-06-05
NCU10,18.955,low fat,0.052735,Household,OUT017,2007,,Tier 2,Supermarket Type1,2192.5669,3.821,2023-02-23
FDH15,12.884,Regular,0.062264,Dairy,OUT049,1999,Medium,Tier 1,Supermarket Type1,3627.5462,4.0,2022-02-25
FDA59,10.043,Low Fat,0.108646,Fruits and Vegetables,OUT046,1997,Small,Tier 1,Supermarket Type1,6435.8467,4.593,2023-05-15
FDV43,16.461,Low Fat ,0.0,Snack Foods,OUT018,2009,Medium,Tier 3,Supermarket Type2,2955.5038,4.0,2023-10-06
FDQ44,7.873,Low Fat ,0.042079,Dairy,OUT049,1999,Medium,Tier 1,Supermarket Type1,3313.4536,4.0,2023-10-01
NCV48,20.108,Low Fat,0.039234,Health and Hygiene,OUT049,1999,Medium,Tier 1,Supermarket Type1,5622.2426,4.2,2023-12-17
FDR10,20.918,Low Fat,0.068192,Baking Goods,OUT046,1997,Small,Tier 1,Supermarket Type1,2445.1401,3.6,2022-10-08
NCR39,11.124,Low Fat,0.046787,Household,OUT018,2009,Medium,Tier 3,Supermarket Type2,3204.0924,4.6,2022-07-19
DRJ59,16.267,Regular,0.041993,Soft Drinks,OUT027,1985,Medium,Tier 3,Supermarket Type3,2937.0134,4.0,2022-05-05
NCP45,17.098,Low Fat ,0.033493,Household,OUT018,2009,Medium,Tier 3,Supermarket Type2,2027.0503,4.3,2023-02-06
FDK57,8.216,Regular,0.026963,Snack Foods,OUT049,1999,Medium,Tier 1,Supermarket Type1,3130.2153,3.8,2023-06-02
FDP30,,reg,0.129939,Canned,OUT045,2002,,Tier 2,Supermarket Type1,4273.5291,3.7,2022-05-27
FDE31,,LF,0.05195,Meat,OUT049,1999,Medium,Tier 1,Supermarket Type1,3679.7419,4.1,2023-01-16
FDC42,17.19, Regular,0.087393,Canned,OUT027,1985,Medium,Tier 3,Supermarket Type3,4112.2845,4.2,2023-01-30
FDC49,13.853,reg,0.028952,Meat,OUT010,1998,,Tier 3,Grocery Store,7007.1185,4.079,2022-12-29
FDD43,9.959,Regular,0.021231,Canned,OUT019,1985,Small,Tier 1,Grocery Store,583.8505,3.1,2023-11-21
FDU26,10.34,LF,0.055417,Dairy,OUT049,1999,Medium,Tier 1,Supermarket Type1,1641.6651,3.4,2023-09-27
FDA23,10.56,Low Fat ,0.094496,Baking Goods,OUT046,1997,Small,Tier 1,Supermarket Type1,5183.713,3.9,2022-06-14
NCK13,20.327,Low Fat ,0.083564,Health and Hygiene,OUT045,2002,,Tier 2,Supermarket Type1,9280.7915,3.7,2022-10-13
NCG52,17.459,low fat,0.049172,Household,OUT019,1985,Small,Tier 1,Grocery Store,3827.414,4.0,2023-03-15
FDC40,19.564,reg,0.025619,Dairy,OUT017,2007,,Tier 2,Supermarket Type1,4088.7139,4.2,2022-01-19
NCH50,12.83,low fat,0.0,Household,OUT035,2004,Small,Tier 2,Supermarket Type1,3283.422,3.825,2023-10-15
NCF14,7.281,Low Fat,0.0,Household,OUT027,1985,Medium,Tier 3,Supermarket Type3,4948.5076,4.2,2022-02-10
FDV48,7.014,LF,0.0,Fruits and Vegetables,OUT018,2009,Medium,Tier 3,Supermarket Type2,2622.9903,4.2,2023-11-21
FDB17,13.974,low fat,0.028973,Baking Goods,OUT049,1999,Medium,Tier 1,Supermarket Type1,1992.5593,3.6,2022-04-21
FDC23,9.823,Low Fat,0.196571,Canned,OUT027,1985,Medium,Tier 3,Supermarket Type3,8651.4158,4.07,2023-05-22
FDV41,10.991,low fat,0.018749,Snack Foods,OUT035,2004,Small,Tier 2,Supermarket Type1,2220.1597,4.8,2023-07-28
NCP21,,Low Fat,0.083644,Health and Hygiene,OUT017,2007,,Tier 2,Supermarket Type1,2531.9784,3.914,2022-03-03
NCK13,,Low Fat,0.143467,Health and Hygiene,OUT046,1997,Small,Tier 1,Supermarket Type1,3885.7221,4.1,2023-06-19
FDN42,7.836,LF,0.039971,Snack Foods,OUT045,2002,,Tier 2,Supermarket Type1,3497.9163,4.1,2023-07-20
FDA28,15.501,Low Fat ,0.013658,Dairy,OUT018,2009,Medium,Tier 3,Supermarket Type2,1604.5419,4.2,2022-06-01
FDG38,8.202,low fat,0.0,Dairy,OUT019,1985,Small,Tier 1,Grocery Store,610.8166,4.1,2022-10-25
FDQ13,17.802,Low Fat ,0.085819,Fruits and Vegetables,OUT018,2009,Medium,Tier 3,Supermarket Type2,1354.4166,4.2,2022-08-29
FDS38,7.113,reg,0.031241,Dairy,OUT027,1985,Medium,Tier 3,Supermarket Type3,2574.014,3.8,2022-12-01
DRE51,,low fat,0.069688,Soft Drinks,OUT018,2009,Medium,Tier 3,Supermarket Type2,2211.4682,4.1,2022-02-21
NCW42,11.261,Low Fat,0.067652,Health and Hygiene,OUT027,1985,Medium,Tier 3,Supermarket Type3,2186.6765,4.3,2023-06-04
FDD54,,reg,0.048302,Snack Foods,OUT027,1985,Medium,Tier 3,Supermarket Type3,5024.724,4.4,2022-11-10
DRS53,14.269, Regular,0.044155,Soft Drinks,OUT013,1987,High,Tier 3,Supermarket Type1,8632.0801,3.9,2023-12-09
FDH49,7.134,Low Fat ,0.053886,Snack Foods,OUT035,2004,Small,Tier 2,Supermarket Type1,2384.3488,3.4,2022-02-21
NCR51,,Low Fat ,0.060076,Health and Hygiene,OUT049,1999,Medium,Tier 1,Supermarket Type1,2085.4209,4.3,2023-05-27
FDP25,20.416,Low Fat,0.025612,Snack Foods,OUT035,2004,Small,Tier 2,Supermarket Type1,7550.918,4.4,2022-10-23
NCS34,,LF,0.0,Health and Hygiene,OUT013,1987,High,Tier 3,Supermarket Type1,1833.1119,3.9,2023-07-09
FDP58,,Low Fat,0.055356,Fruits and Vegetables,OUT019,1985,Small,Tier 1,Grocery Store,1583.5935,3.8,2023-02-06
NCJ23,9.852,LF,0.042048,Health and Hygiene,OUT049,1999,Medium,Tier 1,Supermarket Type1,2673.4137,4.321,2022-07-05
FDM56,15.795,Regular,0.024115,Frozen Foods,OUT049,1999,Medium,Tier 1,Supermarket Type1,791.3866,4.218,2022-06-04
FDA46,11.742, Regular,0.165205,Dairy,OUT018,2009,Medium,Tier 3,Supermarket Type2,2477.4783,4.2,2022-09-12
DRJ26,,low fat,0.052921,Hard Drinks,OUT017,2007,,Tier 2,Supermarket Type1,1221.3328,3.5,2023-04-17
FDX11,20.914,low fat,0.042659,Starchy Foods,OUT019,1985,Small,Tier 1,Grocery Store,1136.2507,4.807,2022-04-12
NCV48,20.108,Low Fat,0.061858,Health and Hygiene,OUT010,1998,,Tier 3,Grocery Store,854.3525,3.536,2023-02-07
FDF26,8.315,Low Fat ,0.050374,Fruits and Vegetables,OUT017,2007,,Tier 2,Supermarket Type1,3854.001,3.8,2023-07-23
FDJ23,5.352,Low Fat,0.050945,Baking Goods,OUT013,1987,High,Tier 3,Supermarket Type1,1919.2691,3.033,2022-11-09
FDP13,9.114,low fat,0.044539,Baking Goods,OUT018,2009,Medium,Tier 3,Supermarket Type2,2229.9015,3.5,2022-02-03
FDR19,9.203,Low Fat ,0.017132,Fruits and Vegetables,OUT046,1997,Small,Tier 1,Supermarket Type1,1335.5709,4.2,2023-02-23
NCE23,,LF,0.044592,Household,OUT049,1999,Medium,Tier 1,Supermarket Type1,3447.4197,4.1,2023-09-11
NCE16,5.286,Low Fat,0.053025,Health and Hygiene,OUT013,1987,High,Tier 3,Supermarket Type1,3311.2755,4.2,2022-10-13
DRB20,,Regular,0.073296,Hard Drinks,OUT049,1999,Medium,Tier 1,Supermarket Type1,1478.8655,4.0,2023-08-28
FDC32,17.342,low fat,0.032421,Breakfast,OUT013,1987,High,Tier 3,Supermarket Type1,2175.2009,3.9,2023-09-09
FDF35,,low fat,0.035218,Canned,OUT013,1987,High,Tier 3,Supermarket Type1,6965.9469,3.8,2022-12-28
NCA49,12.998,Low Fat,0.135589,Household,OUT049,1999,Medium,Tier 1,Supermarket Type1,3365.643,3.8,2022-04-25
FDC35,16.165,Low Fat,0.046417,Snack Foods,OUT049,1999,Medium,Tier 1,Supermarket Type1,1875.7235,4.302,2022-04-02
FDB23,20.641,Low Fat,0.017081,Fruits and Vegetables,OUT027,1985,Medium,Tier 3,Supermarket Type3,4780.7192,3.9,2023-01-12
FDV57,20.993,Low Fat,0.034066,Dairy,OUT046,1997,Small,Tier 1,Supermarket Type1,737.1646,3.8,2022-04-16
FDS31,18.017,low fat,0.078459,Starchy Foods,OUT010,1998,,Tier 3,Grocery Store,3154.7591,4.5,2023-07-15
FDX50,13.256,Low Fat ,0.022012,Fruits and Vegetables,OUT027,1985,Medium,Tier 3,Supermarket Type3,3855.8875,4.1,2022-09-08
FDU56,18.417,LF,0.082526,Snack Foods,OUT035,2004,Small,Tier 2,Supermarket Type1,947.798,3.8,2023-11-12
FDG44,7.943,Low Fat ,0.034616,Frozen Foods,OUT013,1987,High,Tier 3,Supermarket Type1,3030.7261,4.9,2022-03-15
NCC22,8.567,low fat,0.094257,Health and Hygiene,OUT013,1987,High,Tier 3,Supermarket Type1,1627.3633,3.4,2023-05-16
FDN11,17.81,reg,0.163289,Baking Goods,OUT045,2002,,Tier 2,Supermarket Type1,2217.0319,3.579,2022-01-14
FDM14,7.793,low fat,0.05474,Fruits and Vegetables,OUT049,1999,Medium,Tier 1,Supermarket Type1,1473.7078,3.6,2023-12-25
FDG34,,Low Fat ,0.078147,Snack Foods,OUT013,1987,High,Tier 3,Supermarket Type1,6221.9077,3.775,2023-06-28
FDK57,8.216,reg,0.140935,Snack Foods,OUT045,2002,,Tier 2,Supermarket Type1,2994.125,3.8,2022-08-02
FDN54,16.623,Regular,0.012711,Meat,OUT017,2007,,Tier 2,Supermarket Type1,2201.1267,4.5,2023-12-06
NCF48,16.253,low fat,0.058095,Household,OUT049,1999,Medium,Tier 1,Supermarket Type1,786.2815,3.9,2023-08-03
FDC47,,Regular,0.0,Fruits and Vegetables,OUT017,2007,,Tier 2,Supermarket Type1,266.5131,4.2,2023-06-06
FDD50,5.864,Low Fat ,0.068875,Baking Goods,OUT017,2007,,Tier 2,Supermarket Type1,1358.2901,3.7,2022-06-16
FDJ34,18.813,Low Fat ,0.085396,Canned,OUT045,2002,,Tier 2,Supermarket Type1,1569.2543,4.2,2023-02-25
FDY40,15.591,Low Fat ,0.022433,Snack Foods,OUT010,1998,,Tier 3,Grocery Store,818.8141,4.0,2022-01-19
FDD30,12.386,Regular,0.074985,Fruits and Vegetables,OUT019,1985,Small,Tier 1,Grocery Store,1055.4766,4.0,2023-05-19
FDJ33,,low fat,0.169041,Canned,OUT018,2009,Medium,Tier 3,Supermarket Type2,653.5951,3.7,2022-10-02
FDJ33,,Low Fat ,0.025941,Canned,OUT035,2004,Small,Tier 2,Supermarket Type1,2963.9968,3.9,2023-12-31
FDV31,,Regular,0.048329,Breakfast,OUT017,2007,,Tier 2,Supermarket Type1,1863.6103,3.4,2023-08-19
FDV51,19.36, Regular,0.069598,Fruits and Vegetables,OUT010,1998,,Tier 3,Grocery Store,1242.3289,4.2,2022-04-18
DRG39,11.128, Regular,0.0,Hard Drinks,OUT045,2002,,Tier 2,Supermarket Type1,2981.6098,4.4,2022-01-03
FDB44,9.709,Low Fat ,0.141211,Fruits and Vegetables,OUT035,2004,Small,Tier 2,Supermarket Type1,2787.1748,4.225,2022-03-09
FDM57,,Low Fat,0.046358,Baking Goods,OUT046,1997,Small,Tier 1,Supermarket Type1,1866.8611,4.1,2022-01-05
FDH24,, Regular,0.053989,Baking Goods,OUT046,1997,Small,Tier 1,Supermarket Type1,809.3585,3.8,2023-12-17
FDN35,20.499,LF,0.106695,Fruits and Vegetables,OUT046,1997,Small,Tier 1,Supermarket Type1,4060.4503,3.8,2023-10-28
FDM13,12.125,LF,0.007868,Fruits and Vegetables,OUT035,2004,Small,Tier 2,Supermarket Type1,1119.5538,3.916,2022-01-28
FDF22,6.651,reg,0.094619,Snack Foods,OUT049,1999,Medium,Tier 1,Supermarket Type1,2332.9373,4.077,2022-02-19
FDF16,19.706,LF,0.022052,Fruits and Vegetables,OUT045,2002,,Tier 2,Supermarket Type1,2266.2367,3.6,2023-06-23
NCX23,5.977,LF,0.117099,Household,OUT010,1998,,Tier 3,Grocery Store,204.0472,3.1,2022-12-25
DRW37,9.154,low fat,0.039762,Soft Drinks,OUT035,2004,Small,Tier 2,Supermarket Type1,639.3361,4.239,2022-02-27
FDV54,19.812,Low Fat ,0.036668,Canned,OUT017,2007,,Tier 2,Supermarket Type1,1159.4744,4.1,2023-09-26
NCD54,8.593,LF,0.024245,Household,OUT010,1998,,Tier 3,Grocery Store,1498.1174,4.4,2022-04-10
FDJ23,5.352,Low Fat,0.035492,Baking Goods,OUT046,1997,Small,Tier 1,Supermarket Type1,2874.8251,3.8,2023-03-19
FDV38,,Regular,0.05841,Frozen Foods,OUT017,2007,,Tier 2,Supermarket Type1,1135.8999,3.9,2023-04-14
FDA34,12.908,Low Fat ,0.0,Canned,OUT035,2004,Small,Tier 2,Supermarket Type1,2167.1687,3.8,2022-02-04
FDD56,18.15, Regular,0.030973,Frozen Foods,OUT027,1985,Medium,Tier 3,Supermarket Type3,2871.747,4.0,2022-01-05
FDY59,18.93,reg,0.033248,Frozen Foods,OUT046,1997,Small,Tier 1,Supermarket Type1,1941.3167,4.3,2022-04-20
FDY22,17.995,LF,0.019656,Frozen Foods,OUT018,2009,Medium,Tier 3,Supermarket Type2,4343.6577,4.2,2022-12-06
NCH44,,LF,0.055268,Others,OUT035,2004,Small,Tier 2,Supermarket Type1,1128.3453,3.7,2022-12-13
FDN26,13.151,Low Fat,0.176698,Fruits and Vegetables,OUT046,1997,Small,Tier 1,Supermarket Type1,5308.1785,4.6,2023-05-22
FDC41,9.182,Regular,0.075029,Breads,OUT027,1985,Medium,Tier 3,Supermarket Type3,13086.9648,4.3,2023-11-28
FDM49,11.914,LF,0.017739,Fruits and Vegetables,OUT035,2004,Small,Tier 2,Supermarket Type1,1459.75,3.7,2022-07-26
FDM36,19.44,low fat,0.029544,Fruits and Vegetables,OUT045,2002,,Tier 2,Supermarket Type1,1300.6359,3.8,2023-08-03
NCJ38,9.025,Low Fat,0.017873,Household,OUT017,2007,,Tier 2,Supermarket Type1,4888.2654,3.4,2022-01-01
FDR40,9.815,Regular,0.039592,Fruits and Vegetables,OUT049,1999,Medium,Tier 1,Supermarket Type1,2027.6784,3.723,2022-08-01
FDX55,,reg,0.116948,Snack Foods,OUT046,1997,Small,Tier 1,Supermarket Type1,1447.9985,4.2,2022-02-12
FDB58,17.531,Low Fat,0.071524,Frozen Foods,OUT018,2009,Medium,Tier 3,Supermarket Type2,2733.2547,3.6,2023-03-12
NCA31,11.841,low fat,0.075148,Household,OUT045,2002,,Tier 2,Supermarket Type1,4599.4019,3.7,2022-05-17
DRM59,6.384,low fat,0.04411,Soft Drinks,OUT013,1987,High,Tier 3,Supermarket Type1,3666.2747,3.618,2022-11-13
FDH31,19.968,Regular,0.050787,Snack Foods,OUT035,2004,Small,Tier 2,Supermarket Type1,2773.0974,4.3,2022-01-09
DRN50,14.272,reg,0.168422,Soft Drinks,OUT017,2007,,Tier 2,Supermarket Type1,2360.1692,3.9,2023-10-22
FDU12,19.02,reg,0.084108,Canned,OUT018,2009,Medium,Tier 3,Supermarket Type2,2336.6438,4.3,2023-07-03
FDM46,18.768,LF,0.03096,Snack Foods,OUT027,1985,Medium,Tier 3,Supermarket Type3,5802.3825,4.1,2022-03-10
FDC57,8.606,low fat,0.033479,Meat,OUT049,1999,Medium,Tier 1,Supermarket Type1,2084.7816,3.9,2023-12-01
FDU58,20.452,reg,0.04354,Frozen Foods,OUT035,2004,Small,Tier 2,Supermarket Type1,1728.602,4.7,2023-01-27
FDP24,5.638,Low Fat ,0.029575,Starchy Foods,OUT035,2004,Small,Tier 2,Supermarket Type1,2001.1,3.9,2022-04-29
FDD31,17.566,LF,0.017875,Snack Foods,OUT018,2009,Medium,Tier 3,Supermarket Type2,3586.2981,4.6,2022-09-07
FDY52,16.724, Regular,0.064125,Meat,OUT017,2007,,Tier 2,Supermarket Type1,2447.2763,3.921,2022-06-27
FDU34,9.3,LF,0.037311,Dairy,OUT027,1985,Medium,Tier 3,Supermarket Type3,4150.0085,4.3,2023-03-03
FDY22,17.995,LF,0.050511,Frozen Foods,OUT013,1987,High,Tier 3,Supermarket Type1,4275.427,4.7,2022-05-29
NCF26,16.877,LF,0.052504,Household,OUT045,2002,,Tier 2,Supermarket Type1,974.0491,3.716,2023-03-20
FDE37,4.89, Regular,0.015862,Frozen Foods,OUT017,2007,,Tier 2,Supermarket Type1,2517.9696,3.9,2023-04-24
FDE10,9.23,reg,0.0,Snack Foods,OUT018,2009,Medium,Tier 3,Supermarket Type2,3256.5625,4.4,2023-10-05
FDD52,20.203,reg,0.020459,Frozen Foods,OUT035,2004,Small,Tier 2,Supermarket Type1,3184.8458,4.7,2023-07-06
FDD53,12.491,Regular,0.026324,Snack Foods,OUT013,1987,High,Tier 3,Supermarket Type1,1599.6857,3.996,2023-09-27
DRX50,11.006,Low Fat ,0.095446,Hard Drinks,OUT049,1999,Medium,Tier 1,Supermarket Type1,8165.2833,4.0,2023-11-11
FDS43,9.673,Low Fat,0.047698,Frozen Foods,OUT045,2002,,Tier 2,Supermarket Type1,1563.9906,3.9,2022-10-20
FDG54,19.473,Low Fat,0.024849,Baking Goods,OUT045,2002,,Tier 2,Supermarket Type1,1731.5382,4.088,2023-09-29
FDK12,4.771,Low Fat ,0.092473,Fruits and Vegetables,OUT049,1999,Medium,Tier 1,Supermarket Type1,3109.0193,3.8,2023-06-13
FDW44,, Regular,0.06298,Fruits and Vegetables,OUT017,2007,,Tier 2,Supermarket Type1,1216.2389,3.9,2022-09-05
NCW50,8.005,low fat,0.056072,Others,OUT035,2004,Small,Tier 2,Supermarket Type1,6816.1034,3.9,2023-11-12
DRP39,14.503,reg,0.050182,Hard Drinks,OUT017,2007,,Tier 2,Supermarket Type1,2857.2489,4.1,2022-10-22
FDQ21,7.627,Low Fat ,0.093273,Snack Foods,OUT045,2002,,Tier 2,Supermarket Type1,895.4864,4.6,2023-01-18
FDR21,4.843,Low Fat ,0.026115,Meat,OUT027,1985,Medium,Tier 3,Supermarket Type3,3426.8921,3.9,2023-05-15
FDQ45,7.219, Regular,0.040948,Frozen Foods,OUT018,2009,Medium,Tier 3,Supermarket Type2,1282.9891,4.4,2022-12-28
FDW15,5.699,low fat,0.045293,Snack Foods,OUT045,2002,,Tier 2,Supermarket Type1,2410.4651,4.2,2023-11-11
FDQ30,,Regular,0.022924,Meat,OUT018,2009,Medium,Tier 3,Supermarket Type2,2149.1977,4.1,2022-06-20
FDU39,9.03,low fat,0.181457,Fruits and Vegetables,OUT017,2007,,Tier 2,Supermarket Type1,2145.6967,3.8,2022-04-30
FDS58,10.143,Regular,0.047217,Meat,OUT049,1999,Medium,Tier 1,Supermarket Type1,2340.323,4.4,2022-08-05
FDU45,20.12,Low Fat,0.093657,Dairy,OUT010,1998,,Tier 3,Grocery Store,1117.7067,3.7,2023-02-24
FDC31,10.353,reg,0.021994,Snack Foods,OUT035,2004,Small,Tier 2,Supermarket Type1,2083.3048,4.07,2023-01-01
DRR46,21.165,Regular,0.018673,Hard Drinks,OUT019,1985,Small,Tier 1,Grocery Store,3267.7005,4.3,2022-10-05
FDN18,14.091, Regular,0.039952,Baking Goods,OUT035,2004,Small,Tier 2,Supermarket Type1,3567.1112,3.586,2023-05-20
FDM16,9.208,low fat,0.077692,Fruits and Vegetables,OUT013,1987,High,Tier 3,Supermarket Type1,3209.4402,4.1,2022-03-19
FDD23,12.959,Regular,0.022046,Baking Goods,OUT035,2004,Small,Tier 2,Supermarket Type1,3687.4089,4.0,2022-04-30
FDS55,20.22,Low Fat ,0.040674,Canned,OUT018,2009,Medium,Tier 3,Supermarket Type2,1266.4814,4.0,2023-02-21
FDJ16,5.715,Low Fat ,0.036044,Fruits and Vegetables,OUT027,1985,Medium,Tier 3,Supermarket Type3,10306.5263,4.1,2022-04-05
DRX23,11.754,LF,0.016692,Soft Drinks,OUT045,2002,,Tier 2,Supermarket Type1,4274.4997,4.212,2022-01-23
FDD59,,Regular,0.026631,Dairy,OUT045,2002,,Tier 2,Supermarket Type1,1405.7908,4.2,2022-03-19
NCB40,12.466,low fat,0.069364,Health and Hygiene,OUT046,1997,Small,Tier 1,Supermarket Type1,545.9493,3.3,2022-07-21
FDF21,,reg,0.044317,Meat,OUT019,1985,Small,Tier 1,Grocery Store,581.9542,4.3,2022-05-18
FDA25,12.989,LF,0.062317,Fruits and Vegetables,OUT017,2007,,Tier 2,Supermarket Type1,6278.3343,3.6,2023-12-04
NCB45,19.925,Low Fat ,0.028165,Household,OUT049,1999,Medium,Tier 1,Supermarket Type1,2324.6526,3.732,2023-03-24
FDC32,17.342,low fat,0.131175,Breakfast,OUT018,2009,Medium,Tier 3,Supermarket Type2,2522.2183,3.5,2023-09-24
FDA27,8.785,low fat,0.0,Meat,OUT013,1987,High,Tier 3,Supermarket Type1,3519.4459,3.9,2022-10-27
FDY58,,Regular,0.041381,Frozen Foods,OUT046,1997,Small,Tier 1,Supermarket Type1,4098.9198,4.4,2022-05-01
FDA39,15.41,Low Fat,0.121672,Fruits and Vegetables,OUT013,1987,High,Tier 3,Supermarket Type1,3376.2193,3.8,2022-05-17
NCD48,14.802,Low Fat ,0.039759,Household,OUT027,1985,Medium,Tier 3,Supermarket Type3,4883.4428,4.0,2023-06-12
FDW21,6.03, Regular,0.091699,Snack Foods,OUT010,1998,,Tier 3,Grocery Store,3571.2294,4.1,2023-09-02
FDP49,19.303,reg,0.055266,Frozen Foods,OUT046,1997,Small,Tier 1,Supermarket Type1,1995.1472,3.3,2022-12-07
NCC42,4.717,Low Fat ,0.050177,Household,OUT013,1987,High,Tier 3,Supermarket Type1,7380.7603,4.4,2023-03-16
DRV17,7.224,low fat,0.039338,Soft Drinks,OUT046,1997,Small,Tier 1,Supermarket Type1,895.5705,4.0,2022-11-10
NCA18,7.4,Low Fat ,0.034994,Household,OUT035,2004,Small,Tier 2,Supermarket Type1,4258.791,3.7,2022-11-06
FDK10,16.604,LF,0.116272,Snack Foods,OUT045,2002,,Tier 2,Supermarket Type1,1841.0503,4.099,2023-04-19
NCB59,20.433,Low Fat ,0.12107,Others,OUT046,1997,Small,Tier 1,Supermarket Type1,1761.1997,4.2,2023-09-28
FDK28,5.417,Regular,0.033565,Fruits and Vegetables,OUT019,1985,Small,Tier 1,Grocery Store,889.7577,4.7,2022-08-04
FDY52,16.724,Regular,0.065926,Meat,OUT018,2009,Medium,Tier 3,Supermarket Type2,1479.6356,3.8,2023-04-28
FDX17,,Regular,0.158545,Dairy,OUT027,1985,Medium,Tier 3,Supermarket Type3,9231.2782,4.0,2023-01-01
NCM19,20.634,low fat,0.030984,Health and Hygiene,OUT046,1997,Small,Tier 1,Supermarket Type1,1025.0418,4.3,2023-06-01
FDB23,20.641,LF,0.069191,Fruits and Vegetables,OUT049,1999,Medium,Tier 1,Supermarket Type1,2637.1609,3.9,2022-10-15
FDK18,,reg,0.041055,Baking Goods,OUT049,1999,Medium,Tier 1,Supermarket Type1,1856.277,3.8,2023-02-09
FDW49,14.216,Regular,0.212041,Frozen Foods,OUT049,1999,Medium,Tier 1,Supermarket Type1,3759.1672,4.1,2023-02-09
FDR40,9.815, Regular,0.078211,Fruits and Vegetables,OUT017,2007,,Tier 2,Supermarket Type1,1129.209,4.1,2023-08-02
NCQ55,11.142,low fat,0.028942,Health and Hygiene,OUT035,2004,Small,Tier 2,Supermarket Type1,3975.1557,4.2,2023-03-26
FDA26,20.21,Low Fat,0.104603,Baking Goods,OUT035,2004,Small,Tier 2,Supermarket Type1,1573.2589,3.7,2022-03-23
FDF38,15.633,LF,0.016604,Frozen Foods,OUT013,1987,High,Tier 3,Supermarket Type1,1180.7921,3.0,2023-07-07
FDS10,16.316,Low Fat,0.0,Fruits and Vegetables,OUT046,1997,Small,Tier 1,Supermarket Type1,5322.8948,3.298,2022-07-29
FDH20,,low fat,0.034974,Frozen Foods,OUT049,1999,Medium,Tier 1,Supermarket Type1,6946.0603,4.2,2022-04-01
FDM53,11.94,low fat,0.035304,Meat,OUT035,2004,Small,Tier 2,Supermarket Type1,931.6498,3.69,2022-10-24
FDY38,11.241,low fat,0.022982,Breads,OUT019,1985,Small,Tier 1,Grocery Store,561.8855,4.2,2023-02-06
DRA37,,Low Fat ,0.065652,Hard Drinks,OUT018,2009,Medium,Tier 3,Supermarket Type2,3501.0827,3.969,2023-01-15
FDX33,17.218,low fat,0.0,Breads,OUT035,2004,Small,Tier 2,Supermarket Type1,1761.433,4.2,2022-04-18
NCR51,12.717,LF,0.030572,Health and Hygiene,OUT013,1987,High,Tier 3,Supermarket Type1,1538.3592,3.9,2022-06-14
FDU45,,LF,0.079837,Dairy,OUT049,1999,Medium,Tier 1,Supermarket Type1,5121.621,3.8,2023-06-01
NCW29,8.441,Low Fat ,0.04346,Others,OUT017,2007,,Tier 2,Supermarket Type1,2148.2856,2.8,2023-04-07
FDB12,21.066,Low Fat ,0.020153,Starchy Foods,OUT049,1999,Medium,Tier 1,Supermarket Type1,3540.0345,3.9,2022-10-23
FDK46,18.393,low fat,0.01436,Dairy,OUT045,2002,,Tier 2,Supermarket Type1,2440.0719,3.971,2023-05-28
NCH23,10.774,Low Fat,0.013549,Household,OUT027,1985,Medium,Tier 3,Supermarket Type3,2017.5603,3.5,2023-06-12
DRG39,11.128, Regular,0.044258,Hard Drinks,OUT013,1987,High,Tier 3,Supermarket Type1,1338.9571,3.5,2022-04-19
FDA52,6.13,reg,0.028607,Canned,OUT018,2009,Medium,Tier 3,Supermarket Type2,2207.7209,3.787,2023-05-28
FDA19,14.808,Regular,0.059419,Frozen Foods,OUT046,1997,Small,Tier 1,Supermarket Type1,2288.1768,4.1,2022-08-18
FDN40,,reg,0.118183,Canned,OUT046,1997,Small,Tier 1,Supermarket Type1,4596.5962,3.4,2022-12-30
FDR35,19.752, Regular,0.0,Fruits and Vegetables,OUT027,1985,Medium,Tier 3,Supermarket Type3,13086.9648,3.8,2022-09-10
FDV13,15.281,LF,0.055888,Fruits and Vegetables,OUT045,2002,,Tier 2,Supermarket Type1,906.13,4.0,2022-07-31
FDS53,15.892,Low Fat ,0.074207,Fruits and Vegetables,OUT027,1985,Medium,Tier 3,Supermarket Type3,5288.1669,4.2,2022-10-10
NCW29,8.441,low fat,0.055632,Others,OUT035,2004,Small,Tier 2,Supermarket Type1,1684.7118,3.6,2023-02-04
DRD10,8.09,low fat,0.030058,Soft Drinks,OUT035,2004,Small,Tier 2,Supermarket Type1,3658.1419,4.2,2022-10-08
DRX48,6.601,reg,0.091351,Hard Drinks,OUT019,1985,Small,Tier 1,Grocery Store,407.8291,3.9,2022-10-27
DRG26,19.789,low fat,0.019662,Soft Drinks,OUT027,1985,Medium,Tier 3,Supermarket Type3,2364.2738,3.8,2023-11-24
FDD10,,LF,0.041023,Canned,OUT013,1987,High,Tier 3,Supermarket Type1,2761.7927,3.5,2023-02-07
DRC11,6.195, Regular,0.153612,Soft Drinks,OUT017,2007,,Tier 2,Supermarket Type1,2773.1183,3.8,2023-09-03
FDB41,13.163,LF,0.033893,Breads,OUT019,1985,Small,Tier 1,Grocery Store,1462.5067,3.8,2022-10-24
FDC12,5.301,Low Fat,0.038393,Dairy,OUT027,1985,Medium,Tier 3,Supermarket Type3,3289.796,4.0,2023-08-03
NCB39,,Low Fat,0.109433,Household,OUT049,1999,Medium,Tier 1,Supermarket Type1,2214.6047,4.0,2023-03-02
NCE59,16.639,LF,0.097932,Household,OUT018,2009,Medium,Tier 3,Supermarket Type2,4204.1581,4.136,2022-08-20
FDB45,5.506,Low Fat ,0.036659,Fruits and Vegetables,OUT035,2004,Small,Tier 2,Supermarket Type1,2119.8272,4.3,2022-02-17
NCB51,7.71,LF,0.11956,Household,OUT035,2004,Small,Tier 2,Supermarket Type1,4165.1437,4.2,2023-12-08
FDD50,5.864,Low Fat,0.068769,Baking Goods,OUT019,1985,Small,Tier 1,Grocery Store,791.785,3.899,2022-07-29
FDA47,5.41, Regular,0.085054,Snack Foods,OUT045,2002,,Tier 2,Supermarket Type1,1100.9868,4.3,2023-02-25
FDQ12,,LF,0.022237,Canned,OUT010,1998,,Tier 3,Grocery Store,793.248,3.5,2023-06-08
FDR32,,Low Fat ,0.054348,Baking Goods,OUT013,1987,High,Tier 3,Supermarket Type1,6762.8565,3.8,2023-03-25
NCN41,5.875,low fat,0.056239,Household,OUT018,2009,Medium,Tier 3,Supermarket Type2,3200.8612,4.081,2022-07-11
FDG44,7.943,Low Fat,0.024879,Frozen Foods,OUT018,2009,Medium,Tier 3,Supermarket Type2,743.855,3.7,2022-09-06
FDE44,, Regular,0.0,Fruits and Vegetables,OUT018,2009,Medium,Tier 3,Supermarket Type2,3695.5468,4.629,2023-11-16
FDP24,5.638,low fat,0.030139,Starchy Foods,OUT045,2002,,Tier 2,Supermarket Type1,3499.3478,4.277,2023-07-15
FDC48,16.501,Regular,0.104016,Snack Foods,OUT045,2002,,Tier 2,Supermarket Type1,1991.8334,4.3,2023-08-04
NCU32,13.257,Low Fat,0.113708,Health and Hygiene,OUT045,2002,,Tier 2,Supermarket Type1,2523.6605,4.4,2023-05-10
FDS59,,Regular,0.041471,Canned,OUT035,2004,Small,Tier 2,Supermarket Type1,750.1756,4.4,2023-07-27
FDV54,19.812,Low Fat,0.02449,Canned,OUT013,1987,High,Tier 3,Supermarket Type1,4232.3662,3.9,2023-04-09
FDX37,8.709,low fat,0.0,Canned,OUT027,1985,Medium,Tier 3,Supermarket Type3,4245.0666,3.8,2022-11-01
FDM41,20.307,Regular,0.0,Canned,OUT027,1985,Medium,Tier 3,Supermarket Type3,10863.8532,3.7,2023-10-01
NCX13,17.755,low fat,0.049876,Household,OUT045,2002,,Tier 2,Supermarket Type1,928.3028,4.4,2023-11-04
NCF31,10.84,Low Fat ,0.044845,Household,OUT017,2007,,Tier 2,Supermarket Type1,4740.6959,3.9,2022-05-17
FDJ20,8.609,Low Fat,0.045173,Fruits and Vegetables,OUT027,1985,Medium,Tier 3,Supermarket Type3,2731.8502,4.0,2023-04-05
NCM57,11.429,Low Fat,0.066741,Health and Hygiene,OUT027,1985,Medium,Tier 3,Supermarket Type3,4651.7,4.092,2023-04-15
FDY19,6.764,Low Fat ,0.086539,Dairy,OUT017,2007,,Tier 2,Supermarket Type1,1881.6153,4.5,2023-01-20
DRA24,6.241,Low Fat ,0.0,Soft Drinks,OUT013,1987,High,Tier 3,Supermarket Type1,2277.6385,4.1,2023-10-31
FDU32,7.431,Low Fat,0.025072,Fruits and Vegetables,OUT017,2007,,Tier 2,Supermarket Type1,839.1098,4.5,2022-02-21
FDB25,17.428,Low Fat,0.019363,Breads,OUT017,2007,,Tier 2,Supermarket Type1,7694.0743,3.9,2023-12-15
NCN21,,low fat,0.0612,Household,OUT010,1998,,Tier 3,Grocery Store,656.5043,4.1,2023-12-27
FDA20,5.554,Low Fat,0.045818,Fruits and Vegetables,OUT049,1999,Medium,Tier 1,Supermarket Type1,1801.4287,3.8,2022-06-07
FDS37,15.272,LF,0.070428,Canned,OUT017,2007,,Tier 2,Supermarket Type1,4703.8223,4.2,2022-03-21
NCG27,6.318,Low Fat,0.097308,Household,OUT013,1987,High,Tier 3,Supermarket Type1,1748.961,4.2,2022-08-22
FDQ59,14.942,Low Fat,0.082049,Fruits and Vegetables,OUT019,1985,Small,Tier 1,Grocery Store,355.1898,4.3,2023-06-27
FDV40,16.19,Low Fat,0.037221,Fruits and Vegetables,OUT035,2004,Small,Tier 2,Supermarket Type1,7204.2451,4.4,2023-09-18
DRE18,10.415,LF,0.038723,Soft Drinks,OUT027,1985,Medium,Tier 3,Supermarket Type3,4326.8216,4.2,2022-07-05
FDS57,5.261,low fat,0.035401,Baking Goods,OUT046,1997,Small,Tier 1,Supermarket Type1,2172.0837,3.9,2023-10-20
NCE29,11.5,Low Fat,0.0519,Household,OUT019,1985,Small,Tier 1,Grocery Store,2278.974,4.207,2023-10-13
FDF14,9.674, Regular,0.034769,Canned,OUT046,1997,Small,Tier 1,Supermarket Type1,550.8156,3.6,2022-06-06
FDC43,,Low Fat ,0.043021,Snack Foods,OUT045,2002,,Tier 2,Supermarket Type1,948.7215,4.3,2023-05-21
FDS43,9.673,Low Fat,0.025137,Frozen Foods,OUT018,2009,Medium,Tier 3,Supermarket Type2,1252.8932,4.0,2023-06-04
FDD44,,reg,0.018185,Meat,OUT049,1999,Medium,Tier 1,Supermarket Type1,3708.7277,4.0,2022-01-14
FDA59,10.043,low fat,0.097087,Fruits and Vegetables,OUT017,2007,,Tier 2,Supermarket Type1,3299.0733,4.1,2022-10-22
FDN44,20.859,Low Fat ,0.059167,Fruits and Vegetables,OUT046,1997,Small,Tier 1,Supermarket Type1,2604.6312,4.3,2022-06-21
FDF14,9.674, Regular,0.131575,Canned,OUT035,2004,Small,Tier 2,Supermarket Type1,3922.4977,4.1,2022-04-22
FDR36,13.532,Low Fat,0.071164,Baking Goods,OUT049,1999,Medium,Tier 1,Supermarket Type1,2654.9061,4.0,2022-05-31
DRJ23,19.745, Regular,0.024697,Soft Drinks,OUT046,1997,Small,Tier 1,Supermarket Type1,1600.2381,3.5,2022-01-12
FDV15,,low fat,0.0,Snack Foods,OUT035,2004,Small,Tier 2,Supermarket Type1,5141.6644,3.3,2023-05-22
FDB27,7.882,reg,0.011451,Dairy,OUT046,1997,Small,Tier 1,Supermarket Type1,3717.2612,4.3,2023-07-15
FDQ21,,Low Fat ,0.103425,Snack Foods,OUT027,1985,Medium,Tier 3,Supermarket Type3,10716.7723,3.7,2022-02-02
FDE29,5.379,Low Fat,0.049491,Meat,OUT018,2009,Medium,Tier 3,Supermarket Type2,2997.102,4.3,2022-10-14
FDW40,,Low Fat ,0.092361,Fruits and Vegetables,OUT018,2009,Medium,Tier 3,Supermarket Type2,4112.9346,4.6,2022-06-11
DRX29,5.096,Low Fat,0.033328,Soft Drinks,OUT019,1985,Small,Tier 1,Grocery Store,623.9197,4.539,2023-08-07
FDQ57,17.702, Regular,0.044258,Fruits and Vegetables,OUT049,1999,Medium,Tier 1,Supermarket Type1,2371.9476,4.0,2022-11-25
NCU10,,Low Fat ,0.041552,Household,OUT046,1997,Small,Tier 1,Supermarket Type1,3156.1113,3.6,2022-04-28
FDU41,13.831,LF,0.0,Snack Foods,OUT018,2009,Medium,Tier 3,Supermarket Type2,1504.494,4.3,2023-05-24
FDK48,17.501, Regular,0.059689,Baking Goods,OUT027,1985,Medium,Tier 3,Supermarket Type3,7019.8894,3.2,2023-01-25
FDC54,,Low Fat ,0.114761,Starchy Foods,OUT046,1997,Small,Tier 1,Supermarket Type1,1119.123,4.0,2022-02-19
FDV23,, Regular,0.167832,Canned,OUT035,2004,Small,Tier 2,Supermarket Type1,3493.8259,4.2,2022-11-15
FDD34,6.968, Regular,0.037541,Baking Goods,OUT045,2002,,Tier 2,Supermarket Type1,5816.5247,3.9,2023-09-18
FDQ22,20.353,Low Fat ,0.328,Dairy,OUT046,1997,Small,Tier 1,Supermarket Type1,3825.7401,3.4,2022-12-12
NCG18,10.93,LF,0.025797,Household,OUT049,1999,Medium,Tier 1,Supermarket Type1,3981.3417,3.939,2022-06-18
FDA12,12.721,low fat,0.06298,Dairy,OUT045,2002,,Tier 2,Supermarket Type1,2359.8546,3.4,2023-01-20
FDW41,,reg,0.087669,Snack Foods,OUT013,1987,High,Tier 3,Supermarket Type1,5029.2063,4.0,2023-09-19
FDU57,16.72,LF,0.046618,Fruits and Vegetables,OUT027,1985,Medium,Tier 3,Supermarket Type3,4128.7509,3.6,2022-07-06
FDW26,9.187,LF,0.095464,Meat,OUT013,1987,High,Tier 3,Supermarket Type1,3020.6308,4.4,2023-07-31
FDP20,18.251,LF,0.0307,Fruits and Vegetables,OUT045,2002,,Tier 2,Supermarket Type1,6511.6219,3.698,2023-08-20
FDJ27,17.271,LF,0.04152,Snack Foods,OUT046,1997,Small,Tier 1,Supermarket Type1,857.3299,4.1,2022-07-04
FDJ35,11.177,LF,0.027355,Breads,OUT049,1999,Medium,Tier 1,Supermarket Type1,3157.7558,3.8,2023-12-16
DRW51,,Low Fat ,0.154925,Hard Drinks,OUT035,2004,Small,Tier 2,Supermarket Type1,2229.3058,3.392,2023-01-20
FDF39,10.917,low fat,0.035239,Canned,OUT017,2007,,Tier 2,Supermarket Type1,1976.3207,3.824,2022-06-01
FDK13,17.681,LF,0.028321,Fruits and Vegetables,OUT045,2002,,Tier 2,Supermarket Type1,1818.3023,4.2,2023-12-31
FDY57,6.161,Low Fat,0.04891,Dairy,OUT027,1985,Medium,Tier 3,Supermarket Type3,3357.2982,3.8,2022-04-29
DRW14,17.668,Regular,0.143771,Soft Drinks,OUT013,1987,High,Tier 3,Supermarket Type1,3968.7361,4.3,2022-06-13
FDC38,,Low Fat ,0.185952,Snack Foods,OUT013,1987,High,Tier 3,Supermarket Type1,11884.6844,4.7,2023-06-19
DRF33,12.65,low fat,0.06199,Soft Drinks,OUT018,2009,Medium,Tier 3,Supermarket Type2,1735.1929,3.3,2023-01-31
DRN40,16.945,Low Fat ,0.045916,Soft Drinks,OUT027,1985,Medium,Tier 3,Supermarket Type3,5346.5128,3.7,2023-12-13
FDE35,11.964,Low Fat ,0.099222,Snack Foods,OUT018,2009,Medium,Tier 3,Supermarket Type2,3478.0704,4.2,2022-06-01
FDP36,4.852,Low Fat,0.030763,Canned,OUT045,2002,,Tier 2,Supermarket Type1,473.2467,4.1,2022-03-01
NCK58,6.983,low fat,0.018361,Health and Hygiene,OUT017,2007,,Tier 2,Supermarket Type1,1203.1979,4.0,2022-03-08
DRQ35,,low fat,0.088295,Soft Drinks,OUT045,2002,,Tier 2,Supermarket Type1,1835.1963,3.8,2022-11-16
DRR24,14.444, Regular,0.05398,Hard Drinks,OUT013,1987,High,Tier 3,Supermarket Type1,2913.7877,3.5,2022-07-13
DRE13,20.335,LF,0.028379,Soft Drinks,OUT049,1999,Medium,Tier 1,Supermarket Type1,1729.359,3.7,2023-11-22
FDR52,5.238,LF,0.050477,Fruits and Vegetables,OUT013,1987,High,Tier 3,Supermarket Type1,6585.3889,4.625,2023-08-06
NCB36,10.14,Low Fat ,0.013893,Household,OUT045,2002,,Tier 2,Supermarket Type1,1983.771,3.9,2022-05-09
FDB49,,low fat,0.082978,Baking Goods,OUT017,2007,,Tier 2,Supermarket Type1,3272.8179,3.4,2023-02-01
FDA22,15.526,reg,0.029177,Canned,OUT045,2002,,Tier 2,Supermarket Type1,5006.5407,4.0,2023-11-03
FDX55,11.307,Regular,0.0,Snack Foods,OUT019,1985,Small,Tier 1,Grocery Store,1564.358,3.6,2023-03-09
DRU30,,Low Fat,0.061924,Soft Drinks,OUT027,1985,Medium,Tier 3,Supermarket Type3,3641.2939,3.818,2023-01-13
NCQ17,8.732,Low Fat,0.06184,Household,OUT018,2009,Medium,Tier 3,Supermarket Type2,3222.8001,3.8,2023-12-07
FDM16,,Low Fat ,0.061598,Fruits and Vegetables,OUT027,1985,Medium,Tier 3,Supermarket Type3,4362.4296,3.5,2023-02-24
FDF18,10.518, Regular,0.069473,Dairy,OUT049,1999,Medium,Tier 1,Supermarket Type1,1294.3707,4.2,2022-07-21
DRB48,,Low Fat,0.020582,Soft Drinks,OUT017,2007,,Tier 2,Supermarket Type1,2096.7214,4.0,2022-03-13
FDV49,6.201,reg,0.242983,Breads,OUT018,2009,Medium,Tier 3,Supermarket Type2,3182.1242,4.3,2023-02-13
FDV37,17.771, Regular,0.02706,Dairy,OUT013,1987,High,Tier 3,Supermarket Type1,2353.8257,4.0,2023-06-22
FDJ23,5.352,LF,0.074266,Baking Goods,OUT018,2009,Medium,Tier 3,Supermarket Type2,4786.633,4.2,2023-03-12
FDG34,17.744,low fat,0.093218,Snack Foods,OUT045,2002,,Tier 2,Supermarket Type1,1624.0009,3.7,2022-08-19
FDV54,19.812,Low Fat ,0.085358,Canned,OUT035,2004,Small,Tier 2,Supermarket Type1,2415.2721,3.514,2022-01-04
DRJ25,5.718,Regular,0.07189,Soft Drinks,OUT035,2004,Small,Tier 2,Supermarket Type1,1726.824,4.4,2023-07-04
FDM46,18.768,Low Fat ,0.047388,Snack Foods,OUT046,1997,Small,Tier 1,Supermarket Type1,2280.1317,4.2,2022-10-13
FDH29,, Regular,0.05977,Baking Goods,OUT046,1997,Small,Tier 1,Supermarket Type1,1380.4518,3.9,2023-11-23
FDJ14,16.971, Regular,0.090452,Fruits and Vegetables,OUT018,2009,Medium,Tier 3,Supermarket Type2,2843.1679,4.6,2022-04-19
NCX24,,Low Fat ,0.097001,Household,OUT017,2007,,Tier 2,Supermarket Type1,3842.3107,3.6,2022-08-27
NCV14,13.831,Low Fat ,0.049804,Household,OUT049,1999,Medium,Tier 1,Supermarket Type1,4541.9703,4.7,2022-08-31
NCB39,17.576,LF,0.085223,Household,OUT035,2004,Small,Tier 2,Supermarket Type1,807.9808,3.7,2023-02-07
FDN10,,low fat,0.149269,Snack Foods,OUT035,2004,Small,Tier 2,Supermarket Type1,2099.2285,4.0,2022-05-03
NCH58,5.453,low fat,0.09339,Household,OUT046,1997,Small,Tier 1,Supermarket Type1,1969.7184,3.6,2022-05-06
DRR17,10.172,Regular,0.019898,Soft Drinks,OUT027,1985,Medium,Tier 3,Supermarket Type3,3254.556,4.0,2022-10-28
FDA13,,LF,0.045343,Dairy,OUT027,1985,Medium,Tier 3,Supermarket Type3,5493.829,3.7,2022-02-10
DRC17,19.571,low fat,0.061817,Soft Drinks,OUT027,1985,Medium,Tier 3,Supermarket Type3,5604.8921,3.9,2022-01-21
FDJ20,8.609,Low Fat ,0.012775,Fruits and Vegetables,OUT013,1987,High,Tier 3,Supermarket Type1,1867.0814,3.703,2023-08-12
FDP43,7.46,Low Fat,0.051396,Dairy,OUT018,2009,Medium,Tier 3,Supermarket Type2,3465.3992,4.084,2023-11-20
FDJ51,10.605,Regular,0.031034,Meat,OUT049,1999,Medium,Tier 1,Supermarket Type1,2210.1089,4.41,2022-03-01
FDU39,,Low Fat,0.132376,Fruits and Vegetables,OUT045,2002,,Tier 2,Supermarket Type1,3096.2113,4.4,2023-12-05
FDU21,12.19,low fat,0.058243,Starchy Foods,OUT027,1985,Medium,Tier 3,Supermarket Type3,12590.6987,3.362,2023-03-05
FDJ43,19.335,LF,0.050234,Canned,OUT017,2007,,Tier 2,Supermarket Type1,3351.9536,4.1,2023-01-21
NCU31,10.33,Low Fat,0.075671,Others,OUT045,2002,,Tier 2,Supermarket Type1,1106.7392,3.8,2022-12-23
FDE16,,Low Fat,0.063703,Baking Goods,OUT046,1997,Small,Tier 1,Supermarket Type1,2507.3283,3.3,2022-11-12
DRE16,11.303,Low Fat,0.012012,Soft Drinks,OUT013,1987,High,Tier 3,Supermarket Type1,4103.3952,4.5,2023-07-15
NCP37,17.195,LF,0.0,Household,OUT010,1998,,Tier 3,Grocery Store,801.8409,3.5,2023-08-05
FDX19,17.717,Low Fat ,0.107043,Snack Foods,OUT013,1987,High,Tier 3,Supermarket Type1,1416.6536,4.3,2023-02-22
FDG14,12.069,Low Fat,0.019783,Breakfast,OUT018,2009,Medium,Tier 3,Supermarket Type2,3545.7782,4.1,2023-08-12
FDJ35,11.177,low fat,0.045156,Breads,OUT010,1998,,Tier 3,Grocery Store,1279.2062,3.8,2023-08-08
FDD41,11.807,low fat,0.068696,Snack Foods,OUT013,1987,High,Tier 3,Supermarket Type1,1635.8954,3.9,2022-06-24
FDF15,13.732,LF,0.055313,Fruits and Vegetables,OUT046,1997,Small,Tier 1,Supermarket Type1,382.8475,4.2,2022-03-10
FDV10,15.235,LF,0.038017,Dairy,OUT045,2002,,Tier 2,Supermarket Type1,1879.4073,4.4,2023-03-11
FDP49,,Regular,0.016139,Frozen Foods,OUT045,2002,,Tier 2,Supermarket Type1,843.9339,3.8,2022-05-26
FDD12,7.357, Regular,0.037424,Snack Foods,OUT013,1987,High,Tier 3,Supermarket Type1,4660.2198,4.336,2022-10-23
FDP56,,Regular,0.036252,Frozen Foods,OUT049,1999,Medium,Tier 1,Supermarket Type1,1043.8965,4.1,2023-07-12
NCX24,16.005,Low Fat,0.092748,Household,OUT035,2004,Small,Tier 2,Supermarket Type1,2408.6348,3.9,2022-05-12
NCY52,19.786,Low Fat ,0.020864,Health and Hygiene,OUT035,2004,Small,Tier 2,Supermarket Type1,1262.1922,4.2,2023-11-09
FDS23,19.844,reg,0.02662,Dairy,OUT018,2009,Medium,Tier 3,Supermarket Type2,2185.9293,4.174,2022-02-05
NCA57,18.623,LF,0.092275,Household,OUT046,1997,Small,Tier 1,Supermarket Type1,1411.3474,3.9,2023-06-18
NCV38,14.239,Low Fat ,0.062084,Household,OUT049,1999,Medium,Tier 1,Supermarket Type1,2111.8149,3.6,2022-08-11
FDW36,9.086,Low Fat ,0.100025,Frozen Foods,OUT035,2004,Small,Tier 2,Supermarket Type1,2198.8133,3.9,2023-07-29
FDA45,10.96,reg,0.094484,Canned,OUT013,1987,High,Tier 3,Supermarket Type1,6056.6008,4.6,2022-12-31
FDJ31,18.471,LF,0.036121,Starchy Foods,OUT018,2009,Medium,Tier 3,Supermarket Type2,5030.1912,3.9,2022-08-03
FDK12,4.771,Low Fat,0.033456,Fruits and Vegetables,OUT045,2002,,Tier 2,Supermarket Type1,1883.623,4.2,2023-11-13
FDV46,20.828,low fat,0.0,Snack Foods,OUT045,2002,,Tier 2,Supermarket Type1,2099.2896,4.6,2022-02-01
NCD16,14.188,Low Fat ,0.047807,Household,OUT045,2002,,Tier 2,Supermarket Type1,3645.6623,4.3,2022-08-25
FDJ23,5.352,LF,0.027139,Baking Goods,OUT027,1985,Medium,Tier 3,Supermarket Type3,5260.4192,3.7,2023-06-24
NCU28,14.043,LF,0.052168,Household,OUT035,2004,Small,Tier 2,Supermarket Type1,1947.5871,3.4,2023-07-07
DRE26,11.039,low fat,0.031161,Soft Drinks,OUT046,1997,Small,Tier 1,Supermarket Type1,1878.6362,3.8,2022-01-21
FDR30,,Low Fat,0.112867,Meat,OUT018,2009,Medium,Tier 3,Supermarket Type2,5249.5567,4.2,2023-02-26
FDN25,11.875,Low Fat ,0.041202,Fruits and Vegetables,OUT046,1997,Small,Tier 1,Supermarket Type1,2074.9355,3.8,2023-05-03
NCV17,16.21,Low Fat,0.027279,Others,OUT010,1998,,Tier 3,Grocery Store,1865.7547,4.0,2023-01-08
FDV20,,Low Fat ,0.11853,Frozen Foods,OUT010,1998,,Tier 3,Grocery Store,1432.8397,3.9,2022-06-03
FDS37,15.272,LF,0.049636,Canned,OUT035,2004,Small,Tier 2,Supermarket Type1,2270.8091,3.8,2022-12-06
FDK31,5.066,low fat,0.0,Frozen Foods,OUT049,1999,Medium,Tier 1,Supermarket Type1,1306.7652,4.072,2022-10-25
FDW22,,Low Fat,0.041696,Baking Goods,OUT018,2009,Medium,Tier 3,Supermarket Type2,2720.1671,3.7,2023-06-28
FDY20,11.657,Low Fat,0.0,Frozen Foods,OUT049,1999,Medium,Tier 1,Supermarket Type1,2204.5137,3.2,2023-04-14
FDP22,,Low Fat ,0.009899,Snack Foods,OUT013,1987,High,Tier 3,Supermarket Type1,1862.5961,4.5,2023-09-12
FDW53,12.437,low fat,0.064062,Snack Foods,OUT035,2004,Small,Tier 2,Supermarket Type1,1799.8746,3.5,2023-09-23
FDH33,13.406,Low Fat ,0.018093,Canned,OUT019,1985,Small,Tier 1,Grocery Store,1237.6755,4.0,2023-09-16
NCB48,18.025,Low Fat ,0.015143,Health and Hygiene,OUT035,2004,Small,Tier 2,Supermarket Type1,1038.6157,3.872,2022-06-05
FDH56,, Regular,0.291567,Frozen Foods,OUT045,2002,,Tier 2,Supermarket Type1,2340.4252,3.0,2023-05-08
FDX45,,reg,0.038972,Breads,OUT018,2009,Medium,Tier 3,Supermarket Type2,6076.8425,4.1,2023-01-01
NCQ55,11.142,low fat,0.097546,Health and Hygiene,OUT027,1985,Medium,Tier 3,Supermarket Type3,3353.1847,4.164,2022-12-15
FDR55,,Regular,0.057458,Fruits and Vegetables,OUT045,2002,,Tier 2,Supermarket Type1,3257.1485,4.5,2023-12-05
NCV42,5.663,Low Fat,0.112349,Health and Hygiene,OUT013,1987,High,Tier 3,Supermarket Type1,5139.6137,4.3,2022-08-27
FDB34,20.298,reg,0.021953,Dairy,OUT018,2009,Medium,Tier 3,Supermarket Type2,6199.168,4.0,2022-09-05
FDF20,14.171, Regular,0.241558,Breads,OUT045,2002,,Tier 2,Supermarket Type1,4113.5587,3.7,2023-12-08
FDN55,19.232,low fat,0.040102,Breakfast,OUT018,2009,Medium,Tier 3,Supermarket Type2,1023.1727,3.701,2023-11-10
FDE28,11.332,reg,0.036195,Fruits and Vegetables,OUT013,1987,High,Tier 3,Supermarket Type1,2156.1148,4.261,2022-01-16
FDX42,6.733,LF,0.0,Breakfast,OUT049,1999,Medium,Tier 1,Supermarket Type1,2186.4538,4.275,2022-01-07
DRX48,,Regular,0.018279,Hard Drinks,OUT027,1985,Medium,Tier 3,Supermarket Type3,2773.3447,4.4,2023-05-29
FDY56,5.013,Low Fat,0.020931,Snack Foods,OUT035,2004,Small,Tier 2,Supermarket Type1,4836.1364,4.264,2022-06-14
FDP31,15.829,Low Fat,0.030929,Snack Foods,OUT017,2007,,Tier 2,Supermarket Type1,2442.5268,3.5,2022-09-18
DRE40,14.14,reg,0.021508,Soft Drinks,OUT013,1987,High,Tier 3,Supermarket Type1,4062.7303,3.9,2023-11-18
FDB53,, Regular,0.041963,Fruits and Vegetables,OUT049,1999,Medium,Tier 1,Supermarket Type1,3450.4106,4.1,2023-07-10
FDV41,10.991,Low Fat ,0.108663,Snack Foods,OUT018,2009,Medium,Tier 3,Supermarket Type2,2335.7154,4.4,2023-06-18
NCG25,16.951,Low Fat ,0.035467,Health and Hygiene,OUT013,1987,High,Tier 3,Supermarket Type1,2139.4661,3.9,2023-02-02
NCF24,14.729,LF,0.049901,Household,OUT019,1985,Small,Tier 1,Grocery Store,4303.9468,3.9,2023-04-18
DRK47,10.808, Regular,0.066778,Soft Drinks,OUT045,2002,,Tier 2,Supermarket Type1,3917.9837,4.1,2022-11-16
FDG21,7.985,Low Fat ,0.045042,Dairy,OUT013,1987,High,Tier 3,Supermarket Type1,4541.2743,3.9,2023-02-07
FDM12,12.49,reg,0.105141,Snack Foods,OUT035,2004,Small,Tier 2,Supermarket Type1,1130.5475,4.2,2022-09-21
FDQ52,,Regular,0.060318,Fruits and Vegetables,OUT017,2007,,Tier 2,Supermarket Type1,4551.7322,4.1,2022-10-05
FDS43,9.673,Low Fat,0.033748,Frozen Foods,OUT046,1997,Small,Tier 1,Supermarket Type1,1905.4738,4.5,2023-12-05
FDU37,12.834, Regular,0.049744,Snack Foods,OUT045,2002,,Tier 2,Supermarket Type1,3137.6412,4.0,2022-10-15
NCX56,14.386,Low Fat,0.053632,Health and Hygiene,OUT027,1985,Medium,Tier 3,Supermarket Type3,4328.3295,4.7,2023-06-08
FDM37,,reg,0.046473,Dairy,OUT010,1998,,Tier 3,Grocery Store,2953.3775,4.286,2022-10-24
FDA58,12.812,LF,0.032896,Snack Foods,OUT019,1985,Small,Tier 1,Grocery Store,571.9062,4.1,2022-01-30
FDY10,,LF,0.0,Fruits and Vegetables,OUT010,1998,,Tier 3,Grocery Store,2968.4867,4.0,2023-03-13
FDU57,,Low Fat ,0.015363,Fruits and Vegetables,OUT018,2009,Medium,Tier 3,Supermarket Type2,2366.9387,4.2,2023-05-05
NCQ55,,low fat,0.076974,Health and Hygiene,OUT046,1997,Small,Tier 1,Supermarket Type1,2105.3174,3.6,2022-11-05
FDA38,16.805,Low Fat,0.035126,Seafood,OUT049,1999,Medium,Tier 1,Supermarket Type1,3349.275,4.4,2023-09-25
FDE30,8.024, Regular,0.096229,Meat,OUT013,1987,High,Tier 3,Supermarket Type1,5976.6686,3.4,2023-11-07
FDK29,12.272,Regular,0.051561,Baking Goods,OUT019,1985,Small,Tier 1,Grocery Store,279.3155,3.9,2023-08-22
FDJ45,14.777,Low Fat ,0.09562,Meat,OUT017,2007,,Tier 2,Supermarket Type1,2871.4569,4.1,2022-12-06
NCQ56,8.501,Low Fat,0.029563,Health and Hygiene,OUT035,2004,Small,Tier 2,Supermarket Type1,1911.4614,3.9,2023-11-15
FDY45,18.592,Low Fat,0.076457,Meat,OUT027,1985,Medium,Tier 3,Supermarket Type3,4755.6575,3.8,2023-11-29
FDP54,, Regular,0.085503,Snack Foods,OUT035,2004,Small,Tier 2,Supermarket Type1,678.0279,4.2,2022-07-28
FDS40,9.643,Low Fat ,0.026513,Frozen Foods,OUT018,2009,Medium,Tier 3,Supermarket Type2,4785.6863,3.7,2023-10-04
FDA52,6.13,reg,0.151271,Canned,OUT013,1987,High,Tier 3,Supermarket Type1,1624.0597,4.4,2022-01-17
FDW21,6.03,Regular,0.176245,Snack Foods,OUT049,1999,Medium,Tier 1,Supermarket Type1,3107.5374,4.0,2023-04-01
FDA38,16.805,LF,0.043877,Seafood,OUT019,1985,Small,Tier 1,Grocery Store,1266.6458,3.9,2023-04-16
FDX38,,Regular,0.040405,Baking Goods,OUT027,1985,Medium,Tier 3,Supermarket Type3,13086.9648,3.9,2023-07-10
FDE25,, Regular,0.08437,Dairy,OUT035,2004,Small,Tier 2,Supermarket Type1,2262.2846,4.1,2023-03-07
NCE40,10.768,LF,0.064411,Others,OUT046,1997,Small,Tier 1,Supermarket Type1,599.7828,3.3,2023-07-08
FDW18,18.71,Low Fat,0.079879,Dairy,OUT013,1987,High,Tier 3,Supermarket Type1,3499.7351,3.9,2022-08-28
FDG58,11.849, Regular,0.013382,Snack Foods,OUT035,2004,Small,Tier 2,Supermarket Type1,1368.9524,4.6,2023-02-24
DRE42,, Regular,0.026994,Soft Drinks,OUT019,1985,Small,Tier 1,Grocery Store,786.7623,4.2,2023-12-23
FDE18,18.777,Low Fat ,0.104325,Canned,OUT035,2004,Small,Tier 2,Supermarket Type1,486.3046,3.579,2022-07-06
FDN29,14.121,low fat,0.036519,Canned,OUT045,2002,,Tier 2,Supermarket Type1,2568.3242,4.3,2022-02-15
FDJ39,7.398,Low Fat,0.045859,Snack Foods,OUT049,1999,Medium,Tier 1,Supermarket Type1,1927.5343,3.4,2022-05-29
FDX12,9.05,reg,0.064554,Dairy,OUT049,1999,Medium,Tier 1,Supermarket Type1,718.566,4.3,2022-09-16
FDQ41,6.054,low fat,0.142123,Snack Foods,OUT035,2004,Small,Tier 2,Supermarket Type1,3478.7357,3.9,2022-02-21
DRX29,5.096,Low Fat,0.026788,Soft Drinks,OUT010,1998,,Tier 3,Grocery Store,1796.1061,3.5,2022-12-13
FDF16,19.706,Low Fat ,0.01126,Fruits and Vegetables,OUT035,2004,Small,Tier 2,Supermarket Type1,3281.6506,3.9,2022-11-21
FDA44,21.324,reg,0.053605,Baking Goods,OUT019,1985,Small,Tier 1,Grocery Store,2059.3599,3.6,2023-01-20
FDM36,19.44,Low Fat,0.020725,Fruits and Vegetables,OUT013,1987,High,Tier 3,Supermarket Type1,2457.1483,4.186,2022-08-01
NCM57,11.429,Low Fat ,0.039754,Health and Hygiene,OUT018,2009,Medium,Tier 3,Supermarket Type2,6221.3063,4.2,2022-10-06
FDA11,8.336,LF,0.054009,Fruits and Vegetables,OUT027,1985,Medium,Tier 3,Supermarket Type3,5791.226,4.4,2023-08-24
FDC31,10.353,reg,0.068119,Snack Foods,OUT018,2009,Medium,Tier 3,Supermarket Type2,2299.1916,3.803,2023-08-14
FDS56,11.166,LF,0.057556,Baking Goods,OUT013,1987,High,Tier 3,Supermarket Type1,1246.9179,4.2,2022-01-08
DRE13,20.335,Low Fat ,0.037478,Soft Drinks,OUT027,1985,Medium,Tier 3,Supermarket Type3,6055.533,3.9,2022-08-22
FDX17,7.213,reg,0.056995,Dairy,OUT045,2002,,Tier 2,Supermarket Type1,3892.8488,4.132,2023-10-30
FDR18,19.841,Regular,0.0,Baking Goods,OUT035,2004,Small,Tier 2,Supermarket Type1,1374.4918,3.8,2023-04-06
FDM42,5.835,reg,0.034941,Snack Foods,OUT027,1985,Medium,Tier 3,Supermarket Type3,8843.2567,3.8,2023-05-06
FDG55,13.772,low fat,0.116224,Snack Foods,OUT046,1997,Small,Tier 1,Supermarket Type1,3071.0093,3.5,2023-04-25
FDV29,20.039,Regular,0.083779,Snack Foods,OUT045,2002,,Tier 2,Supermarket Type1,5051.4811,4.5,2022-09-24
FDN47,8.632,Low Fat,0.053292,Fruits and Vegetables,OUT035,2004,Small,Tier 2,Supermarket Type1,939.7014,4.1,2022-12-04
FDV46,20.828,Low Fat,0.166367,Snack Foods,OUT019,1985,Small,Tier 1,Grocery Store,1801.9737,4.1,2022-01-03
FDG19,,Low Fat,0.046131,Snack Foods,OUT049,1999,Medium,Tier 1,Supermarket Type1,5346.7421,4.4,2023-01-20
FDA26,,Low Fat,0.027531,Baking Goods,OUT045,2002,,Tier 2,Supermarket Type1,585.5632,4.4,2022-06-03
FDU25,18.973,Low Fat,0.072256,Dairy,OUT013,1987,High,Tier 3,Supermarket Type1,7135.6305,3.838,2022-08-11
FDF27,4.963,LF,0.0,Canned,OUT013,1987,High,Tier 3,Supermarket Type1,4099.276,4.4,2023-04-11
FDH31,19.968, Regular,0.023004,Snack Foods,OUT027,1985,Medium,Tier 3,Supermarket Type3,6597.6682,4.109,2023-04-08
NCJ46,,Low Fat ,0.007749,Health and Hygiene,OUT035,2004,Small,Tier 2,Supermarket Type1,1165.9699,4.5,2023-03-26
FDY31,,low fat,0.019714,Baking Goods,OUT035,2004,Small,Tier 2,Supermarket Type1,5428.1806,3.7,2023-11-14
FDX33,17.218,low fat,0.039384,Breads,OUT017,2007,,Tier 2,Supermarket Type1,4068.0337,3.6,2023-02-24
NCF52,8.729,LF,0.170649,Household,OUT027,1985,Medium,Tier 3,Supermarket Type3,4972.688,4.1,2023-09-26
DRK24,17.062,Low Fat,0.056173,Hard Drinks,OUT017,2007,,Tier 2,Supermarket Type1,9083.3319,4.0,2022-01-03
FDS37,15.272,LF,0.070428,Canned,OUT017,2007,,Tier 2,Supermarket Type1,4703.8223,4.2,2022-03-21
FDF13,5.222,low fat,0.072318,Canned,OUT045,2002,,Tier 2,Supermarket Type1,3906.8198,3.8,2022-02-19
FDY10,17.266,LF,0.01967,Fruits and Vegetables,OUT035,2004,Small,Tier 2,Supermarket Type1,1919.8489,4.8,2023-06-18
NCY44,11.451,LF,0.019844,Health and Hygiene,OUT046,1997,Small,Tier 1,Supermarket Type1,1129.5701,3.9,2023-09-21
FDB45,5.506,low fat,0.03494,Fruits and Vegetables,OUT046,1997,Small,Tier 1,Supermarket Type1,1212.2541,3.995,2022-12-21
NCF22,10.804,low fat,0.055644,Health and Hygiene,OUT027,1985,Medium,Tier 3,Supermarket Type3,2000.6785,4.061,2023-01-13
FDR49,,Low Fat ,0.024376,Canned,OUT027,1985,Medium,Tier 3,Supermarket Type3,11686.9784,4.406,2023-03-21
FDJ11,19.325,reg,0.073693,Fruits and Vegetables,OUT017,2007,,Tier 2,Supermarket Type1,3970.7324,3.603,2023-01-31
NCB47,14.542,Low Fat ,0.039008,Household,OUT010,1998,,Tier 3,Grocery Store,575.0507,3.7,2023-07-19
FDY21,7.286,LF,0.046899,Meat,OUT046,1997,Small,Tier 1,Supermarket Type1,1216.5891,3.998,2023-03-30
FDX58,16.851,reg,0.045152,Starchy Foods,OUT018,2009,Medium,Tier 3,Supermarket Type2,3525.7866,3.8,2022-06-22
FDR24,20.313,Regular,0.129091,Baking Goods,OUT045,2002,,Tier 2,Supermarket Type1,1775.2792,3.2,2023-05-24
DRG39,11.128,Regular,0.068441,Hard Drinks,OUT035,2004,Small,Tier 2,Supermarket Type1,2337.3515,3.638,2023-08-23
DRJ35,18.995,low fat,0.012323,Soft Drinks,OUT013,1987,High,Tier 3,Supermarket Type1,6549.521,4.1,2022-12-07
FDK47,5.079,reg,0.0,Baking Goods,OUT027,1985,Medium,Tier 3,Supermarket Type3,13086.9648,3.7,2022-07-16
FDU23,7.608,reg,0.082104,Snack Foods,OUT017,2007,,Tier 2,Supermarket Type1,2424.1266,4.2,2023-08-25
FDY27,12.851,LF,0.045599,Fruits and Vegetables,OUT018,2009,Medium,Tier 3,Supermarket Type2,2798.0801,3.6,2023-08-09
FDM31,4.659,LF,0.07612,Frozen Foods,OUT035,2004,Small,Tier 2,Supermarket Type1,2822.2353,4.0,2022-06-29
FDB36,15.699,Low Fat ,0.043952,Fruits and Vegetables,OUT018,2009,Medium,Tier 3,Supermarket Type2,489.8503,4.3,2023-06-12
FDV42,16.161, Regular,0.035811,Canned,OUT046,1997,Small,Tier 1,Supermarket Type1,5026.7996,4.3,2023-04-28
FDR54,10.751,LF,0.180098,Snack Foods,OUT013,1987,High,Tier 3,Supermarket Type1,7250.977,4.1,2023-03-16
DRA24,6.241,Low Fat,0.02822,Soft Drinks,OUT027,1985,Medium,Tier 3,Supermarket Type3,8504.2446,4.1,2023-09-04
NCW31,8.359,Low Fat,0.03716,Health and Hygiene,OUT035,2004,Small,Tier 2,Supermarket Type1,3957.1506,3.8,2022-07-06
FDC33,11.53,reg,0.025166,Dairy,OUT045,2002,,Tier 2,Supermarket Type1,2585.7814,4.2,2022-12-24
NCG51,11.182,LF,0.0,Others,OUT045,2002,,Tier 2,Supermarket Type1,4013.0503,3.8,2023-07-26
FDU54,20.028,Low Fat ,0.029838,Canned,OUT046,1997,Small,Tier 1,Supermarket Type1,1690.7203,4.0,2023-10-18
FDJ35,11.177,Low Fat,0.033355,Breads,OUT045,2002,,Tier 2,Supermarket Type1,3664.857,3.896,2022-04-27
DRE40,14.14, Regular,0.035765,Soft Drinks,OUT035,2004,Small,Tier 2,Supermarket Type1,3767.3506,3.4,2022-11-18
FDS46,,reg,0.075819,Snack Foods,OUT017,2007,,Tier 2,Supermarket Type1,3685.1955,3.2,2022-05-14
NCU28,14.043,Low Fat,0.024004,Household,OUT049,1999,Medium,Tier 1,Supermarket Type1,1152.5304,4.1,2022-01-12
FDR26,19.935,Low Fat,0.100484,Dairy,OUT046,1997,Small,Tier 1,Supermarket Type1,1029.8074,3.8,2022-02-17
NCH12,9.794,Low Fat,0.0,Household,OUT017,2007,,Tier 2,Supermarket Type1,2059.4296,3.5,2022-10-04
FDU40,8.23,low fat,0.045572,Seafood,OUT049,1999,Medium,Tier 1,Supermarket Type1,2550.9031,3.6,2023-10-14
FDS11,16.931,low fat,0.013744,Fruits and Vegetables,OUT049,1999,Medium,Tier 1,Supermarket Type1,1870.2181,3.9,2023-03-28
FDB11,5.528,Low Fat,0.057708,Snack Foods,OUT027,1985,Medium,Tier 3,Supermarket Type3,4453.8087,3.9,2023-12-09
FDU42,15.842,Low Fat ,0.024368,Frozen Foods,OUT035,2004,Small,Tier 2,Supermarket Type1,1708.4593,4.2,2023-10-28
NCM17,8.691,LF,0.033108,Household,OUT017,2007,,Tier 2,Supermarket Type1,677.0962,4.1,2022-02-07
FDR15,7.06,low fat,0.026745,Baking Goods,OUT046,1997,Small,Tier 1,Supermarket Type1,1780.6484,3.384,2022-01-06
FDS36,4.917,Regular,0.029872,Frozen Foods,OUT045,2002,,Tier 2,Supermarket Type1,2978.7806,3.966,2022-11-29
FDU16,5.752,Regular,0.08179,Meat,OUT035,2004,Small,Tier 2,Supermarket Type1,2114.0768,4.439,2022-07-09
DRK43,19.927,low fat,0.075076,Soft Drinks,OUT018,2009,Medium,Tier 3,Supermarket Type2,6663.9809,4.0,2023-09-23
FDM32,5.073,Regular,0.061881,Seafood,OUT019,1985,Small,Tier 1,Grocery Store,559.4638,4.8,2022-11-09
FDW12,20.945, Regular,0.017221,Breakfast,OUT018,2009,Medium,Tier 3,Supermarket Type2,2245.2912,4.1,2023-05-04
FDR28,20.735,LF,0.073349,Dairy,OUT035,2004,Small,Tier 2,Supermarket Type1,8117.0181,4.4,2022-08-03
FDQ30,6.323,Regular,0.075313,Meat,OUT035,2004,Small,Tier 2,Supermarket Type1,1736.7992,3.5,2022-05-11
DRC23,5.584,Regular,0.037318,Soft Drinks,OUT045,2002,,Tier 2,Supermarket Type1,1981.3577,4.1,2022-03-10
FDY18,14.949,Regular,0.016774,Snack Foods,OUT049,1999,Medium,Tier 1,Supermarket Type1,2303.0245,4.1,2023-09-28
FDW16,,reg,0.022026,Canned,OUT017,2007,,Tier 2,Supermarket Type1,2158.6241,3.7,2022-02-02
FDN52,15.635,LF,0.081351,Snack Foods,OUT035,2004,Small,Tier 2,Supermarket Type1,3288.83,4.3,2023-03-07
FDV33,8.335,Regular,0.091818,Dairy,OUT045,2002,,Tier 2,Supermarket Type1,1997.0584,4.0,2022-06-23
NCG55,13.309,LF,0.093972,Household,OUT019,1985,Small,Tier 1,Grocery Store,964.3103,3.5,2022-02-19
FDQ34,19.162, Regular,0.131971,Seafood,OUT035,2004,Small,Tier 2,Supermarket Type1,1983.4687,3.9,2023-06-14
FDW39,,Low Fat ,0.025733,Snack Foods,OUT049,1999,Medium,Tier 1,Supermarket Type1,2724.9181,4.1,2023-03-23
FDW23,10.785,low fat,0.043005,Frozen Foods,OUT019,1985,Small,Tier 1,Grocery Store,2232.8004,3.7,2022-08-25
FDB23,20.641,Low Fat,0.018093,Fruits and Vegetables,OUT045,2002,,Tier 2,Supermarket Type1,1627.0005,3.7,2022-02-28
NCK13,,Low Fat,0.109272,Health and Hygiene,OUT013,1987,High,Tier 3,Supermarket Type1,2199.9246,3.4,2023-07-23
FDF36,14.458,reg,0.032078,Fruits and Vegetables,OUT013,1987,High,Tier 3,Supermarket Type1,3254.2296,4.18,2023-12-22
FDS11,16.931,LF,0.044251,Fruits and Vegetables,OUT045,2002,,Tier 2,Supermarket Type1,2045.9537,4.1,2022-09-23
FDX39,18.074,Low Fat ,0.061862,Dairy,OUT027,1985,Medium,Tier 3,Supermarket Type3,3620.6843,4.6,2022-02-01
FDB23,,LF,0.027632,Fruits and Vegetables,OUT019,1985,Small,Tier 1,Grocery Store,597.3914,3.7,2022-01-18
FDE31,11.77,Low Fat ,0.022947,Meat,OUT010,1998,,Tier 3,Grocery Store,776.0846,4.1,2023-08-20
FDG53,11.484,Low Fat ,0.052906,Seafood,OUT045,2002,,Tier 2,Supermarket Type1,1874.9948,3.5,2023-07-25
DRE13,,Low Fat ,0.044976,Soft Drinks,OUT018,2009,Medium,Tier 3,Supermarket Type2,4395.5561,3.6,2022-06-07
FDR10,,Low Fat ,0.045206,Baking Goods,OUT019,1985,Small,Tier 1,Grocery Store,1239.8017,3.7,2022-08-07
FDX52,18.043,LF,0.023253,Baking Goods,OUT035,2004,Small,Tier 2,Supermarket Type1,2350.9407,4.1,2022-06-03
NCX59,19.495,Low Fat ,0.048922,Household,OUT049,1999,Medium,Tier 1,Supermarket Type1,5572.7219,4.2,2023-04-17
NCW32,9.188,Low Fat,0.039138,Health and Hygiene,OUT027,1985,Medium,Tier 3,Supermarket Type3,6828.2079,4.22,2022-10-05
NCA49,12.998,low fat,0.034352,Household,OUT027,1985,Medium,Tier 3,Supermarket Type3,3492.2226,3.8,2022-06-16
FDS11,16.931,LF,0.056588,Fruits and Vegetables,OUT046,1997,Small,Tier 1,Supermarket Type1,2005.7665,4.2,2023-07-07
FDR17,12.687,LF,0.024837,Baking Goods,OUT045,2002,,Tier 2,Supermarket Type1,2845.7444,3.5,2023-09-04
FDD27,19.047,Regular,0.104306,Baking Goods,OUT018,2009,Medium,Tier 3,Supermarket Type2,1160.78,3.3,2023-02-18
FDN39,8.43,Low Fat ,0.067534,Snack Foods,OUT010,1998,,Tier 3,Grocery Store,485.3959,4.8,2023-05-02
FDX25,10.301,low fat,0.014894,Snack Foods,OUT049,1999,Medium,Tier 1,Supermarket Type1,3184.5549,4.1,2022-12-16
FDU14,,LF,0.158562,Meat,OUT035,2004,Small,Tier 2,Supermarket Type1,2968.3424,4.3,2023-12-16
FDA44,21.324,reg,0.08008,Baking Goods,OUT017,2007,,Tier 2,Supermarket Type1,2832.7128,4.373,2022-01-09
NCX49,17.172,LF,0.009065,Health and Hygiene,OUT018,2009,Medium,Tier 3,Supermarket Type2,1752.182,4.4,2023-01-12
FDV55,9.746,low fat,0.031656,Snack Foods,OUT049,1999,Medium,Tier 1,Supermarket Type1,3193.1527,3.6,2023-02-25
FDJ32,12.271,Low Fat ,0.03525,Dairy,OUT017,2007,,Tier 2,Supermarket Type1,3222.1545,4.5,2023-10-20
FDG28,19.838,Low Fat,0.137138,Meat,OUT046,1997,Small,Tier 1,Supermarket Type1,2412.9389,3.7,2023-03-20
FDY23,,LF,0.047659,Baking Goods,OUT049,1999,Medium,Tier 1,Supermarket Type1,1394.5158,3.9,2022-03-09
NCV42,5.663,Low Fat,0.143262,Health and Hygiene,OUT017,2007,,Tier 2,Supermarket Type1,1085.3153,4.0,2023-03-29
DRX30,8.157,LF,0.097086,Soft Drinks,OUT017,2007,,Tier 2,Supermarket Type1,2775.7858,4.1,2022-01-24
FDW36,9.086,LF,0.043693,Frozen Foods,OUT018,2009,Medium,Tier 3,Supermarket Type2,1929.9996,4.1,2022-05-02
FDR26,19.935,LF,0.02939,Dairy,OUT010,1998,,Tier 3,Grocery Store,662.3756,3.6,2023-08-11
FDB43,9.581,Regular,0.070845,Dairy,OUT027,1985,Medium,Tier 3,Supermarket Type3,5820.9352,4.7,2022-04-20
FDS53,15.892,LF,0.05097,Fruits and Vegetables,OUT013,1987,High,Tier 3,Supermarket Type1,2005.2208,4.9,2023-09-14
NCN50,7.41,low fat,0.055539,Household,OUT010,1998,,Tier 3,Grocery Store,874.9034,3.7,2022-02-24
FDK27,10.421,LF,0.071628,Fruits and Vegetables,OUT018,2009,Medium,Tier 3,Supermarket Type2,1483.2848,4.3,2022-01-13
DRB41,15.68,low fat,0.007054,Soft Drinks,OUT019,1985,Small,Tier 1,Grocery Store,234.5168,4.2,2022-02-04
FDE41,,Low Fat,0.019126,Frozen Foods,OUT046,1997,Small,Tier 1,Supermarket Type1,1921.3917,3.6,2023-05-23
FDA12,12.721,Low Fat,0.048139,Dairy,OUT019,1985,Small,Tier 1,Grocery Store,1034.4683,3.7,2022-10-21
FDR55,5.31,Regular,0.016746,Fruits and Vegetables,OUT035,2004,Small,Tier 2,Supermarket Type1,2029.7272,4.3,2022-02-12
FDA20,5.554,Low Fat ,0.069994,Fruits and Vegetables,OUT018,2009,Medium,Tier 3,Supermarket Type2,3423.9774,4.2,2022-09-02
NCV48,,Low Fat ,0.0,Health and Hygiene,OUT018,2009,Medium,Tier 3,Supermarket Type2,855.2075,4.4,2022-01-15
FDJ55,6.063,LF,0.109591,Frozen Foods,OUT017,2007,,Tier 2,Supermarket Type1,2035.3535,4.1,2022-06-14
FDJ57,8.897,Low Fat,0.013952,Snack Foods,OUT013,1987,High,Tier 3,Supermarket Type1,4427.9446,4.7,2022-08-10
FDS21,14.595,Low Fat ,0.06192,Dairy,OUT019,1985,Small,Tier 1,Grocery Store,1101.5062,5.0,2022-01-04
FDR43,5.547,Regular,0.033753,Canned,OUT049,1999,Medium,Tier 1,Supermarket Type1,1699.6411,4.7,2023-03-13
NCB36,10.14,LF,0.066278,Household,OUT017,2007,,Tier 2,Supermarket Type1,4084.6747,4.0,2022-09-12
FDR25,11.994,reg,0.052338,Fruits and Vegetables,OUT035,2004,Small,Tier 2,Supermarket Type1,3217.7617,4.7,2023-10-10
FDY19,6.764,low fat,0.089095,Dairy,OUT013,1987,High,Tier 3,Supermarket Type1,1347.2724,4.2,2023-04-13
FDY25,18.173,Regular,0.011897,Snack Foods,OUT035,2004,Small,Tier 2,Supermarket Type1,1912.2402,4.1,2022-06-01
NCJ56,5.504,Low Fat,0.057762,Household,OUT035,2004,Small,Tier 2,Supermarket Type1,5090.3836,4.5,2022-11-25
FDS44,14.082,reg,0.0,Canned,OUT035,2004,Small,Tier 2,Supermarket Type1,2353.0818,3.4,2022-08-23
FDJ42,16.967,Low Fat,0.05597,Snack Foods,OUT017,2007,,Tier 2,Supermarket Type1,5139.7396,4.237,2023-01-09
FDA28,,low fat,0.168272,Dairy,OUT049,1999,Medium,Tier 1,Supermarket Type1,3898.7346,4.697,2023-12-17
FDW26,9.187,low fat,0.057611,Meat,OUT046,1997,Small,Tier 1,Supermarket Type1,2698.7161,4.1,2022-02-11
DRX50,11.006,low fat,0.076727,Hard Drinks,OUT046,1997,Small,Tier 1,Supermarket Type1,4666.1537,3.7,2022-05-10
FDF46,12.504,Low Fat,0.134907,Dairy,OUT027,1985,Medium,Tier 3,Supermarket Type3,4385.654,4.5,2023-09-06
FDH33,13.406,Low Fat,0.092744,Canned,OUT049,1999,Medium,Tier 1,Supermarket Type1,1937.7218,4.4,2022-12-08
FDC34,19.864, Regular,0.016802,Frozen Foods,OUT018,2009,Medium,Tier 3,Supermarket Type2,2283.7178,3.5,2022-07-30
FDP14,11.67,Regular,0.09209,Snack Foods,OUT027,1985,Medium,Tier 3,Supermarket Type3,7050.7492,4.0,2023-12-13
FDF58,11.431,low fat,0.164256,Breads,OUT027,1985,Medium,Tier 3,Supermarket Type3,3758.1243,3.2,2022-12-08
FDQ13,17.802,Low Fat,0.055252,Fruits and Vegetables,OUT013,1987,High,Tier 3,Supermarket Type1,5552.6908,4.6,2023-02-03
FDJ18,20.204,reg,0.0,Meat,OUT013,1987,High,Tier 3,Supermarket Type1,1107.9277,3.462,2022-11-03
DRR46,21.165,reg,0.044139,Hard Drinks,OUT017,2007,,Tier 2,Supermarket Type1,4983.9422,4.0,2023-01-12
FDF42,16.398,reg,0.110664,Snack Foods,OUT027,1985,Medium,Tier 3,Supermarket Type3,8263.1675,4.3,2023-02-27
FDP55,,reg,0.025415,Frozen Foods,OUT017,2007,,Tier 2,Supermarket Type1,1718.4968,4.0,2023-04-13
FDJ13,13.501,reg,0.089535,Fruits and Vegetables,OUT017,2007,,Tier 2,Supermarket Type1,1723.746,3.7,2022-10-25
FDY12,10.827,LF,0.016255,Fruits and Vegetables,OUT035,2004,Small,Tier 2,Supermarket Type1,2748.8916,4.2,2022-06-14
NCC20,6.176,Low Fat,0.040165,Household,OUT045,2002,,Tier 2,Supermarket Type1,1070.1021,4.1,2022-02-21
FDE37,4.89,reg,0.289177,Frozen Foods,OUT027,1985,Medium,Tier 3,Supermarket Type3,8628.1958,4.1,2022-05-22
NCK59,14.584,Low Fat,0.041475,Health and Hygiene,OUT010,1998,,Tier 3,Grocery Store,531.9591,3.872,2023-07-06
FDC24,14.825,reg,0.036448,Meat,OUT049,1999,Medium,Tier 1,Supermarket Type1,2171.6545,3.8,2023-12-30
FDX57,14.882,Low Fat,0.062089,Meat,OUT049,1999,Medium,Tier 1,Supermarket Type1,4556.9033,3.5,2023-11-06
FDK45,12.951,reg,0.17199,Snack Foods,OUT018,2009,Medium,Tier 3,Supermarket Type2,1857.225,4.3,2023-01-09
FDB32,6.61,low fat,0.036724,Starchy Foods,OUT046,1997,Small,Tier 1,Supermarket Type1,3669.1624,3.2,2023-06-20
FDA18,18.989,reg,0.022836,Seafood,OUT018,2009,Medium,Tier 3,Supermarket Type2,2289.3825,3.9,2022-10-18
FDM42,5.835, Regular,0.039093,Snack Foods,OUT017,2007,,Tier 2,Supermarket Type1,1051.2037,4.0,2023-04-26
FDR51,16.122,LF,0.048105,Baking Goods,OUT046,1997,Small,Tier 1,Supermarket Type1,1885.4459,4.5,2022-12-21
FDP24,,Low Fat,0.100377,Starchy Foods,OUT018,2009,Medium,Tier 3,Supermarket Type2,8246.6145,4.1,2022-09-08
FDN15,12.135,Regular,0.064788,Baking Goods,OUT018,2009,Medium,Tier 3,Supermarket Type2,3730.0081,3.672,2022-04-26
FDW52,10.734, Regular,0.09636,Frozen Foods,OUT049,1999,Medium,Tier 1,Supermarket Type1,3261.2633,3.5,2022-02-24
FDU52,10.244,low fat,0.035636,Frozen Foods,OUT046,1997,Small,Tier 1,Supermarket Type1,4814.7586,4.6,2023-06-02
NCU13,17.293,low fat,0.020582,Health and Hygiene,OUT046,1997,Small,Tier 1,Supermarket Type1,2402.9862,3.492,2022-03-23
FDF21,11.97,reg,0.063466,Meat,OUT027,1985,Medium,Tier 3,Supermarket Type3,2639.235,4.0,2022-11-21
FDR57,8.003,low fat,0.029834,Dairy,OUT046,1997,Small,Tier 1,Supermarket Type1,1210.313,3.803,2023-04-17
FDH38,13.559,Regular,0.053054,Snack Foods,OUT035,2004,Small,Tier 2,Supermarket Type1,1604.1899,4.3,2023-10-07
NCS49,13.575,LF,0.094043,Health and Hygiene,OUT049,1999,Medium,Tier 1,Supermarket Type1,1393.6598,3.9,2022-12-21
FDQ34,,reg,0.212327,Seafood,OUT013,1987,High,Tier 3,Supermarket Type1,7214.7386,4.2,2023-05-10
FDQ49,14.592,low fat,0.086849,Meat,OUT010,1998,,Tier 3,Grocery Store,1021.9914,4.1,2023-08-22
FDY59,,Regular,0.026693,Frozen Foods,OUT018,2009,Medium,Tier 3,Supermarket Type2,1603.8264,4.6,2022-07-24
DRR20,8.315,low fat,0.030373,Soft Drinks,OUT017,2007,,Tier 2,Supermarket Type1,1550.8808,3.5,2023-12-06
FDG31,,low fat,0.050946,Seafood,OUT045,2002,,Tier 2,Supermarket Type1,2520.1044,4.2,2023-04-07
FDH19,17.679,Regular,0.067432,Breads,OUT018,2009,Medium,Tier 3,Supermarket Type2,1056.2147,4.2,2022-07-01
DRS53,14.269, Regular,0.0,Soft Drinks,OUT010,1998,,Tier 3,Grocery Store,1452.406,4.2,2022-10-12
FDF19,19.185,low fat,0.088364,Frozen Foods,OUT035,2004,Small,Tier 2,Supermarket Type1,4180.7338,4.2,2022-04-28
NCP41,15.339,Low Fat ,0.129181,Household,OUT027,1985,Medium,Tier 3,Supermarket Type3,10267.9202,3.6,2022-10-05
DRS53,14.269, Regular,0.044736,Soft Drinks,OUT017,2007,,Tier 2,Supermarket Type1,1574.125,4.095,2023-06-03
NCK48,10.251,Low Fat ,0.024351,Health and Hygiene,OUT017,2007,,Tier 2,Supermarket Type1,627.9808,4.8,2023-01-04
FDW10,12.106,Low Fat,0.026349,Canned,OUT013,1987,High,Tier 3,Supermarket Type1,2410.3066,3.526,2022-09-26
NCV44,6.268,Low Fat ,0.023456,Household,OUT049,1999,Medium,Tier 1,Supermarket Type1,386.2958,3.5,2022-07-11
FDY10,17.266,Low Fat ,0.038137,Fruits and Vegetables,OUT049,1999,Medium,Tier 1,Supermarket Type1,2641.453,4.1,2022-08-20
DRK50,7.483,Regular,0.02004,Soft Drinks,OUT045,2002,,Tier 2,Supermarket Type1,572.7527,3.9,2022-01-08
NCV17,16.21,Low Fat,0.064665,Others,OUT046,1997,Small,Tier 1,Supermarket Type1,2321.5176,3.818,2023-04-26
FDJ38,10.352,reg,0.010045,Breakfast,OUT013,1987,High,Tier 3,Supermarket Type1,3525.4062,3.9,2022-08-01
NCM35,,Low Fat ,0.098651,Household,OUT018,2009,Medium,Tier 3,Supermarket Type2,5880.8378,4.4,2023-04-22
FDP16,20.034, Regular,0.084026,Snack Foods,OUT035,2004,Small,Tier 2,Supermarket Type1,2395.7323,4.1,2022-08-31
FDB31,15.89, Regular,0.086615,Snack Foods,OUT010,1998,,Tier 3,Grocery Store,834.0341,4.4,2022-01-07
FDR26,,Low Fat,0.0,Dairy,OUT019,1985,Small,Tier 1,Grocery Store,318.3181,3.708,2022-01-01
NCC46,,Low Fat,0.04256,Household,OUT017,2007,,Tier 2,Supermarket Type1,3478.4003,4.0,2023-08-19
FDV56,7.399,reg,0.05179,Breads,OUT046,1997,Small,Tier 1,Supermarket Type1,4519.502,3.6,2023-12-31
FDA51,12.561,reg,0.021892,Meat,OUT035,2004,Small,Tier 2,Supermarket Type1,1431.4507,4.4,2023-11-25
FDJ11,19.325,reg,0.042259,Fruits and Vegetables,OUT013,1987,High,Tier 3,Supermarket Type1,2282.9912,3.8,2023-03-08
FDQ22,20.353,LF,0.026862,Dairy,OUT049,1999,Medium,Tier 1,Supermarket Type1,1203.1336,4.1,2023-12-05
FDB46,, Regular,0.0,Dairy,OUT049,1999,Medium,Tier 1,Supermarket Type1,1982.907,4.0,2023-07-18
FDQ59,14.942,Low Fat,0.046722,Fruits and Vegetables,OUT017,2007,,Tier 2,Supermarket Type1,3415.9249,4.2,2023-08-15
FDY34,14.442,low fat,0.081675,Breads,OUT013,1987,High,Tier 3,Supermarket Type1,5052.4127,4.8,2023-11-14
NCQ55,11.142,Low Fat,0.038837,Health and Hygiene,OUT017,2007,,Tier 2,Supermarket Type1,2213.5498,4.1,2022-11-27
FDJ39,7.398,LF,0.037401,Snack Foods,OUT027,1985,Medium,Tier 3,Supermarket Type3,2454.8312,4.4,2023-11-15
FDB24,18.42,low fat,0.083809,Fruits and Vegetables,OUT027,1985,Medium,Tier 3,Supermarket Type3,5579.0604,4.017,2022-05-05
NCU10,18.955,low fat,0.0,Household,OUT035,2004,Small,Tier 2,Supermarket Type1,4072.4524,3.274,2023-10-02
NCV32,,low fat,0.077546,Household,OUT035,2004,Small,Tier 2,Supermarket Type1,2281.7039,4.2,2022-10-31
FDJ26,13.546,Regular,0.045418,Fruits and Vegetables,OUT046,1997,Small,Tier 1,Supermarket Type1,1076.4802,3.8,2023-03-28
DRM44,11.912, Regular,0.019688,Hard Drinks,OUT018,2009,Medium,Tier 3,Supermarket Type2,1910.7492,3.8,2023-02-16
FDX58,16.851,reg,0.052217,Starchy Foods,OUT049,1999,Medium,Tier 1,Supermarket Type1,948.645,4.0,2023-10-09
FDV27,5.974,reg,0.058523,Fruits and Vegetables,OUT013,1987,High,Tier 3,Supermarket Type1,4125.7226,3.7,2022-10-09
FDN57,,LF,0.024968,Frozen Foods,OUT035,2004,Small,Tier 2,Supermarket Type1,1123.1613,3.3,2023-02-02
FDN43,15.12,reg,0.029767,Baking Goods,OUT049,1999,Medium,Tier 1,Supermarket Type1,2315.5372,4.1,2022-05-21
FDX32,11.921,Regular,0.045953,Canned,OUT045,2002,,Tier 2,Supermarket Type1,1562.8325,4.067,2022-09-15
FDB25,17.428,Low Fat ,0.022537,Breads,OUT018,2009,Medium,Tier 3,Supermarket Type2,3459.0181,3.6,2023-06-18
NCQ22,14.662,low fat,0.093126,Health and Hygiene,OUT017,2007,,Tier 2,Supermarket Type1,3427.4297,4.216,2022-01-10
FDM26,15.239,reg,0.0,Breads,OUT027,1985,Medium,Tier 3,Supermarket Type3,9392.7723,3.979,2022-04-13
FDG21,7.985,Low Fat ,0.041807,Dairy,OUT049,1999,Medium,Tier 1,Supermarket Type1,2964.9385,3.8,2022-11-04
NCP21,19.786,Low Fat,0.071828,Health and Hygiene,OUT046,1997,Small,Tier 1,Supermarket Type1,1904.3451,4.2,2022-08-21
FDY14,15.915,Low Fat ,0.076675,Fruits and Vegetables,OUT045,2002,,Tier 2,Supermarket Type1,4970.0549,4.3,2023-08-26
DRB20,20.81, Regular,0.038975,Hard Drinks,OUT035,2004,Small,Tier 2,Supermarket Type1,2195.2653,4.1,2022-10-15
NCK17,5.885,Low Fat,0.071693,Household,OUT027,1985,Medium,Tier 3,Supermarket Type3,1811.7567,4.5,2022-08-30
FDB52,18.889,LF,0.030219,Baking Goods,OUT049,1999,Medium,Tier 1,Supermarket Type1,1394.9672,3.818,2022-02-06
FDW11,,Low Fat ,0.140558,Fruits and Vegetables,OUT018,2009,Medium,Tier 3,Supermarket Type2,3590.8396,4.7,2023-08-14
FDR44,20.279,LF,0.078846,Fruits and Vegetables,OUT049,1999,Medium,Tier 1,Supermarket Type1,2075.0642,4.0,2023-03-02
FDE14,7.161,Low Fat,0.198363,Snack Foods,OUT045,2002,,Tier 2,Supermarket Type1,3090.7193,4.5,2022-05-14
FDM50,11.67,low fat,0.045493,Frozen Foods,OUT017,2007,,Tier 2,Supermarket Type1,4481.5813,4.021,2022-10-22
FDP28,12.295,Regular,0.020974,Baking Goods,OUT046,1997,Small,Tier 1,Supermarket Type1,1354.1363,3.9,2022-06-07
FDS20,12.963,low fat,0.110173,Frozen Foods,OUT027,1985,Medium,Tier 3,Supermarket Type3,2963.96,3.8,2023-03-13
FDF22,6.651,reg,0.031938,Snack Foods,OUT046,1997,Small,Tier 1,Supermarket Type1,2512.3638,3.703,2023-08-11
FDH46,8.263,Regular,0.015115,Baking Goods,OUT045,2002,,Tier 2,Supermarket Type1,3101.5676,3.2,2023-05-22
FDQ55,,Low Fat,0.033254,Baking Goods,OUT027,1985,Medium,Tier 3,Supermarket Type3,1787.5449,3.7,2023-04-25
FDP17,16.082,reg,0.061984,Canned,OUT017,2007,,Tier 2,Supermarket Type1,1716.0177,4.503,2022-07-04
FDK56,,Low Fat ,0.029942,Frozen Foods,OUT045,2002,,Tier 2,Supermarket Type1,1872.9917,3.5,2022-05-28
DRW13,11.732, Regular,0.03795,Soft Drinks,OUT027,1985,Medium,Tier 3,Supermarket Type3,2032.2859,4.5,2023-10-12
NCE23,,LF,0.045173,Household,OUT045,2002,,Tier 2,Supermarket Type1,2909.5224,4.074,2023-09-20
FDW34,17.927,Low Fat,0.128817,Baking Goods,OUT018,2009,Medium,Tier 3,Supermarket Type2,1033.7107,4.021,2022-04-22
FDD22,6.694,low fat,0.043166,Breads,OUT045,2002,,Tier 2,Supermarket Type1,1715.2072,4.2,2023-10-26
FDM50,,Low Fat,0.006959,Frozen Foods,OUT035,2004,Small,Tier 2,Supermarket Type1,929.4853,4.1,2023-01-02
FDS46,16.481,Regular,0.139976,Snack Foods,OUT018,2009,Medium,Tier 3,Supermarket Type2,2811.3588,4.391,2023-05-23
FDH28,20.909, Regular,0.009685,Frozen Foods,OUT017,2007,,Tier 2,Supermarket Type1,3890.256,4.3,2023-06-26
FDF43,4.95,LF,0.054652,Frozen Foods,OUT035,2004,Small,Tier 2,Supermarket Type1,3644.7195,4.1,2022-01-16
FDP34,,Low Fat ,0.052927,Snack Foods,OUT018,2009,Medium,Tier 3,Supermarket Type2,1569.6462,4.0,2023-06-09
DRD28,12.916,Low Fat,0.048098,Hard Drinks,OUT017,2007,,Tier 2,Supermarket Type1,1218.8813,3.4,2023-01-01
DRS39,19.12,LF,0.038957,Soft Drinks,OUT027,1985,Medium,Tier 3,Supermarket Type3,3771.0217,3.9,2022-10-27
FDP42,10.581,low fat,0.054169,Canned,OUT045,2002,,Tier 2,Supermarket Type1,11032.9141,4.6,2023-10-30
FDJ50,,Regular,0.011916,Breakfast,OUT027,1985,Medium,Tier 3,Supermarket Type3,2619.6834,4.2,2023-11-19
NCQ52,,Low Fat ,0.037615,Household,OUT017,2007,,Tier 2,Supermarket Type1,3754.8512,4.1,2023-03-26
NCW18,13.063,LF,0.037061,Household,OUT019,1985,Small,Tier 1,Grocery Store,3796.1747,3.9,2023-09-19
DRN50,14.272,reg,0.046312,Soft Drinks,OUT046,1997,Small,Tier 1,Supermarket Type1,3362.3282,4.4,2023-02-12
FDX24,12.548,Regular,0.04058,Frozen Foods,OUT027,1985,Medium,Tier 3,Supermarket Type3,2729.713,3.9,2022-11-17
FDP49,19.303,reg,0.092334,Frozen Foods,OUT027,1985,Medium,Tier 3,Supermarket Type3,3035.6308,4.1,2022-12-29
FDH21,16.939,Low Fat,0.058743,Dairy,OUT010,1998,,Tier 3,Grocery Store,2808.1843,4.2,2022-09-03
NCG46,,LF,0.046846,Others,OUT035,2004,Small,Tier 2,Supermarket Type1,4847.1531,4.0,2022-04-02
FDF19,19.185,low fat,0.031047,Frozen Foods,OUT017,2007,,Tier 2,Supermarket Type1,861.8379,3.873,2022-06-18
DRH12,4.791, Regular,0.041566,Soft Drinks,OUT049,1999,Medium,Tier 1,Supermarket Type1,1449.5524,4.0,2022-04-04
FDP35,,Low Fat ,0.07001,Breakfast,OUT027,1985,Medium,Tier 3,Supermarket Type3,2016.9181,3.6,2022-11-11
FDE48,20.213,Low Fat,0.051863,Canned,OUT035,2004,Small,Tier 2,Supermarket Type1,4057.3165,4.3,2022-06-21
DRD42,19.259,Low Fat ,0.069546,Hard Drinks,OUT018,2009,Medium,Tier 3,Supermarket Type2,1023.3642,4.394,2023-09-22
FDV40,16.19,Low Fat ,0.07017,Fruits and Vegetables,OUT018,2009,Medium,Tier 3,Supermarket Type2,2717.5271,3.73,2022-07-08
FDJ49,19.666,Low Fat ,0.044787,Breads,OUT046,1997,Small,Tier 1,Supermarket Type1,2376.6968,3.7,2022-07-12
FDD41,11.807,Low Fat ,0.044564,Snack Foods,OUT035,2004,Small,Tier 2,Supermarket Type1,3476.3848,4.075,2022-09-13
FDW51,15.542,Regular,0.0,Baking Goods,OUT017,2007,,Tier 2,Supermarket Type1,1204.9921,3.8,2022-01-29
FDV49,6.201, Regular,0.054076,Breads,OUT045,2002,,Tier 2,Supermarket Type1,4133.7859,4.7,2023-08-05
FDX27,16.83,Low Fat,0.028852,Breakfast,OUT018,2009,Medium,Tier 3,Supermarket Type2,3898.1793,3.4,2022-01-27
FDR57,8.003,LF,0.06536,Dairy,OUT049,1999,Medium,Tier 1,Supermarket Type1,2231.5364,4.1,2022-04-26
FDA32,16.316,Regular,0.08592,Frozen Foods,OUT045,2002,,Tier 2,Supermarket Type1,2280.9083,4.0,2023-10-18
FDD48,18.431,Low Fat ,0.0,Fruits and Vegetables,OUT027,1985,Medium,Tier 3,Supermarket Type3,1644.9743,4.4,2023-12-13
DRD42,19.259,Low Fat,0.086205,Hard Drinks,OUT019,1985,Small,Tier 1,Grocery Store,371.1747,3.1,2023-05-09
FDX48,11.016,Low Fat ,0.101713,Dairy,OUT017,2007,,Tier 2,Supermarket Type1,2506.4575,4.395,2022-02-26
FDX33,17.218,Low Fat,0.051724,Breads,OUT013,1987,High,Tier 3,Supermarket Type1,1490.902,3.8,2022-05-16
FDR36,13.532,Low Fat,0.058303,Baking Goods,OUT013,1987,High,Tier 3,Supermarket Type1,1800.3394,3.7,2022-11-08
NCS50,,LF,0.230671,Health and Hygiene,OUT010,1998,,Tier 3,Grocery Store,2231.8291,3.5,2023-04-07
FDR46,20.099,LF,0.05741,Fruits and Vegetables,OUT018,2009,Medium,Tier 3,Supermarket Type2,9365.0682,4.0,2023-04-08
FDU50,16.604,Low Fat ,0.034281,Dairy,OUT035,2004,Small,Tier 2,Supermarket Type1,2021.3009,4.6,2022-09-21
FDE44,6.406,Regular,0.032433,Fruits and Vegetables,OUT035,2004,Small,Tier 2,Supermarket Type1,1600.5562,4.2,2023-05-14
FDG32,5.767, Regular,0.082981,Frozen Foods,OUT017,2007,,Tier 2,Supermarket Type1,4415.289,4.195,2023-10-30
NCF31,10.84,LF,0.02137,Household,OUT045,2002,,Tier 2,Supermarket Type1,2234.5077,4.2,2023-07-28
FDU33,7.71,Low Fat ,0.045094,Breads,OUT046,1997,Small,Tier 1,Supermarket Type1,1306.4505,3.1,2023-11-10
NCW18,13.063,low fat,0.031883,Household,OUT046,1997,Small,Tier 1,Supermarket Type1,6070.8375,4.3,2023-10-19
FDE39,20.416,low fat,0.045201,Meat,OUT010,1998,,Tier 3,Grocery Store,1769.7297,4.1,2022-12-10
FDA56,18.497,LF,0.08291,Snack Foods,OUT013,1987,High,Tier 3,Supermarket Type1,1749.8661,4.2,2023-10-21
FDN59,8.55, Regular,0.174419,Baking Goods,OUT046,1997,Small,Tier 1,Supermarket Type1,2247.9735,4.3,2023-11-25
NCS30,5.594,Low Fat,0.051368,Household,OUT027,1985,Medium,Tier 3,Supermarket Type3,933.2503,4.3,2022-07-19
FDC26,,reg,0.070561,Snack Foods,OUT049,1999,Medium,Tier 1,Supermarket Type1,4255.5149,4.1,2023-05-08
FDX51,12.577, Regular,0.043482,Frozen Foods,OUT019,1985,Small,Tier 1,Grocery Store,895.1804,3.4,2023-06-27
NCH23,10.774,Low Fat,0.035512,Household,OUT045,2002,,Tier 2,Supermarket Type1,1297.4437,3.7,2022-04-26
NCW40,15.489,low fat,0.065183,Household,OUT013,1987,High,Tier 3,Supermarket Type1,923.2752,3.7,2022-01-14
NCG16,,Low Fat ,0.070172,Others,OUT045,2002,,Tier 2,Supermarket Type1,3259.4132,4.2,2023-09-21
DRN52,12.709,reg,0.159456,Soft Drinks,OUT013,1987,High,Tier 3,Supermarket Type1,1442.6341,3.9,2023-03-19
DRE22,,low fat,0.04208,Soft Drinks,OUT010,1998,,Tier 3,Grocery Store,490.8708,4.0,2022-05-13
FDD30,, Regular,0.039461,Fruits and Vegetables,OUT013,1987,High,Tier 3,Supermarket Type1,2879.9016,4.3,2022-04-01
FDA55,6.279,reg,0.055481,Fruits and Vegetables,OUT049,1999,Medium,Tier 1,Supermarket Type1,2600.9264,4.5,2023-07-01
NCK17,5.885,low fat,0.048776,Household,OUT045,2002,,Tier 2,Supermarket Type1,962.0081,4.012,2022-01-11
FDY35,15.905, Regular,0.05853,Canned,OUT018,2009,Medium,Tier 3,Supermarket Type2,3022.9603,4.1,2023-07-23
FDG12,7.121,LF,0.034999,Meat,OUT027,1985,Medium,Tier 3,Supermarket Type3,13086.9648,3.6,2022-09-22
FDV14,17.416,Regular,0.021465,Baking Goods,OUT035,2004,Small,Tier 2,Supermarket Type1,886.7763,3.5,2022-11-11
NCQ26,6.334,low fat,0.020604,Household,OUT035,2004,Small,Tier 2,Supermarket Type1,1630.4872,4.3,2022-11-12
FDS34,,Regular,0.008351,Baking Goods,OUT017,2007,,Tier 2,Supermarket Type1,1507.1126,3.5,2023-07-30
DRU56,15.099,low fat,0.044858,Soft Drinks,OUT027,1985,Medium,Tier 3,Supermarket Type3,4443.1871,3.796,2023-09-30
NCQ56,8.501,LF,0.011965,Health and Hygiene,OUT027,1985,Medium,Tier 3,Supermarket Type3,3924.7537,3.6,2022-03-03
FDF48,10.826,low fat,0.025627,Breads,OUT046,1997,Small,Tier 1,Supermarket Type1,2175.5366,3.6,2023-05-30
FDK47,5.079,reg,0.017287,Baking Goods,OUT017,2007,,Tier 2,Supermarket Type1,3232.601,3.6,2022-03-20
FDU44,8.169,Low Fat,0.019652,Dairy,OUT018,2009,Medium,Tier 3,Supermarket Type2,1085.2397,3.3,2022-04-27
DRV20,4.713,LF,0.0,Hard Drinks,OUT010,1998,,Tier 3,Grocery Store,2880.1194,3.8,2023-10-05
NCV30,,Low Fat ,0.0,Household,OUT018,2009,Medium,Tier 3,Supermarket Type2,3672.2131,4.2,2022-03-28
FDX35,5.017,low fat,0.227958,Starchy Foods,OUT046,1997,Small,Tier 1,Supermarket Type1,1056.8061,3.6,2022-12-07
FDU31,,Low Fat,0.02108,Breakfast,OUT046,1997,Small,Tier 1,Supermarket Type1,635.1005,3.8,2022-02-25
FDB55,9.062,Regular,0.066526,Meat,OUT045,2002,,Tier 2,Supermarket Type1,4706.41,4.3,2022-08-03
FDQ18,,LF,0.047078,Frozen Foods,OUT019,1985,Small,Tier 1,Grocery Store,679.7288,3.564,2022-06-08
FDJ47,7.268,low fat,0.028827,Snack Foods,OUT046,1997,Small,Tier 1,Supermarket Type1,2758.4987,4.317,2023-08-01
FDB23,20.641,Low Fat ,0.077233,Fruits and Vegetables,OUT035,2004,Small,Tier 2,Supermarket Type1,4133.3389,3.8,2023-02-24
NCK51,,Low Fat ,0.090162,Household,OUT046,1997,Small,Tier 1,Supermarket Type1,1685.9727,3.3,2022-06-19
FDM58,8.108,Low Fat ,0.012338,Snack Foods,OUT010,1998,,Tier 3,Grocery Store,480.4375,4.2,2023-12-12
FDG27,11.083,Low Fat ,0.038063,Dairy,OUT018,2009,Medium,Tier 3,Supermarket Type2,3746.7739,4.2,2023-03-18
DRA49,16.511, Regular,0.035359,Hard Drinks,OUT013,1987,High,Tier 3,Supermarket Type1,4332.8501,3.5,2023-12-26
FDY51,10.12,LF,0.088434,Meat,OUT013,1987,High,Tier 3,Supermarket Type1,2525.6587,3.2,2022-11-10
FDP44,9.515, Regular,0.0,Fruits and Vegetables,OUT018,2009,Medium,Tier 3,Supermarket Type2,4923.4806,4.5,2023-05-18
FDX43,5.725,Regular,0.049146,Frozen Foods,OUT017,2007,,Tier 2,Supermarket Type1,5307.0848,3.5,2023-02-18
FDW33,18.507,Low Fat ,0.024818,Canned,OUT018,2009,Medium,Tier 3,Supermarket Type2,4643.5259,4.2,2023-05-19
DRM17,19.619, Regular,0.106449,Soft Drinks,OUT035,2004,Small,Tier 2,Supermarket Type1,6977.4147,3.883,2022-10-29
FDQ35,5.542, Regular,0.045293,Snack Foods,OUT046,1997,Small,Tier 1,Supermarket Type1,730.5773,4.4,2023-06-20
NCV50,9.676,low fat,0.037144,Health and Hygiene,OUT049,1999,Medium,Tier 1,Supermarket Type1,3170.1608,3.5,2023-04-25
FDQ45,7.219,Regular,0.017766,Frozen Foods,OUT049,1999,Medium,Tier 1,Supermarket Type1,3189.5949,3.59,2023-05-14
FDR39,20.556,Low Fat ,0.060203,Meat,OUT018,2009,Medium,Tier 3,Supermarket Type2,3628.3623,3.9,2022-04-01
NCQ56,8.501,Low Fat,0.0,Health and Hygiene,OUT018,2009,Medium,Tier 3,Supermarket Type2,4028.6587,3.7,2022-09-30
DRC46,14.123,Regular,0.073923,Soft Drinks,OUT035,2004,Small,Tier 2,Supermarket Type1,3651.9413,4.2,2022-04-29
FDA40,,low fat,0.071942,Starchy Foods,OUT035,2004,Small,Tier 2,Supermarket Type1,3336.7811,4.4,2022-10-15
NCD31,,LF,0.051442,Household,OUT019,1985,Small,Tier 1,Grocery Store,675.655,4.1,2022-02-09
FDC56,12.792,Regular,0.074275,Canned,OUT027,1985,Medium,Tier 3,Supermarket Type3,3761.0785,4.12,2023-03-08
FDJ40,,reg,0.062983,Fruits and Vegetables,OUT013,1987,High,Tier 3,Supermarket Type1,2580.9379,3.4,2023-03-13
FDS41,7.539,Regular,0.023072,Meat,OUT049,1999,Medium,Tier 1,Supermarket Type1,1529.6031,4.2,2022-11-16
FDA18,18.989,reg,0.0,Seafood,OUT027,1985,Medium,Tier 3,Supermarket Type3,7872.6056,4.7,2022-09-30
FDP30,9.11,reg,0.052633,Canned,OUT018,2009,Medium,Tier 3,Supermarket Type2,3001.6219,4.4,2022-04-20
FDJ14,16.971,reg,0.02604,Fruits and Vegetables,OUT010,1998,,Tier 3,Grocery Store,568.0435,3.7,2023-08-10
FDW56,,LF,0.072191,Fruits and Vegetables,OUT045,2002,,Tier 2,Supermarket Type1,2905.7741,4.3,2023-10-13
FDC48,16.501,reg,0.035156,Snack Foods,OUT017,2007,,Tier 2,Supermarket Type1,2220.951,4.4,2023-08-21
NCX23,5.977,low fat,0.093747,Household,OUT018,2009,Medium,Tier 3,Supermarket Type2,7580.6065,4.0,2022-11-17
NCX38,16.539,LF,0.034194,Household,OUT018,2009,Medium,Tier 3,Supermarket Type2,4690.0481,3.2,2022-06-29
FDA33,11.471,LF,0.047503,Frozen Foods,OUT049,1999,Medium,Tier 1,Supermarket Type1,2883.2573,4.5,2023-04-08
NCA33,7.735,LF,0.104947,Health and Hygiene,OUT017,2007,,Tier 2,Supermarket Type1,5513.3183,3.7,2023-11-07
FDN19,19.992,Regular,0.074006,Snack Foods,OUT045,2002,,Tier 2,Supermarket Type1,1891.1267,4.0,2023-01-18
FDX33,17.218,low fat,0.019228,Breads,OUT046,1997,Small,Tier 1,Supermarket Type1,3058.6147,3.8,2022-11-08
FDC31,, Regular,0.033796,Snack Foods,OUT027,1985,Medium,Tier 3,Supermarket Type3,5508.1165,4.5,2022-05-13
FDX55,11.307,Regular,0.022711,Snack Foods,OUT017,2007,,Tier 2,Supermarket Type1,1690.8247,4.0,2023-05-30
FDQ50,6.933, Regular,0.073594,Fruits and Vegetables,OUT049,1999,Medium,Tier 1,Supermarket Type1,3431.2065,4.5,2022-11-25
FDP33,12.585,low fat,0.014611,Fruits and Vegetables,OUT018,2009,Medium,Tier 3,Supermarket Type2,7888.5629,3.6,2023-05-10
FDC53,20.982, Regular,0.075542,Meat,OUT017,2007,,Tier 2,Supermarket Type1,2629.9292,4.0,2022-01-15
FDF14,9.674, Regular,0.017936,Canned,OUT017,2007,,Tier 2,Supermarket Type1,1635.6458,4.1,2022-10-30
FDW10,12.106,LF,0.033366,Canned,OUT049,1999,Medium,Tier 1,Supermarket Type1,1503.8115,3.6,2022-05-16
FDG14,12.069,low fat,0.080417,Breakfast,OUT046,1997,Small,Tier 1,Supermarket Type1,1682.4617,3.9,2022-01-20
FDQ56,10.801,low fat,0.015873,Breakfast,OUT049,1999,Medium,Tier 1,Supermarket Type1,1233.4874,4.0,2023-04-01
FDW29,14.51, Regular,0.082286,Dairy,OUT046,1997,Small,Tier 1,Supermarket Type1,3662.9288,4.0,2023-09-09
FDR45,20.449,low fat,0.036999,Snack Foods,OUT013,1987,High,Tier 3,Supermarket Type1,633.0751,3.9,2022-01-06
FDP26,7.446,LF,0.0,Snack Foods,OUT019,1985,Small,Tier 1,Grocery Store,1987.9879,3.7,2023-07-04
DRD10,8.09,Low Fat ,0.116415,Soft Drinks,OUT027,1985,Medium,Tier 3,Supermarket Type3,3954.4197,4.3,2022-10-30
DRE50,14.937,LF,0.027983,Soft Drinks,OUT045,2002,,Tier 2,Supermarket Type1,530.6514,3.7,2022-12-25
FDC34,19.864,Regular,0.034941,Frozen Foods,OUT045,2002,,Tier 2,Supermarket Type1,2989.3506,3.5,2022-10-12
FDE10,9.23,Regular,0.024071,Snack Foods,OUT035,2004,Small,Tier 2,Supermarket Type1,924.1355,4.1,2022-05-16
FDP19,16.68,Low Fat ,0.085154,Dairy,OUT027,1985,Medium,Tier 3,Supermarket Type3,3101.1641,4.6,2022-05-05
FDK30,,LF,0.032293,Snack Foods,OUT045,2002,,Tier 2,Supermarket Type1,959.7057,3.721,2022-04-26
FDK39,7.804,low fat,0.053238,Frozen Foods,OUT018,2009,Medium,Tier 3,Supermarket Type2,3745.8066,4.3,2022-03-31
FDE41,14.773,Low Fat ,0.017359,Frozen Foods,OUT018,2009,Medium,Tier 3,Supermarket Type2,3527.3016,3.888,2022-10-16
FDU44,8.169,LF,0.060972,Dairy,OUT045,2002,,Tier 2,Supermarket Type1,1872.1461,3.795,2022-11-17
FDV42,16.161,Regular,0.058668,Canned,OUT027,1985,Medium,Tier 3,Supermarket Type3,3007.9634,3.9,2022-06-13
FDM56,, Regular,0.125775,Frozen Foods,OUT035,2004,Small,Tier 2,Supermarket Type1,753.3934,4.0,2022-08-20
NCC34,4.652,Low Fat ,0.028271,Health and Hygiene,OUT018,2009,Medium,Tier 3,Supermarket Type2,2476.9974,3.7,2023-10-17
FDU26,10.34,LF,0.050046,Dairy,OUT027,1985,Medium,Tier 3,Supermarket Type3,1235.4254,4.3,2022-07-19
FDU51,,low fat,0.039765,Breakfast,OUT027,1985,Medium,Tier 3,Supermarket Type3,4670.1072,4.0,2023-01-28
FDN59,8.55,Regular,0.02261,Baking Goods,OUT045,2002,,Tier 2,Supermarket Type1,1267.5957,3.9,2022-11-24
FDK11,7.427,Regular,0.03858,Dairy,OUT013,1987,High,Tier 3,Supermarket Type1,4449.9056,3.8,2022-07-06
FDY12,10.827,Low Fat ,0.038693,Fruits and Vegetables,OUT046,1997,Small,Tier 1,Supermarket Type1,2487.8737,4.3,2022-07-06
FDD18,7.044,Low Fat,0.041956,Seafood,OUT018,2009,Medium,Tier 3,Supermarket Type2,1266.5216,3.9,2023-05-12
FDF17,18.58,LF,0.02843,Dairy,OUT035,2004,Small,Tier 2,Supermarket Type1,2336.2099,3.925,2023-01-24
FDK26,19.747,Low Fat ,0.035891,Dairy,OUT035,2004,Small,Tier 2,Supermarket Type1,2117.6473,3.59,2023-11-21
FDD11,,LF,0.072317,Baking Goods,OUT017,2007,,Tier 2,Supermarket Type1,2135.0769,3.362,2022-05-11
FDA52,6.13,reg,0.022466,Canned,OUT027,1985,Medium,Tier 3,Supermarket Type3,4880.5806,3.3,2022-10-23
FDH34,8.424,reg,0.064237,Fruits and Vegetables,OUT045,2002,,Tier 2,Supermarket Type1,1757.3535,3.8,2023-01-27
FDK28,5.417,Regular,0.051684,Fruits and Vegetables,OUT018,2009,Medium,Tier 3,Supermarket Type2,2393.2805,4.2,2023-01-02
FDX36,17.813,low fat,0.12182,Baking Goods,OUT018,2009,Medium,Tier 3,Supermarket Type2,2920.0223,3.7,2022-05-05
DRA49,16.511, Regular,0.079697,Hard Drinks,OUT010,1998,,Tier 3,Grocery Store,595.7639,4.1,2022-01-14
FDQ47,19.566,reg,0.04373,Meat,OUT027,1985,Medium,Tier 3,Supermarket Type3,3501.6993,3.9,2023-05-09
FDP45,20.593,Low Fat ,0.035422,Meat,OUT017,2007,,Tier 2,Supermarket Type1,3487.9042,4.0,2022-05-09
FDW54,13.165,Low Fat ,0.049713,Canned,OUT045,2002,,Tier 2,Supermarket Type1,1954.1547,3.6,2022-11-02
FDQ23,,low fat,0.072916,Breads,OUT017,2007,,Tier 2,Supermarket Type1,3378.8512,4.5,2022-01-09
FDH28,20.909, Regular,0.062787,Frozen Foods,OUT046,1997,Small,Tier 1,Supermarket Type1,1969.3096,3.6,2023-04-26
FDD45,,Regular,0.026606,Fruits and Vegetables,OUT018,2009,Medium,Tier 3,Supermarket Type2,3364.2191,4.3,2022-01-03
FDR20,13.437,LF,0.053446,Frozen Foods,OUT013,1987,High,Tier 3,Supermarket Type1,1284.032,4.3,2022-01-22
FDP31,15.829,LF,0.05663,Snack Foods,OUT019,1985,Small,Tier 1,Grocery Store,522.9687,4.0,2022-05-16
FDM54,13.567,Regular,0.061835,Fruits and Vegetables,OUT019,1985,Small,Tier 1,Grocery Store,1348.6967,4.086,2023-09-03
DRA49,16.511,reg,0.086104,Hard Drinks,OUT045,2002,,Tier 2,Supermarket Type1,1231.1131,3.766,2022-07-17
FDQ43,8.218,Low Fat,0.016331,Fruits and Vegetables,OUT017,2007,,Tier 2,Supermarket Type1,3432.4142,4.1,2023-11-30
FDJ29,15.594,Regular,0.039927,Dairy,OUT018,2009,Medium,Tier 3,Supermarket Type2,2027.3328,4.4,2022-01-29
FDN10,14.799,Low Fat,0.105707,Snack Foods,OUT045,2002,,Tier 2,Supermarket Type1,1448.7975,4.1,2022-04-25
FDW39,15.743,Low Fat ,0.033029,Snack Foods,OUT035,2004,Small,Tier 2,Supermarket Type1,3561.9246,3.9,2023-11-05
FDY40,15.591,Low Fat,0.116765,Snack Foods,OUT045,2002,,Tier 2,Supermarket Type1,1648.8454,4.1,2022-02-13
FDH10,,low fat,0.013399,Dairy,OUT017,2007,,Tier 2,Supermarket Type1,1334.7994,3.688,2022-09-29
FDG39,19.711,low fat,0.056296,Seafood,OUT013,1987,High,Tier 3,Supermarket Type1,2959.3136,4.6,2023-04-22
FDG25,17.385,low fat,0.066389,Fruits and Vegetables,OUT045,2002,,Tier 2,Supermarket Type1,2823.4279,4.3,2022-01-25
FDP31,,LF,0.132205,Snack Foods,OUT045,2002,,Tier 2,Supermarket Type1,2343.0503,4.1,2023-07-30
FDS21,14.595,low fat,0.054179,Dairy,OUT013,1987,High,Tier 3,Supermarket Type1,8537.7856,3.5,2022-04-23
FDX14,7.303,LF,0.028053,Fruits and Vegetables,OUT017,2007,,Tier 2,Supermarket Type1,4872.761,4.494,2023-08-27
FDX51,12.577, Regular,0.017928,Frozen Foods,OUT049,1999,Medium,Tier 1,Supermarket Type1,4795.6404,4.6,2023-05-25
FDJ23,5.352,LF,0.085776,Baking Goods,OUT049,1999,Medium,Tier 1,Supermarket Type1,1057.0844,4.2,2022-07-15
FDQ46,6.202,Low Fat,0.0,Baking Goods,OUT019,1985,Small,Tier 1,Grocery Store,1541.9958,3.9,2022-05-15
FDH46,8.263,reg,0.036038,Baking Goods,OUT046,1997,Small,Tier 1,Supermarket Type1,1015.1221,4.0,2023-01-28
FDB43,9.581, Regular,0.087901,Dairy,OUT046,1997,Small,Tier 1,Supermarket Type1,787.0661,4.0,2023-04-05
FDG49,15.978,Low Fat,0.103173,Frozen Foods,OUT017,2007,,Tier 2,Supermarket Type1,1355.7718,4.1,2022-11-04
NCG27,6.318,low fat,0.033046,Household,OUT035,2004,Small,Tier 2,Supermarket Type1,2297.3224,4.6,2023-06-28
DRA10,18.175,Low Fat,0.044269,Soft Drinks,OUT046,1997,Small,Tier 1,Supermarket Type1,1307.7124,3.699,2022-05-22
FDM42,,Regular,0.059364,Snack Foods,OUT046,1997,Small,Tier 1,Supermarket Type1,2324.1923,3.571,2023-10-26
FDR10,20.918,Low Fat,0.017933,Baking Goods,OUT013,1987,High,Tier 3,Supermarket Type1,8683.4432,4.0,2022-05-16
FDM42,5.835,reg,0.013348,Snack Foods,OUT035,2004,Small,Tier 2,Supermarket Type1,1202.1704,4.0,2023-05-28
FDR43,5.547, Regular,0.07369,Canned,OUT035,2004,Small,Tier 2,Supermarket Type1,4497.5277,4.0,2023-10-25
FDQ40,,Low Fat ,0.063537,Frozen Foods,OUT018,2009,Medium,Tier 3,Supermarket Type2,7362.3048,4.0,2023-07-22
FDY59,18.93,Regular,0.016597,Frozen Foods,OUT045,2002,,Tier 2,Supermarket Type1,491.7046,4.277,2023-03-14
FDB21,17.245,Low Fat,0.014931,Snack Foods,OUT010,1998,,Tier 3,Grocery Store,1581.3933,4.0,2023-08-18
NCX59,19.495,Low Fat ,0.061319,Household,OUT045,2002,,Tier 2,Supermarket Type1,5119.3596,3.6,2022-01-17
FDQ15,,low fat,0.048671,Snack Foods,OUT045,2002,,Tier 2,Supermarket Type1,1187.6837,3.5,2023-04-15
FDK10,16.604,low fat,0.048792,Snack Foods,OUT046,1997,Small,Tier 1,Supermarket Type1,2643.7126,4.4,2023-08-08
DRC17,19.571,low fat,0.053302,Soft Drinks,OUT045,2002,,Tier 2,Supermarket Type1,881.7022,3.9,2022-01-19
FDH35,14.462,low fat,0.054321,Dairy,OUT046,1997,Small,Tier 1,Supermarket Type1,1605.3795,3.9,2023-11-04
FDC25,,low fat,0.051106,Fruits and Vegetables,OUT017,2007,,Tier 2,Supermarket Type1,7933.2368,4.8,2023-12-09
FDB20,,Low Fat ,0.02112,Baking Goods,OUT018,2009,Medium,Tier 3,Supermarket Type2,13086.9648,4.9,2023-09-09
NCY22,,Low Fat,0.03097,Household,OUT035,2004,Small,Tier 2,Supermarket Type1,2638.2844,4.1,2022-12-18
FDH11,,LF,0.02949,Dairy,OUT013,1987,High,Tier 3,Supermarket Type1,1457.8956,3.6,2023-03-30
DRB37,16.928,low fat,0.011208,Soft Drinks,OUT019,1985,Small,Tier 1,Grocery Store,593.5467,3.4,2022-03-15
FDS37,,Low Fat ,0.026336,Canned,OUT045,2002,,Tier 2,Supermarket Type1,2364.1509,4.334,2022-06-03
FDC40,19.564, Regular,0.048565,Dairy,OUT049,1999,Medium,Tier 1,Supermarket Type1,6493.5822,4.6,2023-08-16
NCH44,11.097,Low Fat ,0.02566,Others,OUT049,1999,Medium,Tier 1,Supermarket Type1,1346.1414,3.8,2023-02-15
DRQ33,8.029,Regular,0.0,Soft Drinks,OUT013,1987,High,Tier 3,Supermarket Type1,3858.4527,4.395,2023-02-15
FDG34,17.744,low fat,0.022403,Snack Foods,OUT035,2004,Small,Tier 2,Supermarket Type1,2190.5381,4.1,2022-12-30
FDK36,13.411,Low Fat ,0.048596,Frozen Foods,OUT046,1997,Small,Tier 1,Supermarket Type1,1353.6083,3.5,2023-07-28
FDK21,21.068,reg,0.028193,Snack Foods,OUT045,2002,,Tier 2,Supermarket Type1,2131.8676,3.579,2022-07-05
NCG56,5.476,LF,0.01368,Health and Hygiene,OUT035,2004,Small,Tier 2,Supermarket Type1,5083.8936,4.5,2023-08-27
NCA57,,LF,0.029897,Household,OUT017,2007,,Tier 2,Supermarket Type1,2186.5108,3.6,2022-05-20
FDN34,6.37,Regular,0.066923,Canned,OUT035,2004,Small,Tier 2,Supermarket Type1,1828.2127,4.1,2023-10-29
FDD55,9.653,Regular,0.053105,Breads,OUT010,1998,,Tier 3,Grocery Store,1849.6943,4.2,2023-05-16
FDD35,10.149,LF,0.078683,Dairy,OUT049,1999,Medium,Tier 1,Supermarket Type1,2596.9788,3.8,2022-09-26
FDR15,7.06,LF,0.043601,Baking Goods,OUT017,2007,,Tier 2,Supermarket Type1,839.1009,4.5,2022-01-21
FDQ13,17.802,Low Fat ,0.044271,Fruits and Vegetables,OUT045,2002,,Tier 2,Supermarket Type1,3574.0259,3.7,2022-03-01
FDH50,13.429,Low Fat ,0.102084,Frozen Foods,OUT035,2004,Small,Tier 2,Supermarket Type1,622.1862,4.0,2023-01-21
NCR39,11.124,LF,0.0,Household,OUT013,1987,High,Tier 3,Supermarket Type1,4098.9568,4.2,2023-05-09
FDX26,,reg,0.0,Snack Foods,OUT018,2009,Medium,Tier 3,Supermarket Type2,5759.6681,4.2,2022-04-30
FDB48,13.849,Regular,0.01746,Breakfast,OUT017,2007,,Tier 2,Supermarket Type1,1843.7063,3.9,2023-08-28
FDF58,11.431,Low Fat ,0.037623,Breads,OUT035,2004,Small,Tier 2,Supermarket Type1,13086.9648,4.4,2023-05-22
DRE52,,Low Fat,0.066304,Hard Drinks,OUT018,2009,Medium,Tier 3,Supermarket Type2,4351.8509,4.0,2022-01-06
FDJ32,12.271,low fat,0.031226,Dairy,OUT013,1987,High,Tier 3,Supermarket Type1,5116.2187,4.1,2022-11-30
FDD21,,reg,0.030613,Snack Foods,OUT013,1987,High,Tier 3,Supermarket Type1,2763.3857,3.464,2022-03-08
FDF11,,Low Fat,0.079597,Fruits and Vegetables,OUT018,2009,Medium,Tier 3,Supermarket Type2,3481.7493,4.5,2023-03-16
DRV56,,Regular,0.017956,Hard Drinks,OUT017,2007,,Tier 2,Supermarket Type1,9716.7417,3.5,2022-10-09
FDV43,,Low Fat,0.074352,Snack Foods,OUT027,1985,Medium,Tier 3,Supermarket Type3,9668.6856,4.3,2022-05-17
FDE57,9.617,Low Fat,0.098444,Starchy Foods,OUT018,2009,Medium,Tier 3,Supermarket Type2,7938.1766,4.4,2023-10-28
FDB26,20.619,Low Fat,0.059316,Dairy,OUT013,1987,High,Tier 3,Supermarket Type1,2041.5122,3.4,2022-02-28
FDY48,11.794,low fat,0.068845,Fruits and Vegetables,OUT049,1999,Medium,Tier 1,Supermarket Type1,1610.9878,3.4,2022-07-11
FDS26,9.766,Low Fat,0.083913,Snack Foods,OUT013,1987,High,Tier 3,Supermarket Type1,3759.2678,4.7,2022-10-20
FDM38,13.464, Regular,0.027579,Starchy Foods,OUT035,2004,Small,Tier 2,Supermarket Type1,5186.9132,4.1,2022-07-31
FDB52,18.889,LF,0.023686,Baking Goods,OUT046,1997,Small,Tier 1,Supermarket Type1,1688.2193,3.9,2022-09-19
FDH28,20.909,reg,0.039591,Frozen Foods,OUT027,1985,Medium,Tier 3,Supermarket Type3,7593.7795,4.3,2023-12-13
DRA37,18.442,LF,0.069065,Hard Drinks,OUT035,2004,Small,Tier 2,Supermarket Type1,792.29,4.1,2022-04-25
FDR35,19.752, Regular,0.108772,Fruits and Vegetables,OUT035,2004,Small,Tier 2,Supermarket Type1,1865.768,4.0,2022-09-17
FDY44,20.894,low fat,0.071441,Fruits and Vegetables,OUT013,1987,High,Tier 3,Supermarket Type1,2670.2921,4.6,2022-06-07
NCP41,,Low Fat,0.059917,Household,OUT035,2004,Small,Tier 2,Supermarket Type1,2417.5652,4.2,2023-03-01
NCG18,10.93,low fat,0.038934,Household,OUT045,2002,,Tier 2,Supermarket Type1,1278.9619,3.9,2022-07-01
FDM35,10.702,reg,0.151207,Breads,OUT046,1997,Small,Tier 1,Supermarket Type1,2284.4347,3.8,2022-01-26
FDC21,13.576,Low Fat,0.194577,Frozen Foods,OUT027,1985,Medium,Tier 3,Supermarket Type3,2661.7698,4.3,2022-11-13
NCC20,6.176,LF,0.040741,Household,OUT018,2009,Medium,Tier 3,Supermarket Type2,4171.4412,4.3,2022-03-06
FDK58,10.127,Low Fat,0.022735,Canned,OUT027,1985,Medium,Tier 3,Supermarket Type3,5696.3595,3.8,2022-11-08
FDJ12,,reg,0.075163,Frozen Foods,OUT017,2007,,Tier 2,Supermarket Type1,3851.8073,3.6,2022-07-26
FDN27,16.64,Low Fat ,0.0,Frozen Foods,OUT027,1985,Medium,Tier 3,Supermarket Type3,10594.5889,4.6,2022-11-22
FDF48,10.826,Low Fat,0.039759,Breads,OUT049,1999,Medium,Tier 1,Supermarket Type1,1138.8746,4.2,2022-01-24
FDK38,16.765,Low Fat,0.042425,Breads,OUT027,1985,Medium,Tier 3,Supermarket Type3,6429.7966,4.4,2023-10-11
FDS34,12.787,Regular,0.050797,Baking Goods,OUT045,2002,,Tier 2,Supermarket Type1,1490.5708,4.3,2023-12-26
DRH24,12.593,Low Fat,0.011635,Soft Drinks,OUT046,1997,Small,Tier 1,Supermarket Type1,3204.2882,3.8,2022-06-13
FDM53,11.94,LF,0.02779,Meat,OUT010,1998,,Tier 3,Grocery Store,358.1897,3.69,2023-07-17
DRB37,16.928,Low Fat ,0.028215,Soft Drinks,OUT045,2002,,Tier 2,Supermarket Type1,3861.757,3.4,2022-09-25
NCB30,16.23,Low Fat ,0.15416,Health and Hygiene,OUT017,2007,,Tier 2,Supermarket Type1,2265.4408,4.3,2023-01-25
FDU49,11.093,LF,0.022014,Baking Goods,OUT035,2004,Small,Tier 2,Supermarket Type1,1043.8036,3.6,2022-10-24
FDF49,14.876,Low Fat,0.051801,Frozen Foods,OUT018,2009,Medium,Tier 3,Supermarket Type2,3832.3566,3.9,2023-05-13
NCX23,5.977,LF,0.040143,Household,OUT045,2002,,Tier 2,Supermarket Type1,1699.3285,4.0,2023-08-11
NCK37,21.282,Low Fat ,0.059603,Household,OUT035,2004,Small,Tier 2,Supermarket Type1,1007.8126,3.3,2023-07-27
DRU28,5.758,Low Fat ,0.035508,Soft Drinks,OUT018,2009,Medium,Tier 3,Supermarket Type2,2148.2194,4.3,2023-11-24
FDK55,20.937,Low Fat ,0.02508,Starchy Foods,OUT045,2002,,Tier 2,Supermarket Type1,2051.6489,4.0,2022-08-09
FDG55,13.772,Low Fat ,0.0,Snack Foods,OUT018,2009,Medium,Tier 3,Supermarket Type2,1539.6701,4.205,2022-12-02
FDF28,,low fat,0.082427,Baking Goods,OUT045,2002,,Tier 2,Supermarket Type1,3294.5983,4.2,2022-06-04
FDE44,6.406,Regular,0.063871,Fruits and Vegetables,OUT017,2007,,Tier 2,Supermarket Type1,2252.3173,3.5,2023-11-16
FDB12,21.066,LF,0.037425,Starchy Foods,OUT035,2004,Small,Tier 2,Supermarket Type1,1903.6145,3.8,2022-11-08
FDG50,,low fat,0.137151,Breakfast,OUT046,1997,Small,Tier 1,Supermarket Type1,4457.4322,4.2,2022-02-05
NCD18,,Low Fat,0.058437,Household,OUT045,2002,,Tier 2,Supermarket Type1,3840.7889,4.5,2022-12-30
FDR17,,low fat,0.041115,Baking Goods,OUT049,1999,Medium,Tier 1,Supermarket Type1,2714.9529,3.8,2022-02-16
FDN28,21.282,Regular,0.022313,Snack Foods,OUT045,2002,,Tier 2,Supermarket Type1,1779.126,4.599,2023-04-05
FDN53,19.918,LF,0.046988,Baking Goods,OUT010,1998,,Tier 3,Grocery Store,862.7306,3.8,2023-04-30
DRM17,19.619, Regular,0.058166,Soft Drinks,OUT027,1985,Medium,Tier 3,Supermarket Type3,2349.067,3.9,2023-12-28
FDX12,9.05, Regular,0.043169,Dairy,OUT045,2002,,Tier 2,Supermarket Type1,2431.8106,3.7,2022-06-18
FDF32,,low fat,0.035284,Starchy Foods,OUT017,2007,,Tier 2,Supermarket Type1,892.114,3.6,2022-01-26
FDW23,10.785,low fat,0.01443,Frozen Foods,OUT046,1997,Small,Tier 1,Supermarket Type1,3323.0045,3.9,2022-05-14
NCF20,15.124,LF,0.06776,Others,OUT027,1985,Medium,Tier 3,Supermarket Type3,12468.3843,4.0,2022-06-01
FDY46,13.346,reg,0.07404,Fruits and Vegetables,OUT017,2007,,Tier 2,Supermarket Type1,1573.4963,4.1,2022-06-20
FDX13,13.755,Low Fat,0.073748,Breakfast,OUT046,1997,Small,Tier 1,Supermarket Type1,659.3334,3.0,2022-06-23
FDE14,7.161,LF,0.029235,Snack Foods,OUT018,2009,Medium,Tier 3,Supermarket Type2,2944.8297,4.098,2023-01-11
NCD37,,Low Fat ,0.033428,Health and Hygiene,OUT049,1999,Medium,Tier 1,Supermarket Type1,818.8831,3.4,2022-07-03
FDB24,18.42,LF,0.035469,Fruits and Vegetables,OUT035,2004,Small,Tier 2,Supermarket Type1,2612.53,4.5,2022-03-07
FDC17,,low fat,0.046677,Starchy Foods,OUT035,2004,Small,Tier 2,Supermarket Type1,1443.5401,3.1,2022-11-19
FDE29,5.379,Low Fat ,0.05226,Meat,OUT046,1997,Small,Tier 1,Supermarket Type1,7318.6057,4.1,2022-01-09
NCQ31,4.712,low fat,0.0,Household,OUT027,1985,Medium,Tier 3,Supermarket Type3,8234.0052,4.0,2022-11-20
FDG23,,low fat,0.051544,Snack Foods,OUT045,2002,,Tier 2,Supermarket Type1,4850.016,4.2,2023-03-10
FDP58,16.822,LF,0.033146,Fruits and Vegetables,OUT018,2009,Medium,Tier 3,Supermarket Type2,1182.3567,3.7,2022-04-30
FDB18,13.882, Regular,0.038291,Canned,OUT019,1985,Small,Tier 1,Grocery Store,2895.8362,4.0,2023-05-28
FDA49,,Regular,0.043016,Frozen Foods,OUT018,2009,Medium,Tier 3,Supermarket Type2,4351.7915,3.927,2023-07-01
FDP27,17.098,Low Fat ,0.159942,Baking Goods,OUT045,2002,,Tier 2,Supermarket Type1,1272.8817,4.532,2022-12-21
FDX59,,Low Fat,0.024243,Seafood,OUT049,1999,Medium,Tier 1,Supermarket Type1,1811.0713,4.1,2022-09-30
FDA13,5.359,Low Fat,0.082627,Dairy,OUT045,2002,,Tier 2,Supermarket Type1,4160.6468,4.9,2023-08-28
DRK30,4.594,low fat,0.189105,Soft Drinks,OUT027,1985,Medium,Tier 3,Supermarket Type3,2048.6685,3.7,2023-07-27
NCR32,,Low Fat,0.049623,Household,OUT017,2007,,Tier 2,Supermarket Type1,2259.7837,4.0,2023-04-03
FDA48,13.517,low fat,0.039235,Snack Foods,OUT049,1999,Medium,Tier 1,Supermarket Type1,2599.1521,3.9,2022-03-21
FDQ47,19.566,Regular,0.098255,Meat,OUT013,1987,High,Tier 3,Supermarket Type1,614.9869,4.0,2022-06-17
NCS14,16.323,Low Fat ,0.051371,Health and Hygiene,OUT046,1997,Small,Tier 1,Supermarket Type1,2034.8973,3.9,2023-08-30
FDN27,16.64,Low Fat,0.056815,Frozen Foods,OUT017,2007,,Tier 2,Supermarket Type1,2169.4705,3.9,2022-09-27
FDB32,,Low Fat ,0.069872,Starchy Foods,OUT035,2004,Small,Tier 2,Supermarket Type1,2505.8824,3.2,2022-07-11
NCA43,4.564,Low Fat,0.063697,Others,OUT017,2007,,Tier 2,Supermarket Type1,2809.928,4.315,2023-04-17
FDV19,9.897,low fat,0.077845,Fruits and Vegetables,OUT045,2002,,Tier 2,Supermarket Type1,3464.9194,3.7,2023-04-16
DRA24,6.241,Low Fat ,0.036607,Soft Drinks,OUT035,2004,Small,Tier 2,Supermarket Type1,2280.3549,4.4,2023-02-19
FDB37,13.472,reg,0.044738,Snack Foods,OUT013,1987,High,Tier 3,Supermarket Type1,2192.391,3.5,2023-04-30
FDR24,,Regular,0.004857,Baking Goods,OUT027,1985,Medium,Tier 3,Supermarket Type3,5958.1267,4.039,2022-12-11
FDC29,,LF,0.034688,Canned,OUT035,2004,Small,Tier 2,Supermarket Type1,3776.5939,3.5,2023-05-01
FDC50,6.641,LF,0.077904,Meat,OUT018,2009,Medium,Tier 3,Supermarket Type2,2640.2212,4.2,2023-04-01
NCN32,18.148,LF,0.01583,Others,OUT049,1999,Medium,Tier 1,Supermarket Type1,2590.7447,4.2,2022-02-23
FDD39,19.409, Regular,0.078594,Fruits and Vegetables,OUT045,2002,,Tier 2,Supermarket Type1,1550.0549,4.3,2023-07-04
NCS46,9.294,Low Fat,0.072248,Health and Hygiene,OUT013,1987,High,Tier 3,Supermarket Type1,1386.5451,4.0,2022-01-29
FDQ32,17.352,Low Fat ,0.088147,Starchy Foods,OUT027,1985,Medium,Tier 3,Supermarket Type3,5491.8856,3.9,2022-01-24
FDW10,12.106,Low Fat ,0.020755,Canned,OUT035,2004,Small,Tier 2,Supermarket Type1,2507.0136,4.205,2023-07-12
NCA23,,LF,0.0416,Others,OUT045,2002,,Tier 2,Supermarket Type1,2173.3866,3.5,2023-08-16
NCF18,8.583,low fat,0.047206,Household,OUT013,1987,High,Tier 3,Supermarket Type1,2416.3634,4.0,2022-10-11
FDQ29,15.199,Low Fat ,0.045337,Snack Foods,OUT049,1999,Medium,Tier 1,Supermarket Type1,1782.5431,4.4,2022-08-07
FDA55,6.279,Regular,0.062388,Fruits and Vegetables,OUT013,1987,High,Tier 3,Supermarket Type1,3485.6858,4.2,2022-12-28
FDS51,5.332,Low Fat ,0.138401,Frozen Foods,OUT046,1997,Small,Tier 1,Supermarket Type1,3440.1682,4.4,2023-03-17
FDA55,6.279,reg,0.110211,Fruits and Vegetables,OUT027,1985,Medium,Tier 3,Supermarket Type3,13086.9648,4.0,2023-11-24
FDK37,11.932,low fat,0.165185,Snack Foods,OUT035,2004,Small,Tier 2,Supermarket Type1,1107.0546,4.0,2022-12-07
FDH13,6.825,reg,0.034832,Dairy,OUT017,2007,,Tier 2,Supermarket Type1,2251.0553,4.6,2022-10-15
FDW17,15.488,low fat,0.027582,Dairy,OUT017,2007,,Tier 2,Supermarket Type1,3496.6551,4.4,2022-11-10
DRA31,14.547,Regular,0.038097,Hard Drinks,OUT013,1987,High,Tier 3,Supermarket Type1,2043.9135,3.7,2022-08-23
NCB47,14.542,Low Fat ,0.032091,Household,OUT013,1987,High,Tier 3,Supermarket Type1,2255.5454,3.6,2023-03-21
FDD36,16.315, Regular,0.10814,Breads,OUT013,1987,High,Tier 3,Supermarket Type1,5036.2823,3.2,2023-09-20
FDH52,19.207,Low Fat ,0.178258,Baking Goods,OUT027,1985,Medium,Tier 3,Supermarket Type3,6310.0191,3.4,2022-08-18
DRQ33,8.029, Regular,0.0,Soft Drinks,OUT017,2007,,Tier 2,Supermarket Type1,2748.0232,3.9,2023-01-27
DRC39,8.987,LF,0.0,Soft Drinks,OUT046,1997,Small,Tier 1,Supermarket Type1,1289.6806,4.0,2022-06-20
NCG42,14.403,Low Fat ,0.032759,Household,OUT049,1999,Medium,Tier 1,Supermarket Type1,3224.6739,3.9,2022-04-15
FDE22,17.059, Regular,0.119156,Canned,OUT046,1997,Small,Tier 1,Supermarket Type1,1687.8342,4.2,2022-02-22
FDY38,11.241,LF,0.089116,Breads,OUT035,2004,Small,Tier 2,Supermarket Type1,2208.7645,3.9,2023-04-14
FDW46,,reg,0.018953,Breads,OUT045,2002,,Tier 2,Supermarket Type1,1786.8858,4.1,2022-09-23
FDB31,15.89,Regular,0.176175,Snack Foods,OUT018,2009,Medium,Tier 3,Supermarket Type2,2038.4364,4.0,2023-08-02
NCH22,17.877,low fat,0.037406,Household,OUT010,1998,,Tier 3,Grocery Store,486.6744,3.9,2023-04-25
FDA37,12.499,low fat,0.076543,Snack Foods,OUT045,2002,,Tier 2,Supermarket Type1,3437.6663,3.6,2023-01-16
FDC25,10.338,Low Fat ,0.0368,Fruits and Vegetables,OUT027,1985,Medium,Tier 3,Supermarket Type3,3601.98,3.9,2022-07-21
FDW16,, Regular,0.030868,Canned,OUT049,1999,Medium,Tier 1,Supermarket Type1,2365.4916,4.3,2022-09-09
FDG39,19.711,Low Fat ,0.042344,Seafood,OUT046,1997,Small,Tier 1,Supermarket Type1,677.8319,4.6,2022-07-26
NCJ20,13.944,LF,0.032475,Others,OUT013,1987,High,Tier 3,Supermarket Type1,2620.4581,2.9,2023-03-05
FDJ55,6.063,LF,0.021628,Frozen Foods,OUT035,2004,Small,Tier 2,Supermarket Type1,1068.2417,3.489,2023-03-24
NCQ52,,Low Fat,0.020043,Household,OUT013,1987,High,Tier 3,Supermarket Type1,2262.2521,4.3,2022-09-17
NCH42,17.427,Low Fat ,0.081412,Others,OUT019,1985,Small,Tier 1,Grocery Store,917.5978,4.1,2023-02-02
FDP16,,Regular,0.03866,Snack Foods,OUT045,2002,,Tier 2,Supermarket Type1,1432.2388,4.126,2023-08-06
FDA31,5.689,Regular,0.047949,Dairy,OUT049,1999,Medium,Tier 1,Supermarket Type1,601.4425,4.4,2022-08-14
NCA17,5.254,LF,0.040111,Health and Hygiene,OUT013,1987,High,Tier 3,Supermarket Type1,3827.2786,4.688,2023-12-22
FDE42,21.003,Regular,0.120727,Snack Foods,OUT017,2007,,Tier 2,Supermarket Type1,1863.4072,4.06,2023-06-27
FDK48,17.501, Regular,0.062566,Baking Goods,OUT045,2002,,Tier 2,Supermarket Type1,2220.7023,3.8,2023-07-05
FDC44,15.311,low fat,0.163221,Snack Foods,OUT027,1985,Medium,Tier 3,Supermarket Type3,9480.6519,4.1,2023-05-25
FDD38,14.394,Regular,0.084741,Fruits and Vegetables,OUT049,1999,Medium,Tier 1,Supermarket Type1,6754.9533,4.1,2022-01-17
FDP29,,Low Fat ,0.039762,Dairy,OUT035,2004,Small,Tier 2,Supermarket Type1,3273.5103,4.5,2022-05-22
NCQ31,4.712,LF,0.056378,Household,OUT035,2004,Small,Tier 2,Supermarket Type1,6612.3464,4.2,2023-04-05
DRK50,7.483, Regular,0.038918,Soft Drinks,OUT010,1998,,Tier 3,Grocery Store,1428.391,3.594,2022-11-23
FDS59,17.444, Regular,0.036819,Canned,OUT018,2009,Medium,Tier 3,Supermarket Type2,2171.222,3.7,2022-11-04
FDW36,9.086,LF,0.062089,Frozen Foods,OUT010,1998,,Tier 3,Grocery Store,196.1555,4.1,2022-01-13
FDJ56,13.005,Low Fat,0.051787,Canned,OUT045,2002,,Tier 2,Supermarket Type1,924.7475,3.7,2022-10-15
FDS48,14.494,Low Fat,0.0,Baking Goods,OUT010,1998,,Tier 3,Grocery Store,511.4027,3.7,2022-01-28
DRY34,,Regular,0.039509,Hard Drinks,OUT049,1999,Medium,Tier 1,Supermarket Type1,2996.5104,4.1,2023-04-20
FDX31,20.166,Low Fat ,0.093145,Snack Foods,OUT027,1985,Medium,Tier 3,Supermarket Type3,5779.891,4.6,2022-08-29
DRQ36,,reg,0.059863,Soft Drinks,OUT013,1987,High,Tier 3,Supermarket Type1,2038.5775,3.9,2022-03-11
FDY23,12.038,Low Fat,0.053444,Baking Goods,OUT027,1985,Medium,Tier 3,Supermarket Type3,12605.1098,3.9,2023-08-25
FDG52,20.43,Low Fat ,0.036505,Fruits and Vegetables,OUT017,2007,,Tier 2,Supermarket Type1,1364.8348,4.0,2022-09-20
FDC50,6.641,Low Fat,0.069382,Meat,OUT017,2007,,Tier 2,Supermarket Type1,6389.4792,4.2,2023-10-24
FDD52,20.203, Regular,0.024623,Frozen Foods,OUT017,2007,,Tier 2,Supermarket Type1,3533.1205,4.085,2022-01-25
FDG21,7.985,low fat,0.042108,Dairy,OUT017,2007,,Tier 2,Supermarket Type1,5667.3639,4.374,2023-02-24
FDN49,13.059,reg,0.064217,Fruits and Vegetables,OUT018,2009,Medium,Tier 3,Supermarket Type2,1661.8691,4.3,2023-08-05
NCQ44,8.704,Low Fat,0.041586,Health and Hygiene,OUT017,2007,,Tier 2,Supermarket Type1,2367.5728,3.8,2022-12-07
FDH46,8.263, Regular,0.053463,Baking Goods,OUT013,1987,High,Tier 3,Supermarket Type1,4741.2906,3.8,2023-04-25
FDH36,17.088,Regular,0.033823,Snack Foods,OUT035,2004,Small,Tier 2,Supermarket Type1,1591.7411,4.4,2023-08-09
FDX23,17.717,Low Fat,0.073588,Canned,OUT018,2009,Medium,Tier 3,Supermarket Type2,1848.4319,3.2,2023-05-20
NCH28,6.222,Low Fat,0.064004,Health and Hygiene,OUT013,1987,High,Tier 3,Supermarket Type1,8873.0222,3.8,2023-09-13
FDG53,11.484,low fat,0.043277,Seafood,OUT017,2007,,Tier 2,Supermarket Type1,3635.4116,4.2,2023-09-13
DRQ35,19.721,Low Fat,0.0,Soft Drinks,OUT018,2009,Medium,Tier 3,Supermarket Type2,1875.3092,4.027,2022-09-20
FDW18,,Low Fat,0.033154,Dairy,OUT046,1997,Small,Tier 1,Supermarket Type1,1890.4641,3.8,2023-09-11
FDB10,16.779,LF,0.03702,Breads,OUT010,1998,,Tier 3,Grocery Store,670.7216,3.7,2022-01-03
FDE17,20.55,Low Fat,0.033279,Dairy,OUT019,1985,Small,Tier 1,Grocery Store,340.636,4.3,2022-01-19
FDQ24,11.524,LF,0.031617,Baking Goods,OUT013,1987,High,Tier 3,Supermarket Type1,4084.3016,3.8,2022-04-25
FDS29,15.994,reg,0.0,Frozen Foods,OUT049,1999,Medium,Tier 1,Supermarket Type1,911.9594,3.8,2022-02-21
FDK40,11.084,reg,0.059387,Dairy,OUT019,1985,Small,Tier 1,Grocery Store,621.4725,4.09,2023-04-27
FDX43,,Regular,0.071742,Frozen Foods,OUT049,1999,Medium,Tier 1,Supermarket Type1,2110.1303,3.5,2022-11-06
FDP52,21.314,Low Fat ,0.050299,Fruits and Vegetables,OUT027,1985,Medium,Tier 3,Supermarket Type3,11794.6885,4.5,2022-10-29
FDV31,7.243,Regular,0.064356,Breakfast,OUT045,2002,,Tier 2,Supermarket Type1,1174.1233,4.1,2023-07-30
DRS53,14.269, Regular,0.037687,Soft Drinks,OUT046,1997,Small,Tier 1,Supermarket Type1,1868.6853,4.0,2022-12-19
FDG35,13.339,Low Fat,0.052165,Meat,OUT049,1999,Medium,Tier 1,Supermarket Type1,3484.0267,3.3,2022-08-14
FDE31,11.77,Low Fat,0.039425,Meat,OUT035,2004,Small,Tier 2,Supermarket Type1,4748.8388,4.5,2023-12-14
FDE48,20.213,Low Fat,0.090738,Canned,OUT049,1999,Medium,Tier 1,Supermarket Type1,3525.2463,4.3,2023-10-28
FDU50,16.604,LF,0.042971,Dairy,OUT013,1987,High,Tier 3,Supermarket Type1,2576.7874,4.1,2023-12-29
NCX13,17.755,Low Fat,0.052365,Household,OUT018,2009,Medium,Tier 3,Supermarket Type2,3741.0513,4.2,2022-09-23
NCX38,16.539,Low Fat,0.039445,Household,OUT045,2002,,Tier 2,Supermarket Type1,768.517,4.2,2023-07-12
FDH45,5.363,Low Fat ,0.079213,Fruits and Vegetables,OUT010,1998,,Tier 3,Grocery Store,1657.5256,4.1,2023-06-24
DRC17,19.571,Low Fat ,0.04495,Soft Drinks,OUT046,1997,Small,Tier 1,Supermarket Type1,2131.0283,4.13,2023-06-30
FDX31,20.166,Low Fat,0.082604,Snack Foods,OUT013,1987,High,Tier 3,Supermarket Type1,6515.1278,4.3,2022-11-27
FDM59,15.761,LF,0.069371,Breads,OUT035,2004,Small,Tier 2,Supermarket Type1,2385.3747,3.7,2022-02-28
FDA23,10.56,Low Fat,0.025309,Baking Goods,OUT027,1985,Medium,Tier 3,Supermarket Type3,13086.9648,3.7,2023-12-14
FDY50,17.4,low fat,0.027635,Seafood,OUT010,1998,,Tier 3,Grocery Store,907.2424,4.3,2023-08-28
NCM10,16.331,LF,0.14426,Household,OUT018,2009,Medium,Tier 3,Supermarket Type2,3118.3598,3.7,2023-08-01
NCA18,7.4,Low Fat,0.031169,Household,OUT046,1997,Small,Tier 1,Supermarket Type1,625.908,4.2,2022-09-16
FDM45,10.745,low fat,0.050358,Breads,OUT010,1998,,Tier 3,Grocery Store,1038.5269,3.812,2022-03-17
DRP46,12.076,Low Fat ,0.037421,Soft Drinks,OUT045,2002,,Tier 2,Supermarket Type1,809.403,4.2,2022-08-12
DRX32,19.906,Low Fat ,0.0,Soft Drinks,OUT046,1997,Small,Tier 1,Supermarket Type1,3537.4834,4.4,2023-01-04
NCV52,8.062,Low Fat,0.049626,Household,OUT046,1997,Small,Tier 1,Supermarket Type1,2387.9226,4.782,2023-10-15
DRM49,9.865,Low Fat ,0.087799,Soft Drinks,OUT049,1999,Medium,Tier 1,Supermarket Type1,4288.9843,4.0,2023-02-27
FDY58,6.596, Regular,0.040622,Frozen Foods,OUT045,2002,,Tier 2,Supermarket Type1,2564.2059,4.0,2023-12-22
FDG33,9.604,reg,0.068143,Seafood,OUT018,2009,Medium,Tier 3,Supermarket Type2,1568.7532,3.9,2022-07-14
FDE29,5.379,Low Fat ,0.044202,Meat,OUT010,1998,,Tier 3,Grocery Store,2236.4822,3.8,2023-03-17
FDB34,,reg,0.092639,Dairy,OUT019,1985,Small,Tier 1,Grocery Store,981.3649,4.1,2022-08-17
FDU48,18.087,low fat,0.111694,Snack Foods,OUT013,1987,High,Tier 3,Supermarket Type1,5129.4369,3.9,2022-11-09
FDN17,14.003,LF,0.03779,Canned,OUT013,1987,High,Tier 3,Supermarket Type1,3392.0365,3.5,2023-10-06
FDD26,,LF,0.089976,Snack Foods,OUT045,2002,,Tier 2,Supermarket Type1,2064.6385,3.601,2022-09-06
FDY11,18.738,LF,0.050056,Breads,OUT049,1999,Medium,Tier 1,Supermarket Type1,962.9915,3.5,2022-01-21
FDH10,6.778,LF,0.0,Dairy,OUT035,2004,Small,Tier 2,Supermarket Type1,1893.7068,3.9,2023-10-08
FDQ50,6.933,Regular,0.042592,Fruits and Vegetables,OUT027,1985,Medium,Tier 3,Supermarket Type3,4673.1091,4.6,2023-03-31
FDV22,17.682, Regular,0.016962,Baking Goods,OUT010,1998,,Tier 3,Grocery Store,2686.0534,3.9,2022-08-25
FDK36,13.411,Low Fat ,0.042689,Frozen Foods,OUT013,1987,High,Tier 3,Supermarket Type1,637.2952,3.7,2022-05-23
FDY23,12.038,LF,0.024637,Baking Goods,OUT018,2009,Medium,Tier 3,Supermarket Type2,1456.5219,3.9,2023-12-05
FDK42,,low fat,0.065558,Dairy,OUT010,1998,,Tier 3,Grocery Store,1137.3064,4.4,2023-01-29
FDG46,11.108,LF,0.042479,Snack Foods,OUT027,1985,Medium,Tier 3,Supermarket Type3,5753.8683,4.1,2023-02-01
FDY35,15.905,Regular,0.077867,Canned,OUT045,2002,,Tier 2,Supermarket Type1,851.6006,3.911,2023-03-23
DRX40,,reg,0.091223,Soft Drinks,OUT017,2007,,Tier 2,Supermarket Type1,2330.0854,3.6,2022-09-27
FDA36,7.569,Regular,0.026143,Frozen Foods,OUT035,2004,Small,Tier 2,Supermarket Type1,983.8942,3.7,2023-10-24
FDW33,,LF,0.120244,Canned,OUT035,2004,Small,Tier 2,Supermarket Type1,1001.276,4.265,2022-06-07
FDU52,10.244,Low Fat,0.053972,Frozen Foods,OUT035,2004,Small,Tier 2,Supermarket Type1,7348.8985,4.0,2023-12-19
FDM16,,Low Fat ,0.03915,Fruits and Vegetables,OUT049,1999,Medium,Tier 1,Supermarket Type1,5235.3866,3.9,2022-04-07
NCU45,11.765,LF,0.106483,Household,OUT013,1987,High,Tier 3,Supermarket Type1,606.982,3.8,2022-04-04
FDR57,8.003,LF,0.064118,Dairy,OUT045,2002,,Tier 2,Supermarket Type1,1317.2955,3.8,2023-09-19
NCJ28,9.833,low fat,0.039052,Health and Hygiene,OUT013,1987,High,Tier 3,Supermarket Type1,2807.4937,3.8,2023-11-28
FDS43,9.673,Low Fat,0.032191,Frozen Foods,OUT035,2004,Small,Tier 2,Supermarket Type1,1762.71,3.7,2023-07-07
FDD14,19.564,Low Fat ,0.054066,Dairy,OUT027,1985,Medium,Tier 3,Supermarket Type3,4625.7557,4.5,2023-03-16
FDB35,6.68,Low Fat ,0.041013,Frozen Foods,OUT017,2007,,Tier 2,Supermarket Type1,6851.2672,4.5,2023-11-10
FDN28,21.282,reg,0.023015,Snack Foods,OUT049,1999,Medium,Tier 1,Supermarket Type1,8011.68,3.802,2022-03-04
FDA11,,LF,0.0,Fruits and Vegetables,OUT018,2009,Medium,Tier 3,Supermarket Type2,2371.2057,4.002,2022-02-05
FDX18,8.765,reg,0.055224,Breads,OUT049,1999,Medium,Tier 1,Supermarket Type1,3274.2551,4.1,2023-07-17
FDC47,, Regular,0.034953,Fruits and Vegetables,OUT046,1997,Small,Tier 1,Supermarket Type1,4859.8515,3.919,2023-06-19
FDB47,,Low Fat,0.0,Meat,OUT049,1999,Medium,Tier 1,Supermarket Type1,2470.2488,4.7,2023-05-07
FDM50,11.67,Low Fat,0.121082,Frozen Foods,OUT018,2009,Medium,Tier 3,Supermarket Type2,1485.4863,3.9,2022-11-19
DRM59,,low fat,0.05441,Soft Drinks,OUT010,1998,,Tier 3,Grocery Store,1376.6389,3.8,2022-11-24
FDF38,,LF,0.018488,Frozen Foods,OUT049,1999,Medium,Tier 1,Supermarket Type1,5038.6546,4.5,2022-04-11
NCF52,8.729,LF,0.05076,Household,OUT035,2004,Small,Tier 2,Supermarket Type1,2677.8334,3.5,2023-02-18
DRJ23,,reg,0.088084,Soft Drinks,OUT013,1987,High,Tier 3,Supermarket Type1,1684.4161,3.7,2023-12-13
FDQ26,16.66,Low Fat,0.093229,Fruits and Vegetables,OUT035,2004,Small,Tier 2,Supermarket Type1,8762.0971,4.1,2023-10-25
FDP40,9.659,Low Fat,0.02463,Baking Goods,OUT013,1987,High,Tier 3,Supermarket Type1,4006.1695,3.9,2023-06-14
FDM19,17.468, Regular,0.041707,Canned,OUT013,1987,High,Tier 3,Supermarket Type1,2168.7722,4.36,2023-01-02
FDJ34,18.813,LF,0.044908,Canned,OUT017,2007,,Tier 2,Supermarket Type1,4976.1265,3.5,2022-11-24
FDB20,5.075,Low Fat,0.096557,Baking Goods,OUT010,1998,,Tier 3,Grocery Store,1676.0074,4.0,2023-04-29
FDR59,,Low Fat ,0.016142,Canned,OUT035,2004,Small,Tier 2,Supermarket Type1,6150.6032,4.3,2023-06-06
FDK32,8.37,Low Fat ,0.017999,Canned,OUT045,2002,,Tier 2,Supermarket Type1,1967.2692,3.674,2023-09-12
FDP16,20.034,Regular,0.045824,Snack Foods,OUT027,1985,Medium,Tier 3,Supermarket Type3,2625.0692,3.6,2022-12-31
FDY23,12.038,Low Fat,0.03463,Baking Goods,OUT013,1987,High,Tier 3,Supermarket Type1,2498.9996,4.1,2022-07-13
FDY58,6.596,reg,0.0,Frozen Foods,OUT049,1999,Medium,Tier 1,Supermarket Type1,2346.3191,4.6,2022-04-10
FDK35,,Regular,0.138202,Fruits and Vegetables,OUT046,1997,Small,Tier 1,Supermarket Type1,5225.5096,4.598,2023-07-07
DRE13,20.335,LF,0.118034,Soft Drinks,OUT010,1998,,Tier 3,Grocery Store,1952.7683,4.681,2023-04-16
FDA56,18.497,low fat,0.088007,Snack Foods,OUT046,1997,Small,Tier 1,Supermarket Type1,1354.5969,3.6,2022-06-13
DRV20,4.713,low fat,0.088364,Hard Drinks,OUT019,1985,Small,Tier 1,Grocery Store,2213.068,4.0,2023-10-16
FDF26,8.315,low fat,0.086044,Fruits and Vegetables,OUT018,2009,Medium,Tier 3,Supermarket Type2,2966.9937,4.4,2022-01-23
FDU41,13.831,LF,0.057352,Snack Foods,OUT010,1998,,Tier 3,Grocery Store,1163.3227,4.5,2023-07-19
FDF41,6.557,Regular,0.046607,Fruits and Vegetables,OUT018,2009,Medium,Tier 3,Supermarket Type2,1880.6195,4.0,2022-02-04
FDX12,9.05,Regular,0.040694,Dairy,OUT018,2009,Medium,Tier 3,Supermarket Type2,1777.6458,4.5,2022-11-07
FDS17,,reg,0.019098,Starchy Foods,OUT046,1997,Small,Tier 1,Supermarket Type1,2377.8413,4.3,2023-09-29
FDB19,10.949,Regular,0.031031,Fruits and Vegetables,OUT018,2009,Medium,Tier 3,Supermarket Type2,3503.9346,4.3,2023-02-12
FDS53,15.892,low fat,0.122814,Fruits and Vegetables,OUT019,1985,Small,Tier 1,Grocery Store,348.3332,3.5,2022-06-06
FDW55,5.143,Low Fat ,0.072451,Dairy,OUT049,1999,Medium,Tier 1,Supermarket Type1,3069.7117,4.0,2022-12-10
DRE16,11.303,low fat,0.102514,Soft Drinks,OUT017,2007,,Tier 2,Supermarket Type1,2445.311,4.3,2023-11-16
NCX38,16.539,Low Fat,0.038076,Household,OUT035,2004,Small,Tier 2,Supermarket Type1,687.8412,3.5,2022-09-15
NCP55,13.831,low fat,0.043605,Household,OUT035,2004,Small,Tier 2,Supermarket Type1,1553.1709,3.9,2022-04-30
NCW53,6.829,Low Fat ,0.066874,Household,OUT035,2004,Small,Tier 2,Supermarket Type1,3937.3647,3.9,2023-02-06
FDU34,9.3,Low Fat ,0.064739,Dairy,OUT035,2004,Small,Tier 2,Supermarket Type1,662.7291,3.9,2022-09-19
FDY13,9.099,LF,0.016332,Canned,OUT035,2004,Small,Tier 2,Supermarket Type1,1494.0625,3.737,2022-12-08
FDM47,,reg,0.027033,Fruits and Vegetables,OUT035,2004,Small,Tier 2,Supermarket Type1,5643.6111,4.4,2023-01-27
FDB13,18.295,LF,0.094414,Breads,OUT046,1997,Small,Tier 1,Supermarket Type1,1835.6904,3.7,2022-01-29
FDR29,15.906,Low Fat ,0.0,Snack Foods,OUT049,1999,Medium,Tier 1,Supermarket Type1,1899.6773,4.1,2022-01-02
FDS27,20.851,low fat,0.0,Meat,OUT046,1997,Small,Tier 1,Supermarket Type1,1184.582,4.208,2022-07-14
NCP55,13.831,LF,0.060458,Household,OUT046,1997,Small,Tier 1,Supermarket Type1,1772.264,4.5,2022-01-03
FDD45,18.262,reg,0.022034,Fruits and Vegetables,OUT046,1997,Small,Tier 1,Supermarket Type1,1858.1212,4.078,2023-02-16
FDN29,,Low Fat,0.048575,Canned,OUT013,1987,High,Tier 3,Supermarket Type1,2340.9165,4.5,2022-04-06
NCD54,8.593,Low Fat ,0.043028,Household,OUT045,2002,,Tier 2,Supermarket Type1,1007.9157,4.6,2023-05-28
NCF33,14.13,LF,0.13716,Health and Hygiene,OUT019,1985,Small,Tier 1,Grocery Store,458.4694,3.3,2023-11-28
FDK51,10.991,Low Fat ,0.113296,Dairy,OUT027,1985,Medium,Tier 3,Supermarket Type3,5077.2252,4.2,2023-02-24
FDK23,13.829,Low Fat ,0.130503,Meat,OUT035,2004,Small,Tier 2,Supermarket Type1,1987.1983,3.8,2023-06-16
NCX55,13.789,Low Fat ,0.033406,Household,OUT046,1997,Small,Tier 1,Supermarket Type1,3056.6854,4.216,2023-06-02
DRB41,15.68,low fat,0.025794,Soft Drinks,OUT049,1999,Medium,Tier 1,Supermarket Type1,2054.1879,3.6,2022-01-06
FDU25,18.973,Low Fat ,0.021891,Dairy,OUT018,2009,Medium,Tier 3,Supermarket Type2,10265.5078,4.7,2023-11-09
FDJ29,15.594,Regular,0.01452,Dairy,OUT013,1987,High,Tier 3,Supermarket Type1,3090.8315,4.5,2022-10-11
NCG52,17.459,Low Fat ,0.0,Household,OUT027,1985,Medium,Tier 3,Supermarket Type3,3420.1876,4.3,2022-09-23
DRC54,16.659,Low Fat ,0.033957,Hard Drinks,OUT018,2009,Medium,Tier 3,Supermarket Type2,2441.0524,3.6,2022-07-29
FDG56,,Low Fat,0.107948,Starchy Foods,OUT027,1985,Medium,Tier 3,Supermarket Type3,1156.8236,4.0,2022-09-15
FDY49,5.745,LF,0.050289,Fruits and Vegetables,OUT017,2007,,Tier 2,Supermarket Type1,1834.1665,3.6,2023-07-27
FDW34,17.927,Low Fat ,0.051426,Baking Goods,OUT035,2004,Small,Tier 2,Supermarket Type1,3271.6619,3.9,2022-08-18
FDB53,,reg,0.063734,Fruits and Vegetables,OUT045,2002,,Tier 2,Supermarket Type1,1390.4389,3.9,2023-11-23
FDX24,12.548,reg,0.021027,Frozen Foods,OUT018,2009,Medium,Tier 3,Supermarket Type2,1790.9973,4.1,2023-08-10
FDD30,, Regular,0.046327,Fruits and Vegetables,OUT035,2004,Small,Tier 2,Supermarket Type1,3937.6207,3.7,2023-08-17
FDW57,4.66,Low Fat ,0.048926,Baking Goods,OUT027,1985,Medium,Tier 3,Supermarket Type3,9128.5181,3.683,2023-12-06
FDD23,,reg,0.065929,Baking Goods,OUT045,2002,,Tier 2,Supermarket Type1,1950.5991,3.7,2023-02-11
FDD40,12.339,low fat,0.07996,Canned,OUT035,2004,Small,Tier 2,Supermarket Type1,2836.7719,4.1,2023-12-09
FDV58,15.58,Low Fat,0.0,Meat,OUT018,2009,Medium,Tier 3,Supermarket Type2,2070.2902,4.1,2022-09-27
NCM19,20.634,low fat,0.036187,Health and Hygiene,OUT017,2007,,Tier 2,Supermarket Type1,1196.1414,3.8,2023-08-25
NCD54,8.593,low fat,0.054178,Household,OUT018,2009,Medium,Tier 3,Supermarket Type2,5973.2047,4.1,2023-08-04
FDK34,,reg,0.06158,Starchy Foods,OUT045,2002,,Tier 2,Supermarket Type1,4651.5688,3.6,2023-10-21
FDN21,4.8,reg,0.033274,Meat,OUT017,2007,,Tier 2,Supermarket Type1,4166.7374,4.1,2022-02-10
NCG52,17.459,low fat,0.182594,Household,OUT010,1998,,Tier 3,Grocery Store,1824.449,3.5,2022-10-09
FDY37,11.028,Low Fat,0.013715,Dairy,OUT049,1999,Medium,Tier 1,Supermarket Type1,6506.9156,4.3,2022-06-26
FDJ23,5.352,Low Fat,0.121128,Baking Goods,OUT017,2007,,Tier 2,Supermarket Type1,2109.2349,3.969,2023-06-29
NCJ28,9.833,low fat,0.046724,Health and Hygiene,OUT017,2007,,Tier 2,Supermarket Type1,6215.3392,4.04,2022-04-20
NCE10,8.542,low fat,0.103021,Health and Hygiene,OUT018,2009,Medium,Tier 3,Supermarket Type2,3151.3653,3.4,2023-11-26
FDJ48,11.266,Low Fat,0.065197,Canned,OUT018,2009,Medium,Tier 3,Supermarket Type2,1852.0134,3.8,2023-01-22
DRW27,,reg,0.154074,Hard Drinks,OUT013,1987,High,Tier 3,Supermarket Type1,1380.1738,4.2,2023-06-09
DRJ59,16.267,reg,0.03836,Soft Drinks,OUT018,2009,Medium,Tier 3,Supermarket Type2,2608.9556,3.295,2022-03-22
NCC21,16.1,Low Fat ,0.028369,Health and Hygiene,OUT049,1999,Medium,Tier 1,Supermarket Type1,1542.7834,3.9,2022-07-12
NCS49,13.575,Low Fat,0.0,Health and Hygiene,OUT046,1997,Small,Tier 1,Supermarket Type1,1028.1341,4.4,2022-07-05
FDH13,,Regular,0.035379,Dairy,OUT013,1987,High,Tier 3,Supermarket Type1,1523.9228,4.0,2023-02-25
FDW52,10.734, Regular,0.034233,Frozen Foods,OUT046,1997,Small,Tier 1,Supermarket Type1,2687.0561,3.712,2023-05-22
FDA42,20.134,low fat,0.094664,Baking Goods,OUT027,1985,Medium,Tier 3,Supermarket Type3,4478.045,3.9,2022-08-19
FDD51,5.897,Low Fat,0.024233,Dairy,OUT018,2009,Medium,Tier 3,Supermarket Type2,1743.0362,3.7,2022-04-13
FDD11,17.401,low fat,0.042613,Baking Goods,OUT049,1999,Medium,Tier 1,Supermarket Type1,2766.1616,4.0,2022-01-26
FDY43,4.911,Low Fat,0.074574,Snack Foods,OUT018,2009,Medium,Tier 3,Supermarket Type2,3461.7458,4.2,2022-05-25
FDK33,19.379,Low Fat ,0.028693,Meat,OUT045,2002,,Tier 2,Supermarket Type1,1384.1042,3.5,2022-03-26
FDX13,13.755,low fat,0.021926,Breakfast,OUT013,1987,High,Tier 3,Supermarket Type1,2414.4398,4.1,2022-09-25
FDR51,,Low Fat ,0.043924,Baking Goods,OUT018,2009,Medium,Tier 3,Supermarket Type2,5262.631,4.185,2023-12-04
FDF33,20.83,reg,0.024471,Baking Goods,OUT049,1999,Medium,Tier 1,Supermarket Type1,3286.4605,4.1,2022-12-26
FDH46,8.263,Regular,0.037588,Baking Goods,OUT017,2007,,Tier 2,Supermarket Type1,988.3332,3.634,2023-06-07
FDK30,15.727,Low Fat ,0.100234,Snack Foods,OUT035,2004,Small,Tier 2,Supermarket Type1,2889.2525,4.1,2022-11-21
FDC36,11.757,Low Fat,0.039945,Canned,OUT027,1985,Medium,Tier 3,Supermarket Type3,5837.3188,4.1,2022-12-06
FDU16,, Regular,0.039883,Meat,OUT010,1998,,Tier 3,Grocery Store,898.2917,4.003,2022-12-07
FDN53,19.918,LF,0.139487,Baking Goods,OUT045,2002,,Tier 2,Supermarket Type1,1498.8092,3.824,2022-12-14
FDN15,12.135,Regular,0.061441,Baking Goods,OUT046,1997,Small,Tier 1,Supermarket Type1,1038.9467,3.7,2023-12-04
FDA20,5.554,LF,0.042389,Fruits and Vegetables,OUT013,1987,High,Tier 3,Supermarket Type1,3862.3743,3.9,2023-09-17
FDK37,11.932,Low Fat,0.0,Snack Foods,OUT046,1997,Small,Tier 1,Supermarket Type1,1009.6479,3.7,2022-03-17
FDY40,15.591,Low Fat ,0.094069,Snack Foods,OUT049,1999,Medium,Tier 1,Supermarket Type1,3943.553,3.934,2023-09-10
FDD33,,Low Fat,0.018261,Frozen Foods,OUT035,2004,Small,Tier 2,Supermarket Type1,2087.2323,3.4,2023-04-05
FDS48,14.494,low fat,0.040686,Baking Goods,OUT018,2009,Medium,Tier 3,Supermarket Type2,2915.238,3.3,2022-06-13
FDD56,18.15,Regular,0.057097,Frozen Foods,OUT035,2004,Small,Tier 2,Supermarket Type1,2431.3097,4.025,2022-01-11
FDF10,10.456,low fat,0.094481,Breakfast,OUT049,1999,Medium,Tier 1,Supermarket Type1,908.3349,3.8,2022-02-04
FDC55,8.051,reg,0.058547,Baking Goods,OUT049,1999,Medium,Tier 1,Supermarket Type1,1736.3961,3.7,2022-12-25
FDX56,18.104,Low Fat ,0.040966,Meat,OUT018,2009,Medium,Tier 3,Supermarket Type2,3188.4645,3.8,2022-06-24
FDB37,13.472,Regular,0.045121,Snack Foods,OUT049,1999,Medium,Tier 1,Supermarket Type1,3161.3751,4.0,2022-07-08
FDK20,16.405,low fat,0.073522,Breads,OUT045,2002,,Tier 2,Supermarket Type1,6595.0028,4.2,2023-10-05
FDF48,10.826,Low Fat ,0.011615,Breads,OUT018,2009,Medium,Tier 3,Supermarket Type2,876.8671,3.9,2022-07-06
FDF46,,LF,0.055187,Dairy,OUT045,2002,,Tier 2,Supermarket Type1,1130.2496,3.935,2023-02-28
FDB39,17.07,LF,0.150664,Breads,OUT035,2004,Small,Tier 2,Supermarket Type1,1834.9689,3.5,2023-02-19
FDG52,20.43,Low Fat ,0.043296,Fruits and Vegetables,OUT010,1998,,Tier 3,Grocery Store,1240.1784,4.3,2023-03-21
FDY56,5.013,Low Fat ,0.08266,Snack Foods,OUT049,1999,Medium,Tier 1,Supermarket Type1,3023.392,4.31,2023-04-21
NCH22,17.877,LF,0.034914,Household,OUT027,1985,Medium,Tier 3,Supermarket Type3,3871.0759,3.9,2023-10-25
FDU11,5.68,Low Fat,0.06542,Breads,OUT018,2009,Medium,Tier 3,Supermarket Type2,4422.7686,4.1,2022-09-06
FDY55,5.705,reg,0.032611,Canned,OUT013,1987,High,Tier 3,Supermarket Type1,1565.5761,3.8,2023-09-17
NCS46,,LF,0.021943,Health and Hygiene,OUT046,1997,Small,Tier 1,Supermarket Type1,550.6974,3.8,2023-06-27
DRY24,19.16,reg,0.042768,Soft Drinks,OUT018,2009,Medium,Tier 3,Supermarket Type2,736.758,4.1,2023-03-08
NCH29,8.102,Low Fat,0.016609,Others,OUT018,2009,Medium,Tier 3,Supermarket Type2,1825.4424,3.6,2022-01-13
DRM49,9.865,Low Fat ,0.063292,Soft Drinks,OUT013,1987,High,Tier 3,Supermarket Type1,1731.7407,4.2,2023-12-10
FDG37,11.855,reg,0.02189,Fruits and Vegetables,OUT046,1997,Small,Tier 1,Supermarket Type1,2744.8743,3.8,2022-11-14
FDH45,5.363,Low Fat,0.050137,Fruits and Vegetables,OUT046,1997,Small,Tier 1,Supermarket Type1,3149.8007,3.8,2022-12-25
FDW56,11.352,LF,0.005923,Fruits and Vegetables,OUT049,1999,Medium,Tier 1,Supermarket Type1,2196.7026,3.5,2023-04-30
FDK51,10.991,Low Fat,0.043292,Dairy,OUT019,1985,Small,Tier 1,Grocery Store,278.2691,4.379,2022-02-18
FDF52,11.876,Low Fat,0.023351,Canned,OUT017,2007,,Tier 2,Supermarket Type1,1208.0173,3.8,2022-01-21
FDS10,16.316,Low Fat ,0.0807,Fruits and Vegetables,OUT045,2002,,Tier 2,Supermarket Type1,8555.7013,3.5,2022-07-01
FDP42,10.581,Low Fat ,0.028361,Canned,OUT027,1985,Medium,Tier 3,Supermarket Type3,1258.4563,3.963,2023-07-20
FDB41,13.163,Low Fat ,0.021459,Breads,OUT017,2007,,Tier 2,Supermarket Type1,855.4172,4.3,2023-06-08
FDP37,20.789,Regular,0.128997,Meat,OUT027,1985,Medium,Tier 3,Supermarket Type3,13086.9648,4.4,2022-07-23
FDJ10,17.71,Regular,0.023573,Breakfast,OUT018,2009,Medium,Tier 3,Supermarket Type2,1575.2192,3.1,2022-04-04
FDB32,6.61,Low Fat ,0.062293,Starchy Foods,OUT010,1998,,Tier 3,Grocery Store,2246.1414,3.803,2023-08-19
FDB23,20.641,low fat,0.045351,Fruits and Vegetables,OUT018,2009,Medium,Tier 3,Supermarket Type2,3014.4806,3.9,2022-09-14
DRR26,,LF,0.050448,Hard Drinks,OUT045,2002,,Tier 2,Supermarket Type1,1420.4215,4.0,2022-02-14
NCV44,6.268,low fat,0.053564,Household,OUT046,1997,Small,Tier 1,Supermarket Type1,2486.9705,4.2,2022-03-02
FDN42,7.836,low fat,0.049026,Snack Foods,OUT010,1998,,Tier 3,Grocery Store,843.8226,4.0,2023-12-04
DRE40,14.14, Regular,0.044783,Soft Drinks,OUT045,2002,,Tier 2,Supermarket Type1,3362.9582,3.6,2022-05-19
FDA33,11.471,Low Fat ,0.029321,Frozen Foods,OUT018,2009,Medium,Tier 3,Supermarket Type2,2013.8508,3.283,2023-02-25
DRG11,9.814,LF,0.108682,Soft Drinks,OUT013,1987,High,Tier 3,Supermarket Type1,2216.7306,3.9,2022-06-10
FDA50,17.939, Regular,0.12109,Snack Foods,OUT017,2007,,Tier 2,Supermarket Type1,4663.9865,4.0,2022-01-24
FDP32,, Regular,0.123159,Snack Foods,OUT049,1999,Medium,Tier 1,Supermarket Type1,2988.6927,4.9,2022-01-19
DRQ18,9.666,Low Fat ,0.024957,Soft Drinks,OUT017,2007,,Tier 2,Supermarket Type1,2092.6298,4.0,2023-09-16
FDR45,20.449,Low Fat,0.067614,Snack Foods,OUT045,2002,,Tier 2,Supermarket Type1,4006.9805,4.0,2022-05-06
DRJ26,19.311,low fat,0.040861,Hard Drinks,OUT035,2004,Small,Tier 2,Supermarket Type1,2645.5726,3.3,2023-04-27
DRQ35,19.721,Low Fat,0.018253,Soft Drinks,OUT013,1987,High,Tier 3,Supermarket Type1,1432.1998,3.4,2022-11-01
FDF12,,LF,0.081746,Baking Goods,OUT013,1987,High,Tier 3,Supermarket Type1,2332.8315,3.7,2023-06-17
DRK30,4.594,Low Fat,0.020857,Soft Drinks,OUT049,1999,Medium,Tier 1,Supermarket Type1,1506.0686,3.7,2023-10-25
DRJ46,15.739,Low Fat,0.029439,Soft Drinks,OUT027,1985,Medium,Tier 3,Supermarket Type3,4433.4694,3.9,2023-02-17
NCS14,16.323,Low Fat ,0.083878,Health and Hygiene,OUT013,1987,High,Tier 3,Supermarket Type1,1459.0291,3.5,2022-01-17
FDB39,17.07,low fat,0.116592,Breads,OUT027,1985,Medium,Tier 3,Supermarket Type3,5070.8627,4.1,2023-10-01
DRJ23,,Regular,0.029217,Soft Drinks,OUT017,2007,,Tier 2,Supermarket Type1,809.4855,4.0,2023-01-11
FDP50,, Regular,0.078571,Baking Goods,OUT013,1987,High,Tier 3,Supermarket Type1,1933.187,4.2,2022-03-16
FDN16,15.648,Regular,0.052001,Dairy,OUT049,1999,Medium,Tier 1,Supermarket Type1,1828.6568,4.5,2022-10-16
FDG27,11.083,Low Fat,0.020976,Dairy,OUT019,1985,Small,Tier 1,Grocery Store,1093.3355,3.9,2022-02-24
FDG41,7.976,low fat,0.032043,Starchy Foods,OUT013,1987,High,Tier 3,Supermarket Type1,2745.0699,4.1,2023-01-24
FDN40,18.543,Regular,0.07585,Canned,OUT010,1998,,Tier 3,Grocery Store,1670.3794,3.8,2022-10-04
FDK54,20.174,Low Fat ,0.020762,Fruits and Vegetables,OUT013,1987,High,Tier 3,Supermarket Type1,5042.6721,4.32,2022-02-15
FDR28,20.735,Low Fat,0.02982,Dairy,OUT027,1985,Medium,Tier 3,Supermarket Type3,1593.3641,3.7,2022-04-07
FDG59,,reg,0.038797,Fruits and Vegetables,OUT018,2009,Medium,Tier 3,Supermarket Type2,9470.5776,3.8,2023-07-06
FDB10,16.779,LF,0.013105,Breads,OUT045,2002,,Tier 2,Supermarket Type1,723.9954,4.1,2022-04-27
FDR16,5.72,Low Fat,0.020631,Meat,OUT017,2007,,Tier 2,Supermarket Type1,4401.4762,4.0,2022-10-04
FDN37,13.869,low fat,0.038465,Baking Goods,OUT046,1997,Small,Tier 1,Supermarket Type1,3218.0642,3.7,2023-01-22
NCD38,6.225,Low Fat ,0.0,Household,OUT018,2009,Medium,Tier 3,Supermarket Type2,2909.8702,3.8,2023-02-06
NCJ10,19.491,LF,0.088271,Health and Hygiene,OUT045,2002,,Tier 2,Supermarket Type1,1265.4605,4.4,2023-06-11
FDE20,5.497, Regular,0.095576,Baking Goods,OUT013,1987,High,Tier 3,Supermarket Type1,4542.1444,3.991,2022-04-05
NCF52,8.729,Low Fat,0.105411,Household,OUT017,2007,,Tier 2,Supermarket Type1,1926.8277,4.5,2023-01-03
FDE28,11.332, Regular,0.159687,Fruits and Vegetables,OUT027,1985,Medium,Tier 3,Supermarket Type3,4709.4331,3.7,2022-10-13
FDV39,11.544,Low Fat,0.024702,Dairy,OUT018,2009,Medium,Tier 3,Supermarket Type2,1872.4969,4.1,2022-07-04
FDC34,19.864,Regular,0.060374,Frozen Foods,OUT013,1987,High,Tier 3,Supermarket Type1,4187.5257,4.1,2022-12-03
FDD19,10.919,reg,0.134452,Canned,OUT027,1985,Medium,Tier 3,Supermarket Type3,13086.9648,4.1,2022-02-22
FDB55,9.062,reg,0.02567,Meat,OUT046,1997,Small,Tier 1,Supermarket Type1,1601.1796,4.524,2023-12-20
FDQ39,11.195,LF,0.044666,Dairy,OUT045,2002,,Tier 2,Supermarket Type1,1892.2905,4.12,2022-09-05
FDV33,,reg,0.043097,Dairy,OUT027,1985,Medium,Tier 3,Supermarket Type3,4099.5617,4.2,2022-01-17
FDD17,18.35,Regular,0.061526,Breakfast,OUT010,1998,,Tier 3,Grocery Store,975.6583,4.1,2022-05-13
FDR46,,low fat,0.08997,Fruits and Vegetables,OUT046,1997,Small,Tier 1,Supermarket Type1,2656.8725,3.6,2023-09-19
FDS30,6.474,Low Fat ,0.103367,Dairy,OUT013,1987,High,Tier 3,Supermarket Type1,2383.4786,3.8,2022-08-02
FDV18,8.986,low fat,0.036624,Fruits and Vegetables,OUT017,2007,,Tier 2,Supermarket Type1,3465.8975,4.6,2022-08-05
FDP10,12.262,low fat,0.069721,Dairy,OUT035,2004,Small,Tier 2,Supermarket Type1,1028.9061,4.0,2022-08-06
FDF33,20.83,reg,0.107044,Baking Goods,OUT045,2002,,Tier 2,Supermarket Type1,2959.214,3.9,2023-12-16
FDU14,,LF,0.036144,Meat,OUT027,1985,Medium,Tier 3,Supermarket Type3,5497.0527,4.58,2023-02-12
DRX50,11.006,Low Fat,0.020691,Hard Drinks,OUT017,2007,,Tier 2,Supermarket Type1,6705.134,4.0,2022-11-03
DRS53,,reg,0.0,Soft Drinks,OUT018,2009,Medium,Tier 3,Supermarket Type2,2710.6506,3.7,2023-05-21
FDK40,11.084,Regular,0.042012,Dairy,OUT035,2004,Small,Tier 2,Supermarket Type1,2256.0601,3.382,2023-07-10
FDE37,4.89,Regular,0.11522,Frozen Foods,OUT013,1987,High,Tier 3,Supermarket Type1,2631.0854,4.4,2022-08-11
FDU47,9.498,Low Fat ,0.114452,Fruits and Vegetables,OUT013,1987,High,Tier 3,Supermarket Type1,1958.3122,4.3,2023-05-28
DRE16,11.303,Low Fat,0.043386,Soft Drinks,OUT049,1999,Medium,Tier 1,Supermarket Type1,2137.2071,3.461,2022-01-05
FDH22,18.209,reg,0.03389,Canned,OUT046,1997,Small,Tier 1,Supermarket Type1,1788.3536,4.7,2022-05-29
NCF20,15.124,Low Fat ,0.031067,Others,OUT045,2002,,Tier 2,Supermarket Type1,1509.1861,3.8,2022-11-16
FDX22,16.516,Low Fat ,0.03743,Frozen Foods,OUT049,1999,Medium,Tier 1,Supermarket Type1,1759.8131,3.6,2022-01-07
FDD43,9.959, Regular,0.024124,Canned,OUT017,2007,,Tier 2,Supermarket Type1,4017.0164,4.1,2023-10-11
FDF17,18.58,low fat,0.044,Dairy,OUT027,1985,Medium,Tier 3,Supermarket Type3,5860.3733,4.2,2022-11-24
FDV10,15.235,Low Fat,0.152295,Dairy,OUT018,2009,Medium,Tier 3,Supermarket Type2,3794.9337,4.5,2023-12-29
FDH27,17.26,LF,0.061148,Snack Foods,OUT046,1997,Small,Tier 1,Supermarket Type1,2216.6902,3.9,2023-04-17
FDH26,10.128,low fat,0.192776,Frozen Foods,OUT035,2004,Small,Tier 2,Supermarket Type1,3818.5033,4.5,2023-04-08
FDV44,7.847,low fat,0.017982,Fruits and Vegetables,OUT017,2007,,Tier 2,Supermarket Type1,2937.8178,3.7,2023-01-01
FDE11,6.983,Regular,0.035629,Meat,OUT049,1999,Medium,Tier 1,Supermarket Type1,3241.4988,4.4,2022-03-15
FDD24,6.241,Regular,0.065958,Canned,OUT046,1997,Small,Tier 1,Supermarket Type1,3849.643,3.816,2022-04-13
FDV37,17.771, Regular,0.030455,Dairy,OUT017,2007,,Tier 2,Supermarket Type1,567.0822,3.9,2022-01-28
FDW41,19.908,Regular,0.038602,Snack Foods,OUT010,1998,,Tier 3,Grocery Store,2905.6117,3.7,2022-02-16
FDH54,15.683,Low Fat,0.042273,Frozen Foods,OUT027,1985,Medium,Tier 3,Supermarket Type3,7689.5409,4.4,2022-01-12
FDF52,,Low Fat ,0.053413,Canned,OUT013,1987,High,Tier 3,Supermarket Type1,1576.9721,3.2,2022-03-05
DRX23,11.754,LF,0.025393,Soft Drinks,OUT017,2007,,Tier 2,Supermarket Type1,5073.6624,4.3,2023-11-20
FDW18,18.71,Low Fat ,0.041682,Dairy,OUT049,1999,Medium,Tier 1,Supermarket Type1,1527.0269,4.2,2023-10-01
NCJ56,,LF,0.042857,Household,OUT045,2002,,Tier 2,Supermarket Type1,1076.0455,3.6,2023-08-20
FDB41,13.163,Low Fat,0.054816,Breads,OUT018,2009,Medium,Tier 3,Supermarket Type2,2157.3672,4.0,2022-03-17
FDD14,19.564,LF,0.02317,Dairy,OUT049,1999,Medium,Tier 1,Supermarket Type1,1864.3697,4.6,2023-01-21
FDA49,18.128,Regular,0.021596,Frozen Foods,OUT049,1999,Medium,Tier 1,Supermarket Type1,2990.1669,3.93,2023-06-24
FDU24,17.902,reg,0.040663,Snack Foods,OUT017,2007,,Tier 2,Supermarket Type1,3888.2468,4.37,2022-04-04
FDU24,17.902,Regular,0.047254,Snack Foods,OUT010,1998,,Tier 3,Grocery Store,3517.5118,3.6,2023-10-15
FDG53,11.484,low fat,0.067845,Seafood,OUT019,1985,Small,Tier 1,Grocery Store,465.5993,4.0,2023-03-29
DRV59,20.406,LF,0.03097,Hard Drinks,OUT013,1987,High,Tier 3,Supermarket Type1,2476.9744,4.3,2023-10-23
FDR51,16.122,low fat,0.063708,Baking Goods,OUT035,2004,Small,Tier 2,Supermarket Type1,2295.1892,3.6,2022-10-12
FDF31,5.834, Regular,0.029084,Canned,OUT017,2007,,Tier 2,Supermarket Type1,5243.1495,4.4,2023-02-09
NCF28,15.921,Low Fat ,0.118459,Health and Hygiene,OUT027,1985,Medium,Tier 3,Supermarket Type3,5075.1125,4.1,2022-05-07
FDK31,5.066,LF,0.011851,Frozen Foods,OUT013,1987,High,Tier 3,Supermarket Type1,1195.3183,3.4,2022-12-09
FDG51,14.009,LF,0.118733,Dairy,OUT013,1987,High,Tier 3,Supermarket Type1,2625.4493,3.8,2022-05-30
FDG19,14.248,LF,0.075541,Snack Foods,OUT010,1998,,Tier 3,Grocery Store,506.4899,4.1,2022-01-17
DRA37,18.442,Low Fat,0.0,Hard Drinks,OUT046,1997,Small,Tier 1,Supermarket Type1,593.6176,3.125,2022-02-13
FDB43,9.581,Regular,0.0,Dairy,OUT018,2009,Medium,Tier 3,Supermarket Type2,2555.011,3.9,2023-04-21
FDX10,14.039, Regular,0.030489,Meat,OUT035,2004,Small,Tier 2,Supermarket Type1,2910.4347,4.3,2022-11-25
NCJ38,9.025,LF,0.042322,Household,OUT019,1985,Small,Tier 1,Grocery Store,1651.2089,4.0,2022-11-12
DRU50,20.589,Low Fat,0.06724,Soft Drinks,OUT045,2002,,Tier 2,Supermarket Type1,1923.8484,3.7,2022-12-26
FDX44,20.503, Regular,0.071427,Baking Goods,OUT027,1985,Medium,Tier 3,Supermarket Type3,8684.0222,4.0,2022-11-27
FDK48,17.501,Regular,0.021294,Baking Goods,OUT046,1997,Small,Tier 1,Supermarket Type1,1266.5606,4.3,2022-07-25
FDG12,7.121,Low Fat,0.023734,Meat,OUT010,1998,,Tier 3,Grocery Store,2337.5077,4.4,2023-05-01
NCG45,12.08,Low Fat ,0.079271,Household,OUT049,1999,Medium,Tier 1,Supermarket Type1,4333.8673,4.512,2023-03-03
FDX49,17.282,LF,0.046884,Baking Goods,OUT013,1987,High,Tier 3,Supermarket Type1,1558.3905,3.8,2022-05-30
FDP45,20.593,Low Fat ,0.076007,Meat,OUT049,1999,Medium,Tier 1,Supermarket Type1,3474.005,3.933,2022-01-06
FDM31,4.659,low fat,0.073801,Frozen Foods,OUT018,2009,Medium,Tier 3,Supermarket Type2,1699.0727,3.8,2023-06-20
FDV46,20.828,low fat,0.065347,Snack Foods,OUT035,2004,Small,Tier 2,Supermarket Type1,1412.4407,4.5,2022-01-10
NCJ14,17.612,Low Fat ,0.006641,Others,OUT049,1999,Medium,Tier 1,Supermarket Type1,3101.8717,4.1,2022-11-05
NCF28,15.921,Low Fat ,0.093241,Health and Hygiene,OUT013,1987,High,Tier 3,Supermarket Type1,1023.9112,3.7,2022-07-17
NCC22,8.567,Low Fat ,0.023123,Health and Hygiene,OUT018,2009,Medium,Tier 3,Supermarket Type2,2866.2716,3.9,2023-05-23
FDA10,13.961,Low Fat,0.030433,Meat,OUT049,1999,Medium,Tier 1,Supermarket Type1,2888.5779,4.0,2023-04-12
FDD14,19.564,LF,0.026671,Dairy,OUT045,2002,,Tier 2,Supermarket Type1,3560.1054,4.464,2022-10-09
FDH22,18.209,Regular,0.019296,Canned,OUT017,2007,,Tier 2,Supermarket Type1,3604.0637,4.3,2023-08-23
FDG52,,Low Fat ,0.080838,Fruits and Vegetables,OUT035,2004,Small,Tier 2,Supermarket Type1,2515.3907,4.2,2022-08-13
FDP44,9.515, Regular,0.176725,Fruits and Vegetables,OUT017,2007,,Tier 2,Supermarket Type1,1891.7904,4.6,2022-03-13
FDW33,18.507,Low Fat,0.069832,Canned,OUT027,1985,Medium,Tier 3,Supermarket Type3,5976.0698,3.833,2022-10-30
FDN52,15.635,Low Fat ,0.060255,Snack Foods,OUT013,1987,High,Tier 3,Supermarket Type1,4083.9017,4.5,2022-06-05
DRG58,,Regular,0.040341,Hard Drinks,OUT045,2002,,Tier 2,Supermarket Type1,11178.7627,4.0,2022-09-10
FDS55,,Low Fat,0.073435,Canned,OUT045,2002,,Tier 2,Supermarket Type1,2167.7313,3.4,2022-08-25
FDH20,10.816,LF,0.073247,Frozen Foods,OUT046,1997,Small,Tier 1,Supermarket Type1,4226.246,4.2,2023-07-07
NCH29,8.102,Low Fat ,0.021945,Others,OUT013,1987,High,Tier 3,Supermarket Type1,2518.4556,4.3,2022-01-03
FDN57,7.271,Low Fat,0.175457,Frozen Foods,OUT013,1987,High,Tier 3,Supermarket Type1,2965.6938,4.115,2022-02-07
DRE18,10.415,low fat,0.029252,Soft Drinks,OUT013,1987,High,Tier 3,Supermarket Type1,2038.6697,3.5,2023-03-20
FDW12,20.945,reg,0.020249,Breakfast,OUT035,2004,Small,Tier 2,Supermarket Type1,1888.3617,3.9,2022-03-18
FDQ41,6.054,LF,0.117236,Snack Foods,OUT027,1985,Medium,Tier 3,Supermarket Type3,3526.7003,3.8,2023-12-24
FDX16,6.447,Low Fat,0.052246,Canned,OUT045,2002,,Tier 2,Supermarket Type1,1747.8885,4.0,2023-04-15
FDU56,18.417,Low Fat ,0.026131,Snack Foods,OUT017,2007,,Tier 2,Supermarket Type1,1728.8836,3.7,2023-05-30
FDE21,,LF,0.034583,Snack Foods,OUT046,1997,Small,Tier 1,Supermarket Type1,1035.5929,4.1,2022-07-28
FDC32,17.342,LF,0.059748,Breakfast,OUT027,1985,Medium,Tier 3,Supermarket Type3,3917.6113,4.3,2023-01-14
NCW50,,low fat,0.034999,Others,OUT018,2009,Medium,Tier 3,Supermarket Type2,2630.824,3.6,2022-04-24
FDW39,15.743,Low Fat,0.028934,Snack Foods,OUT017,2007,,Tier 2,Supermarket Type1,3884.2949,4.2,2023-12-02
FDU21,12.19,Low Fat ,0.03611,Starchy Foods,OUT019,1985,Small,Tier 1,Grocery Store,2380.6284,3.8,2023-08-11
FDC38,12.14,Low Fat ,0.032283,Snack Foods,OUT018,2009,Medium,Tier 3,Supermarket Type2,2688.6646,3.9,2023-10-18
NCB45,19.925,Low Fat,0.091774,Household,OUT046,1997,Small,Tier 1,Supermarket Type1,734.5823,3.8,2022-09-08
DRR35,,Regular,0.033228,Soft Drinks,OUT019,1985,Small,Tier 1,Grocery Store,611.5879,4.2,2022-02-21
FDD46,11.853,Low Fat ,0.05479,Canned,OUT018,2009,Medium,Tier 3,Supermarket Type2,1160.2235,4.5,2022-03-02
DRS53,14.269, Regular,0.060359,Soft Drinks,OUT019,1985,Small,Tier 1,Grocery Store,530.3971,3.8,2022-11-09
FDY25,18.173, Regular,0.025728,Snack Foods,OUT045,2002,,Tier 2,Supermarket Type1,1372.9312,3.9,2022-12-08
FDG42,6.635,LF,0.020228,Canned,OUT046,1997,Small,Tier 1,Supermarket Type1,3455.5816,4.1,2022-04-13
FDC43,8.497,LF,0.030897,Snack Foods,OUT019,1985,Small,Tier 1,Grocery Store,381.5541,3.881,2023-03-04
FDF54,20.693,low fat,0.015692,Snack Foods,OUT046,1997,Small,Tier 1,Supermarket Type1,2683.6282,3.9,2022-09-06
FDA22,15.526,Regular,0.036365,Canned,OUT018,2009,Medium,Tier 3,Supermarket Type2,2166.3827,3.5,2022-10-21
FDX19,,low fat,0.0,Snack Foods,OUT017,2007,,Tier 2,Supermarket Type1,6405.3678,3.822,2023-08-10
FDM35,10.702,Regular,0.064649,Breads,OUT049,1999,Medium,Tier 1,Supermarket Type1,4371.2905,3.9,2022-06-19
FDY53,13.553,low fat,0.020469,Frozen Foods,OUT010,1998,,Tier 3,Grocery Store,3485.1759,3.995,2023-01-10
FDG40,15.029,Regular,0.109722,Snack Foods,OUT018,2009,Medium,Tier 3,Supermarket Type2,2778.4437,4.3,2022-11-03
FDK45,,reg,0.041682,Snack Foods,OUT027,1985,Medium,Tier 3,Supermarket Type3,11275.0125,3.6,2022-05-31
DRW37,9.154,Low Fat,0.104392,Soft Drinks,OUT019,1985,Small,Tier 1,Grocery Store,210.6097,3.8,2022-04-14
DRJ59,16.267, Regular,0.0369,Soft Drinks,OUT017,2007,,Tier 2,Supermarket Type1,3434.5764,4.3,2023-05-18
FDM15,16.291,Low Fat ,0.061244,Snack Foods,OUT013,1987,High,Tier 3,Supermarket Type1,4113.5863,4.0,2023-11-07
FDF45,,Low Fat ,0.021443,Snack Foods,OUT049,1999,Medium,Tier 1,Supermarket Type1,1378.26,4.1,2022-01-11
NCA18,7.4,Low Fat ,0.029982,Household,OUT013,1987,High,Tier 3,Supermarket Type1,944.6589,4.0,2022-02-21
DRJ33,6.311, Regular,0.137901,Soft Drinks,OUT017,2007,,Tier 2,Supermarket Type1,4546.3753,4.2,2023-02-16
FDU27,16.593,Low Fat ,0.011606,Frozen Foods,OUT017,2007,,Tier 2,Supermarket Type1,2109.4098,3.896,2022-06-17
DRX48,6.601, Regular,0.068371,Hard Drinks,OUT049,1999,Medium,Tier 1,Supermarket Type1,2910.5453,4.1,2023-06-22
FDW24,17.997,low fat,0.021963,Frozen Foods,OUT018,2009,Medium,Tier 3,Supermarket Type2,2624.2232,3.7,2023-01-19
FDR35,19.752,Regular,0.048425,Fruits and Vegetables,OUT010,1998,,Tier 3,Grocery Store,369.9297,4.2,2023-05-19
DRE51,20.622,LF,0.06386,Soft Drinks,OUT049,1999,Medium,Tier 1,Supermarket Type1,3022.5209,4.3,2023-09-30
FDE27,14.958,Low Fat ,0.043936,Dairy,OUT010,1998,,Tier 3,Grocery Store,2457.9177,4.2,2022-06-15
FDV46,20.828,Low Fat ,0.0,Snack Foods,OUT010,1998,,Tier 3,Grocery Store,821.808,3.8,2022-12-16
NCD48,14.802,low fat,0.104953,Household,OUT045,2002,,Tier 2,Supermarket Type1,4139.1312,3.5,2022-11-11
FDX30,10.772, Regular,0.04246,Dairy,OUT035,2004,Small,Tier 2,Supermarket Type1,841.9767,4.2,2022-12-01
FDJ56,13.005,Low Fat,0.20876,Canned,OUT049,1999,Medium,Tier 1,Supermarket Type1,6930.2755,3.6,2022-12-07
NCX56,14.386,Low Fat,0.039343,Health and Hygiene,OUT013,1987,High,Tier 3,Supermarket Type1,2116.0704,3.9,2023-05-10
FDN55,19.232,Low Fat ,0.020424,Breakfast,OUT046,1997,Small,Tier 1,Supermarket Type1,2607.0997,4.1,2022-12-27
FDP17,16.082,Regular,0.034875,Canned,OUT035,2004,Small,Tier 2,Supermarket Type1,4793.6204,4.4,2022-07-25
FDS57,5.261,low fat,0.032526,Baking Goods,OUT018,2009,Medium,Tier 3,Supermarket Type2,4994.3249,3.9,2022-07-18
DRE15,,Regular,0.0,Soft Drinks,OUT035,2004,Small,Tier 2,Supermarket Type1,3592.3689,4.238,2023-08-24
FDM10,7.376,Low Fat ,0.040096,Canned,OUT046,1997,Small,Tier 1,Supermarket Type1,2407.3364,3.8,2023-01-21
FDV47,6.823,LF,0.033765,Frozen Foods,OUT046,1997,Small,Tier 1,Supermarket Type1,3298.1748,4.6,2023-05-06
FDE55,20.763,LF,0.056227,Snack Foods,OUT017,2007,,Tier 2,Supermarket Type1,1386.3966,3.6,2023-08-12
DRP39,14.503,Regular,0.092033,Hard Drinks,OUT019,1985,Small,Tier 1,Grocery Store,464.6147,3.5,2022-04-05
FDW55,5.143,Low Fat ,0.042583,Dairy,OUT045,2002,,Tier 2,Supermarket Type1,1263.1546,3.8,2022-10-14
FDX49,17.282,Low Fat,0.093005,Baking Goods,OUT017,2007,,Tier 2,Supermarket Type1,2141.3423,3.8,2023-04-02
FDE28,11.332,Regular,0.034305,Fruits and Vegetables,OUT035,2004,Small,Tier 2,Supermarket Type1,1865.6966,3.5,2023-10-16
NCH50,12.83,LF,0.024176,Household,OUT049,1999,Medium,Tier 1,Supermarket Type1,1360.8813,4.4,2022-10-29
FDU54,20.028,Low Fat ,0.111471,Canned,OUT018,2009,Medium,Tier 3,Supermarket Type2,6039.8632,3.7,2023-07-15
FDM50,11.67,Low Fat ,0.035559,Frozen Foods,OUT013,1987,High,Tier 3,Supermarket Type1,4893.9788,3.9,2022-02-21
FDE57,9.617,low fat,0.106905,Starchy Foods,OUT049,1999,Medium,Tier 1,Supermarket Type1,5652.7959,3.3,2023-09-16
FDJ56,13.005,Low Fat,0.082533,Canned,OUT046,1997,Small,Tier 1,Supermarket Type1,2332.4996,4.3,2022-11-12
FDY54,19.944,low fat,0.090694,Frozen Foods,OUT027,1985,Medium,Tier 3,Supermarket Type3,3401.5568,4.5,2022-10-24
NCU52,10.865,Low Fat ,0.014488,Health and Hygiene,OUT046,1997,Small,Tier 1,Supermarket Type1,1333.4748,4.0,2023-07-17
FDH48,18.515,Low Fat,0.070869,Canned,OUT027,1985,Medium,Tier 3,Supermarket Type3,7811.2933,4.0,2022-04-02
FDE17,20.55,LF,0.084245,Dairy,OUT045,2002,,Tier 2,Supermarket Type1,3161.7675,4.7,2023-12-19
FDF29,,LF,0.063175,Snack Foods,OUT018,2009,Medium,Tier 3,Supermarket Type2,2342.072,4.0,2022-11-09
FDE45,9.688,reg,0.055901,Snack Foods,OUT035,2004,Small,Tier 2,Supermarket Type1,2819.6194,4.5,2023-07-30
FDS31,18.017,Low Fat ,0.078176,Starchy Foods,OUT027,1985,Medium,Tier 3,Supermarket Type3,2636.3149,3.9,2023-12-08
FDU16,5.752,Regular,0.031346,Meat,OUT027,1985,Medium,Tier 3,Supermarket Type3,13086.9648,4.2,2023-01-29
FDS38,7.113,Regular,0.04038,Dairy,OUT045,2002,,Tier 2,Supermarket Type1,10139.2715,4.485,2023-03-30
FDR57,8.003,LF,0.03272,Dairy,OUT035,2004,Small,Tier 2,Supermarket Type1,3181.2219,4.2,2023-12-28
FDE16,10.615,LF,0.047319,Baking Goods,OUT035,2004,Small,Tier 2,Supermarket Type1,1947.7164,4.0,2022-08-25
FDB22,5.666,Regular,0.040838,Fruits and Vegetables,OUT013,1987,High,Tier 3,Supermarket Type1,3342.9918,3.6,2022-09-19
FDX17,7.213,reg,0.03259,Dairy,OUT046,1997,Small,Tier 1,Supermarket Type1,1273.1154,3.7,2023-02-03
FDW59,,Low Fat ,0.029543,Dairy,OUT035,2004,Small,Tier 2,Supermarket Type1,545.5778,3.8,2023-01-18
DRK42,18.35,low fat,0.028497,Hard Drinks,OUT018,2009,Medium,Tier 3,Supermarket Type2,12127.4007,3.5,2023-10-13
FDG51,14.009,LF,0.055368,Dairy,OUT017,2007,,Tier 2,Supermarket Type1,1627.296,4.1,2023-08-08
FDA32,16.316,Regular,0.074644,Frozen Foods,OUT027,1985,Medium,Tier 3,Supermarket Type3,4302.2424,4.4,2023-10-09
FDN32,,low fat,0.116064,Meat,OUT049,1999,Medium,Tier 1,Supermarket Type1,3693.2635,4.6,2022-03-30
FDG38,8.202,low fat,0.0,Dairy,OUT049,1999,Medium,Tier 1,Supermarket Type1,1486.1715,3.8,2023-04-23
FDQ53,14.056,LF,0.050133,Canned,OUT045,2002,,Tier 2,Supermarket Type1,2810.8393,3.7,2023-04-11
NCD16,14.188,low fat,0.056377,Household,OUT035,2004,Small,Tier 2,Supermarket Type1,918.7136,3.5,2022-07-19
FDH16,13.075,Low Fat ,0.029277,Fruits and Vegetables,OUT049,1999,Medium,Tier 1,Supermarket Type1,7017.8431,4.0,2023-11-14
NCH29,8.102,Low Fat,0.042647,Others,OUT046,1997,Small,Tier 1,Supermarket Type1,5157.9352,3.8,2023-12-14
FDY48,11.794,Low Fat,0.077543,Fruits and Vegetables,OUT046,1997,Small,Tier 1,Supermarket Type1,1348.6063,4.2,2023-05-05
FDP23,11.716,reg,0.135882,Snack Foods,OUT018,2009,Medium,Tier 3,Supermarket Type2,1210.2284,4.1,2022-04-01
FDJ42,16.967,Low Fat,0.057346,Snack Foods,OUT013,1987,High,Tier 3,Supermarket Type1,13086.9648,4.167,2022-10-26
FDJ40,, Regular,0.067127,Fruits and Vegetables,OUT027,1985,Medium,Tier 3,Supermarket Type3,10098.5556,4.0,2023-02-06
FDD46,11.853,LF,0.054671,Canned,OUT046,1997,Small,Tier 1,Supermarket Type1,2700.6434,3.887,2022-10-08
NCG16,5.034,Low Fat ,0.069083,Others,OUT046,1997,Small,Tier 1,Supermarket Type1,12746.7764,3.533,2023-05-06
FDY46,13.346, Regular,0.067717,Fruits and Vegetables,OUT035,2004,Small,Tier 2,Supermarket Type1,1678.0306,3.8,2022-11-20
FDQ51,17.133,Regular,0.030683,Canned,OUT017,2007,,Tier 2,Supermarket Type1,1744.1633,3.8,2023-12-26
FDB49,10.108,Low Fat,0.054907,Baking Goods,OUT027,1985,Medium,Tier 3,Supermarket Type3,1136.47,3.4,2022-01-01
NCN41,5.875,Low Fat,0.02508,Household,OUT010,1998,,Tier 3,Grocery Store,860.0833,4.7,2023-05-23
NCN33,,Low Fat ,0.209029,Health and Hygiene,OUT046,1997,Small,Tier 1,Supermarket Type1,4803.8982,4.0,2022-05-20
FDV47,6.823,LF,0.022238,Frozen Foods,OUT018,2009,Medium,Tier 3,Supermarket Type2,3050.8603,4.1,2023-10-12
NCE23,15.973,Low Fat ,0.096595,Household,OUT013,1987,High,Tier 3,Supermarket Type1,6226.2166,4.2,2022-09-07
FDD46,,Low Fat ,0.118012,Canned,OUT013,1987,High,Tier 3,Supermarket Type1,8276.4074,4.1,2022-10-15
NCR31,20.547,low fat,0.058203,Household,OUT027,1985,Medium,Tier 3,Supermarket Type3,3817.1558,3.9,2023-08-05
FDN15,,reg,0.019986,Baking Goods,OUT035,2004,Small,Tier 2,Supermarket Type1,4376.8111,3.7,2022-05-23
FDJ12,19.486,Regular,0.086759,Frozen Foods,OUT035,2004,Small,Tier 2,Supermarket Type1,1291.0389,3.8,2023-09-08
FDV58,15.58,Low Fat ,0.023971,Meat,OUT046,1997,Small,Tier 1,Supermarket Type1,1283.2152,4.1,2022-09-25
NCQ16,12.209,Low Fat,0.028942,Household,OUT027,1985,Medium,Tier 3,Supermarket Type3,3111.4108,4.5,2022-10-13
NCW42,11.261,low fat,0.156677,Health and Hygiene,OUT013,1987,High,Tier 3,Supermarket Type1,4001.6349,4.569,2023-02-03
FDX32,11.921,Regular,0.052999,Canned,OUT018,2009,Medium,Tier 3,Supermarket Type2,1188.3182,4.3,2022-01-09
DRE50,14.937,low fat,0.025537,Soft Drinks,OUT019,1985,Small,Tier 1,Grocery Store,349.9393,4.4,2023-12-28
FDS45,6.211, Regular,0.066371,Baking Goods,OUT035,2004,Small,Tier 2,Supermarket Type1,2061.2469,3.4,2022-11-16
FDJ42,16.967,low fat,0.075487,Snack Foods,OUT027,1985,Medium,Tier 3,Supermarket Type3,4083.2269,4.1,2023-10-31
FDQ36,,LF,0.05575,Snack Foods,OUT046,1997,Small,Tier 1,Supermarket Type1,1778.7963,3.6,2022-11-11
NCS19,11.704,Low Fat,0.081483,Others,OUT045,2002,,Tier 2,Supermarket Type1,1867.0495,3.1,2023-12-24
FDP52,21.314,low fat,0.026929,Fruits and Vegetables,OUT017,2007,,Tier 2,Supermarket Type1,1952.0594,3.6,2022-01-20
FDK28,5.417,reg,0.097173,Fruits and Vegetables,OUT046,1997,Small,Tier 1,Supermarket Type1,2181.5307,4.1,2022-10-12
NCG46,16.749,low fat,0.05749,Others,OUT018,2009,Medium,Tier 3,Supermarket Type2,5179.8329,3.5,2022-03-23
FDD17,,reg,0.025102,Breakfast,OUT045,2002,,Tier 2,Supermarket Type1,2857.5467,4.4,2023-05-20
FDK51,10.991,low fat,0.061111,Dairy,OUT045,2002,,Tier 2,Supermarket Type1,1360.0453,4.5,2023-01-22
NCV55,15.451,Low Fat ,0.031237,Household,OUT010,1998,,Tier 3,Grocery Store,1199.6216,4.3,2023-09-26
FDQ17,,reg,0.085696,Dairy,OUT017,2007,,Tier 2,Supermarket Type1,1874.4615,3.8,2022-01-26
FDF24,12.755,LF,0.075292,Breads,OUT010,1998,,Tier 3,Grocery Store,318.9014,4.284,2022-04-28
FDG34,17.744,Low Fat,0.009685,Snack Foods,OUT046,1997,Small,Tier 1,Supermarket Type1,3077.8866,4.7,2023-09-22
FDN35,,Low Fat ,0.043712,Fruits and Vegetables,OUT035,2004,Small,Tier 2,Supermarket Type1,1209.222,3.734,2022-07-27
FDD31,17.566,Low Fat ,0.05396,Snack Foods,OUT035,2004,Small,Tier 2,Supermarket Type1,2672.5489,4.0,2022-11-11
FDG48,19.546,Low Fat ,0.043295,Fruits and Vegetables,OUT049,1999,Medium,Tier 1,Supermarket Type1,1644.1114,3.7,2023-11-21
FDK13,17.681,Low Fat,0.044252,Fruits and Vegetables,OUT010,1998,,Tier 3,Grocery Store,1046.0701,4.1,2023-05-29
FDR52,5.238,low fat,0.034652,Fruits and Vegetables,OUT049,1999,Medium,Tier 1,Supermarket Type1,6032.766,4.3,2022-06-12
FDC15,, Regular,0.060656,Breads,OUT027,1985,Medium,Tier 3,Supermarket Type3,3094.2305,3.1,2023-01-21
NCH50,,LF,0.058735,Household,OUT045,2002,,Tier 2,Supermarket Type1,1478.4744,3.9,2023-04-25
FDE36,7.87,Low Fat ,0.013421,Canned,OUT013,1987,High,Tier 3,Supermarket Type1,1933.4916,4.2,2022-09-14
FDM47,17.895,reg,0.03622,Fruits and Vegetables,OUT045,2002,,Tier 2,Supermarket Type1,1716.7327,4.233,2023-06-27
FDA41,7.503,low fat,0.092803,Fruits and Vegetables,OUT017,2007,,Tier 2,Supermarket Type1,5628.6164,3.9,2023-02-03
FDN16,,Regular,0.033928,Dairy,OUT018,2009,Medium,Tier 3,Supermarket Type2,3528.9023,3.7,2023-10-05
DRS39,19.12,low fat,0.03755,Soft Drinks,OUT017,2007,,Tier 2,Supermarket Type1,2131.0865,3.6,2023-03-10
FDM16,9.208,LF,0.083734,Fruits and Vegetables,OUT010,1998,,Tier 3,Grocery Store,2487.4849,4.393,2023-11-25
FDQ36,12.085,Low Fat,0.03812,Snack Foods,OUT017,2007,,Tier 2,Supermarket Type1,1729.036,3.4,2022-03-21
FDP22,17.485,LF,0.019901,Snack Foods,OUT017,2007,,Tier 2,Supermarket Type1,1061.4412,3.6,2023-12-08
FDE31,11.77,Low Fat ,0.0,Meat,OUT018,2009,Medium,Tier 3,Supermarket Type2,4673.6792,3.1,2023-03-16
FDH26,10.128,Low Fat,0.178173,Frozen Foods,OUT010,1998,,Tier 3,Grocery Store,604.4463,3.8,2023-03-20
FDC40,19.564,reg,0.08132,Dairy,OUT027,1985,Medium,Tier 3,Supermarket Type3,8849.6154,4.1,2022-12-21
NCX13,,LF,0.092904,Household,OUT027,1985,Medium,Tier 3,Supermarket Type3,11624.3429,3.7,2023-05-26
FDF37,4.668,low fat,0.0,Fruits and Vegetables,OUT027,1985,Medium,Tier 3,Supermarket Type3,2078.4973,4.0,2022-08-26
FDX32,,reg,0.042267,Canned,OUT035,2004,Small,Tier 2,Supermarket Type1,3733.267,4.1,2022-08-15
NCQ55,11.142,Low Fat,0.117828,Health and Hygiene,OUT049,1999,Medium,Tier 1,Supermarket Type1,4787.9939,4.0,2022-07-14
FDV19,,Low Fat ,0.059593,Fruits and Vegetables,OUT046,1997,Small,Tier 1,Supermarket Type1,1344.5545,3.8,2022-06-27
DRX49,8.48,LF,0.029236,Hard Drinks,OUT027,1985,Medium,Tier 3,Supermarket Type3,10499.3042,4.0,2023-02-04
FDA29,,Regular,0.059373,Meat,OUT049,1999,Medium,Tier 1,Supermarket Type1,1569.8235,4.18,2022-09-22
DRE15,, Regular,0.065283,Soft Drinks,OUT018,2009,Medium,Tier 3,Supermarket Type2,4801.8632,4.0,2022-11-11
FDV46,20.828,low fat,0.066944,Snack Foods,OUT018,2009,Medium,Tier 3,Supermarket Type2,13086.9648,4.2,2023-10-22
FDD32,19.457,Regular,0.027876,Snack Foods,OUT017,2007,,Tier 2,Supermarket Type1,873.4497,3.6,2022-01-05
FDA19,14.808, Regular,0.167244,Frozen Foods,OUT035,2004,Small,Tier 2,Supermarket Type1,4511.2968,3.9,2023-07-24
FDP44,9.515,reg,0.037211,Fruits and Vegetables,OUT013,1987,High,Tier 3,Supermarket Type1,5096.9996,4.0,2023-08-06
DRC25,21.121,Low Fat,0.015244,Soft Drinks,OUT046,1997,Small,Tier 1,Supermarket Type1,1735.5437,3.99,2022-12-19
FDM34,8.621,low fat,0.0,Breads,OUT045,2002,,Tier 2,Supermarket Type1,1463.9757,4.23,2022-02-07
NCQ15,10.993,low fat,0.031746,Health and Hygiene,OUT018,2009,Medium,Tier 3,Supermarket Type2,4591.1157,3.9,2023-07-06
DRA26,20.237,Regular,0.027101,Soft Drinks,OUT045,2002,,Tier 2,Supermarket Type1,2622.9111,4.0,2022-04-25
NCG21,12.139,LF,0.050428,Others,OUT049,1999,Medium,Tier 1,Supermarket Type1,2443.2647,3.8,2022-04-29
DRM17,19.619,reg,0.037739,Soft Drinks,OUT018,2009,Medium,Tier 3,Supermarket Type2,2415.0388,3.5,2022-01-17
FDS52,9.787,low fat,0.01469,Baking Goods,OUT027,1985,Medium,Tier 3,Supermarket Type3,10408.537,4.2,2022-08-05
FDH18,15.853,low fat,0.0,Dairy,OUT046,1997,Small,Tier 1,Supermarket Type1,3832.2871,4.304,2023-02-28
FDW37,6.799,low fat,0.097168,Fruits and Vegetables,OUT045,2002,,Tier 2,Supermarket Type1,1597.1223,3.9,2022-12-02
FDY14,15.915,LF,0.123443,Fruits and Vegetables,OUT018,2009,Medium,Tier 3,Supermarket Type2,5114.772,4.373,2022-09-29
FDK16,10.281,Low Fat,0.046317,Fruits and Vegetables,OUT046,1997,Small,Tier 1,Supermarket Type1,2742.4421,3.9,2022-07-12
FDY13,9.099,Low Fat,0.076696,Canned,OUT017,2007,,Tier 2,Supermarket Type1,1312.107,4.0,2022-04-03
FDB19,10.949,Regular,0.06953,Fruits and Vegetables,OUT010,1998,,Tier 3,Grocery Store,1673.8369,4.5,2022-02-19
NCA18,7.4,Low Fat,0.02883,Household,OUT045,2002,,Tier 2,Supermarket Type1,1552.1809,4.5,2022-07-12
FDF38,15.633,low fat,0.050648,Frozen Foods,OUT018,2009,Medium,Tier 3,Supermarket Type2,4222.0275,4.6,2023-01-03
FDY18,14.949,reg,0.068226,Snack Foods,OUT045,2002,,Tier 2,Supermarket Type1,1462.6414,4.1,2023-02-12
FDC17,13.604,low fat,0.074075,Starchy Foods,OUT018,2009,Medium,Tier 3,Supermarket Type2,1926.7177,3.889,2023-07-21
DRF57,9.904, Regular,0.141235,Soft Drinks,OUT019,1985,Small,Tier 1,Grocery Store,865.8247,3.6,2022-09-07
FDF15,13.732,Low Fat,0.009132,Fruits and Vegetables,OUT018,2009,Medium,Tier 3,Supermarket Type2,2300.2089,3.7,2022-05-19
FDV46,,LF,0.054598,Snack Foods,OUT049,1999,Medium,Tier 1,Supermarket Type1,2539.853,3.7,2023-02-08
NCX49,17.172,LF,0.034245,Health and Hygiene,OUT046,1997,Small,Tier 1,Supermarket Type1,4562.518,4.2,2023-04-11
FDA48,13.517,Low Fat ,0.040076,Snack Foods,OUT017,2007,,Tier 2,Supermarket Type1,10790.4111,3.7,2022-06-18
FDC39,,Low Fat ,0.010888,Snack Foods,OUT019,1985,Small,Tier 1,Grocery Store,912.6241,4.0,2022-09-22
NCG46,16.749,Low Fat,0.053484,Others,OUT049,1999,Medium,Tier 1,Supermarket Type1,4245.2618,3.7,2022-02-03
FDH17,18.178,Low Fat ,0.017182,Canned,OUT046,1997,Small,Tier 1,Supermarket Type1,3183.1335,4.633,2023-11-02
NCA17,5.254,Low Fat,0.013431,Health and Hygiene,OUT045,2002,,Tier 2,Supermarket Type1,1731.3056,4.127,2023-10-16
NCU45,,Low Fat,0.012052,Household,OUT049,1999,Medium,Tier 1,Supermarket Type1,1940.2695,4.0,2023-05-10
FDH33,13.406,LF,0.021104,Canned,OUT013,1987,High,Tier 3,Supermarket Type1,5939.8336,3.4,2023-11-30
NCU52,,low fat,0.041356,Health and Hygiene,OUT049,1999,Medium,Tier 1,Supermarket Type1,1669.0193,3.4,2023-01-06
FDK30,15.727,Low Fat ,0.034867,Snack Foods,OUT046,1997,Small,Tier 1,Supermarket Type1,1104.9651,3.8,2023-01-06
DRP46,,Low Fat,0.018557,Soft Drinks,OUT046,1997,Small,Tier 1,Supermarket Type1,1608.5605,3.5,2022-07-27
FDM43,,Low Fat ,0.036663,Meat,OUT018,2009,Medium,Tier 3,Supermarket Type2,2501.7825,4.177,2022-06-29
FDP16,20.034,reg,0.028159,Snack Foods,OUT010,1998,,Tier 3,Grocery Store,1050.5546,3.7,2023-01-26
FDS48,14.494,Low Fat,0.055851,Baking Goods,OUT046,1997,Small,Tier 1,Supermarket Type1,977.1114,4.2,2023-02-24
FDC24,, Regular,0.063439,Meat,OUT017,2007,,Tier 2,Supermarket Type1,2047.4079,4.1,2023-04-12
FDX21,,LF,0.032556,Dairy,OUT018,2009,Medium,Tier 3,Supermarket Type2,2958.4244,4.4,2023-01-22
NCR47,8.492,Low Fat,0.063091,Others,OUT027,1985,Medium,Tier 3,Supermarket Type3,6216.6079,3.5,2023-06-05
FDB21,17.245,LF,0.030142,Snack Foods,OUT049,1999,Medium,Tier 1,Supermarket Type1,4135.9732,4.3,2023-09-18
FDD38,14.394, Regular,0.0,Fruits and Vegetables,OUT046,1997,Small,Tier 1,Supermarket Type1,3077.1939,3.777,2022-06-13
FDR37,17.086,low fat,0.05403,Canned,OUT017,2007,,Tier 2,Supermarket Type1,1609.2408,3.8,2023-11-19
FDM26,15.239,Regular,0.105914,Breads,OUT045,2002,,Tier 2,Supermarket Type1,5880.0514,3.7,2023-04-03
FDY28,,reg,0.070289,Meat,OUT017,2007,,Tier 2,Supermarket Type1,1823.8024,4.438,2022-02-12
FDB10,16.779,low fat,0.064086,Breads,OUT017,2007,,Tier 2,Supermarket Type1,1605.6517,3.8,2023-09-02
FDE56,,Low Fat,0.035283,Dairy,OUT045,2002,,Tier 2,Supermarket Type1,2205.3638,3.8,2023-03-26
FDG48,19.546,Low Fat ,0.103368,Fruits and Vegetables,OUT017,2007,,Tier 2,Supermarket Type1,2881.1405,4.3,2022-01-27
NCU52,10.865,LF,0.087734,Health and Hygiene,OUT010,1998,,Tier 3,Grocery Store,1105.2439,3.9,2023-02-02
DRW27,7.103, Regular,0.078572,Hard Drinks,OUT018,2009,Medium,Tier 3,Supermarket Type2,5492.4935,4.0,2023-11-26
FDG37,11.855,Regular,0.02241,Fruits and Vegetables,OUT010,1998,,Tier 3,Grocery Store,974.5129,3.9,2023-04-23
FDN47,8.632,low fat,0.0,Fruits and Vegetables,OUT019,1985,Small,Tier 1,Grocery Store,1599.3491,3.9,2022-03-10
FDA24,13.219,low fat,0.011887,Fruits and Vegetables,OUT013,1987,High,Tier 3,Supermarket Type1,1422.8201,3.8,2023-10-02
FDV44,7.847,Low Fat,0.02086,Fruits and Vegetables,OUT045,2002,,Tier 2,Supermarket Type1,4603.7398,4.2,2023-05-10
DRR26,17.02,low fat,0.041605,Hard Drinks,OUT013,1987,High,Tier 3,Supermarket Type1,8726.3592,3.8,2023-06-16
FDW15,5.699,Low Fat ,0.018341,Snack Foods,OUT049,1999,Medium,Tier 1,Supermarket Type1,3716.6762,3.9,2023-04-13
FDY52,,reg,0.022578,Meat,OUT013,1987,High,Tier 3,Supermarket Type1,4942.6148,3.8,2023-02-17
FDB13,,LF,0.025554,Breads,OUT019,1985,Small,Tier 1,Grocery Store,451.4233,3.5,2023-09-13
DRC19,6.277,Low Fat,0.008479,Soft Drinks,OUT035,2004,Small,Tier 2,Supermarket Type1,439.2428,3.9,2023-04-22
FDX16,,LF,0.134422,Canned,OUT049,1999,Medium,Tier 1,Supermarket Type1,2900.7929,3.5,2023-03-28
NCF20,,Low Fat,0.020453,Others,OUT010,1998,,Tier 3,Grocery Store,640.3369,3.8,2022-09-02
DRY19,15.78,Low Fat ,0.021987,Hard Drinks,OUT027,1985,Medium,Tier 3,Supermarket Type3,1824.8408,3.3,2023-05-06
DRV48,,Low Fat ,0.0,Hard Drinks,OUT046,1997,Small,Tier 1,Supermarket Type1,1833.0983,4.2,2022-09-28
FDN14,5.884,low fat,0.070868,Snack Foods,OUT045,2002,,Tier 2,Supermarket Type1,2767.4081,4.0,2023-06-27
FDR46,20.099,low fat,0.019627,Fruits and Vegetables,OUT017,2007,,Tier 2,Supermarket Type1,3377.5398,4.102,2023-04-17
NCY31,,LF,0.075817,Health and Hygiene,OUT035,2004,Small,Tier 2,Supermarket Type1,2063.6455,4.168,2022-01-11
NCU52,10.865,Low Fat,0.042826,Health and Hygiene,OUT017,2007,,Tier 2,Supermarket Type1,2771.3664,3.6,2023-04-29
NCV42,5.663,LF,0.076941,Health and Hygiene,OUT018,2009,Medium,Tier 3,Supermarket Type2,718.4895,4.1,2023-06-11
FDY55,5.705,reg,0.024834,Canned,OUT017,2007,,Tier 2,Supermarket Type1,2655.8305,3.6,2022-07-17
FDM24,8.58,Low Fat ,0.0,Breads,OUT019,1985,Small,Tier 1,Grocery Store,1490.0388,3.399,2023-09-17
FDM28,4.921, Regular,0.033317,Meat,OUT017,2007,,Tier 2,Supermarket Type1,1334.9643,4.3,2022-01-05
NCA56,,Low Fat,0.017085,Household,OUT027,1985,Medium,Tier 3,Supermarket Type3,6243.5218,4.0,2022-11-05
FDB44,9.709,Low Fat ,0.141461,Fruits and Vegetables,OUT017,2007,,Tier 2,Supermarket Type1,2783.6051,4.3,2023-12-14
DRR24,14.444,reg,0.022035,Hard Drinks,OUT035,2004,Small,Tier 2,Supermarket Type1,5971.5899,3.7,2023-10-12
FDM54,13.567,Regular,0.108599,Fruits and Vegetables,OUT046,1997,Small,Tier 1,Supermarket Type1,4452.2139,4.3,2022-07-09
FDN21,4.8, Regular,0.079957,Meat,OUT013,1987,High,Tier 3,Supermarket Type1,2925.5089,4.1,2022-01-14
FDM54,, Regular,0.059094,Fruits and Vegetables,OUT027,1985,Medium,Tier 3,Supermarket Type3,1952.7123,4.0,2023-05-05
FDE28,11.332,reg,0.140933,Fruits and Vegetables,OUT045,2002,,Tier 2,Supermarket Type1,4192.1156,3.7,2022-12-16
NCA24,,Low Fat,0.112352,Others,OUT027,1985,Medium,Tier 3,Supermarket Type3,4600.3486,3.8,2022-04-24
FDV17,21.054,LF,0.031924,Dairy,OUT035,2004,Small,Tier 2,Supermarket Type1,2644.8645,4.4,2022-01-27
NCK37,21.282,Low Fat,0.066754,Household,OUT027,1985,Medium,Tier 3,Supermarket Type3,12863.2283,3.9,2022-01-24
NCA37,20.692,low fat,0.083135,Household,OUT035,2004,Small,Tier 2,Supermarket Type1,5037.1651,3.8,2022-01-16
FDW21,, Regular,0.013962,Snack Foods,OUT013,1987,High,Tier 3,Supermarket Type1,2103.7004,3.8,2023-07-08
DRA10,,low fat,0.040916,Soft Drinks,OUT017,2007,,Tier 2,Supermarket Type1,2155.976,4.6,2022-04-24
FDM48,18.414,Regular,0.022633,Dairy,OUT045,2002,,Tier 2,Supermarket Type1,3138.0454,4.1,2023-11-12
FDR13,14.016,Low Fat,0.036373,Frozen Foods,OUT046,1997,Small,Tier 1,Supermarket Type1,2425.2616,4.4,2023-12-22
FDY29,18.283, Regular,0.036553,Snack Foods,OUT049,1999,Medium,Tier 1,Supermarket Type1,7619.321,4.6,2022-10-11
NCA56,12.79,low fat,0.014777,Household,OUT049,1999,Medium,Tier 1,Supermarket Type1,3295.4217,4.4,2022-08-04
FDG15,,Low Fat ,0.020827,Canned,OUT013,1987,High,Tier 3,Supermarket Type1,5239.6113,4.1,2022-06-20
FDQ37,6.686, Regular,0.047533,Snack Foods,OUT046,1997,Small,Tier 1,Supermarket Type1,2845.2318,4.0,2023-08-12
FDX10,14.039,Regular,0.058247,Meat,OUT027,1985,Medium,Tier 3,Supermarket Type3,8794.7734,4.6,2023-12-12
NCA49,12.998,Low Fat ,0.058877,Household,OUT046,1997,Small,Tier 1,Supermarket Type1,976.4973,4.2,2022-08-05
FDM13,12.125,low fat,0.093723,Fruits and Vegetables,OUT018,2009,Medium,Tier 3,Supermarket Type2,3854.6137,3.1,2022-09-07
FDV52,19.297,Regular,0.0,Snack Foods,OUT017,2007,,Tier 2,Supermarket Type1,1158.6422,4.293,2023-09-20
FDM53,11.94,low fat,0.014387,Meat,OUT045,2002,,Tier 2,Supermarket Type1,2537.4862,4.1,2022-09-26
FDY28,5.497,Regular,0.061253,Meat,OUT013,1987,High,Tier 3,Supermarket Type1,2799.8635,3.8,2023-11-27
DRX30,8.157,low fat,0.036081,Soft Drinks,OUT046,1997,Small,Tier 1,Supermarket Type1,1768.6601,3.474,2022-04-22
FDP51,5.948,low fat,0.075356,Frozen Foods,OUT013,1987,High,Tier 3,Supermarket Type1,5736.8637,4.1,2022-03-19
NCR51,12.717,Low Fat ,0.015417,Health and Hygiene,OUT035,2004,Small,Tier 2,Supermarket Type1,2551.8501,3.7,2022-09-11
DRR24,14.444, Regular,0.034507,Hard Drinks,OUT049,1999,Medium,Tier 1,Supermarket Type1,2080.1697,3.681,2022-06-01
FDV35,,Low Fat,0.075747,Meat,OUT027,1985,Medium,Tier 3,Supermarket Type3,4424.6968,4.0,2022-03-10
NCD18,16.399,Low Fat ,0.029777,Household,OUT046,1997,Small,Tier 1,Supermarket Type1,3627.6969,3.5,2023-04-09
FDU56,18.417,low fat,0.042653,Snack Foods,OUT019,1985,Small,Tier 1,Grocery Store,607.3287,3.3,2023-06-28
NCC34,4.652,Low Fat,0.099929,Health and Hygiene,OUT049,1999,Medium,Tier 1,Supermarket Type1,4830.3913,4.6,2022-11-11
FDQ59,14.942,Low Fat,0.039964,Fruits and Vegetables,OUT018,2009,Medium,Tier 3,Supermarket Type2,1370.1418,4.5,2023-07-26
FDB51,15.714,reg,0.152916,Fruits and Vegetables,OUT017,2007,,Tier 2,Supermarket Type1,1808.0343,4.5,2023-12-26
FDY27,12.851,Low Fat,0.031262,Fruits and Vegetables,OUT013,1987,High,Tier 3,Supermarket Type1,7488.7471,4.9,2023-01-16
FDK40,11.084,reg,0.064567,Dairy,OUT046,1997,Small,Tier 1,Supermarket Type1,3586.516,4.004,2022-11-06
FDF51,15.633, Regular,0.034011,Snack Foods,OUT035,2004,Small,Tier 2,Supermarket Type1,5189.2644,4.1,2023-05-06
FDB22,5.666, Regular,0.130985,Fruits and Vegetables,OUT035,2004,Small,Tier 2,Supermarket Type1,11545.837,4.7,2022-11-24
FDC49,13.853,reg,0.032409,Meat,OUT017,2007,,Tier 2,Supermarket Type1,686.1182,4.3,2023-08-09
FDQ32,17.352,LF,0.034484,Starchy Foods,OUT017,2007,,Tier 2,Supermarket Type1,2308.9607,3.9,2022-05-30
NCH25,18.184,Low Fat,0.059761,Household,OUT035,2004,Small,Tier 2,Supermarket Type1,2494.7011,4.0,2023-10-20
FDU47,9.498,low fat,0.05327,Fruits and Vegetables,OUT049,1999,Medium,Tier 1,Supermarket Type1,1623.6917,4.161,2023-11-14
FDS21,,low fat,0.073321,Dairy,OUT017,2007,,Tier 2,Supermarket Type1,3584.3375,4.3,2023-03-31
FDC13,13.006,Low Fat ,0.01576,Seafood,OUT018,2009,Medium,Tier 3,Supermarket Type2,3259.7924,4.1,2023-09-09
NCD31,9.601,Low Fat,0.039504,Household,OUT046,1997,Small,Tier 1,Supermarket Type1,1915.5847,4.2,2022-03-19
NCX38,16.539,Low Fat ,0.026106,Household,OUT046,1997,Small,Tier 1,Supermarket Type1,2544.0729,3.7,2023-05-22
FDP56,8.522,reg,0.05835,Frozen Foods,OUT027,1985,Medium,Tier 3,Supermarket Type3,13086.9648,4.1,2023-06-15
FDU35,10.736,LF,0.0,Seafood,OUT035,2004,Small,Tier 2,Supermarket Type1,2249.7038,3.9,2023-10-17
FDJ54,16.83,low fat,0.042618,Breakfast,OUT018,2009,Medium,Tier 3,Supermarket Type2,7822.3509,4.17,2023-11-20
FDG31,13.504,Low Fat,0.028805,Seafood,OUT049,1999,Medium,Tier 1,Supermarket Type1,1581.7844,4.4,2023-08-22
FDW28,18.162,Low Fat,0.02406,Dairy,OUT017,2007,,Tier 2,Supermarket Type1,3233.3116,4.0,2022-09-23
FDN37,13.869,Low Fat,0.043832,Baking Goods,OUT013,1987,High,Tier 3,Supermarket Type1,7398.0469,4.025,2023-07-16
FDB21,,Low Fat,0.075953,Snack Foods,OUT019,1985,Small,Tier 1,Grocery Store,881.6941,4.3,2023-12-27
DRW34,15.552,reg,0.031341,Soft Drinks,OUT045,2002,,Tier 2,Supermarket Type1,3118.5877,4.0,2023-02-03
DRJ50,8.663,Low Fat ,0.035029,Hard Drinks,OUT035,2004,Small,Tier 2,Supermarket Type1,1974.0828,4.0,2022-07-25
NCS19,11.704,low fat,0.056361,Others,OUT046,1997,Small,Tier 1,Supermarket Type1,1876.8588,3.6,2023-02-20
FDY27,12.851,low fat,0.029326,Fruits and Vegetables,OUT045,2002,,Tier 2,Supermarket Type1,1530.7923,4.8,2022-06-05
FDX58,16.851,Regular,0.0,Starchy Foods,OUT035,2004,Small,Tier 2,Supermarket Type1,2055.198,3.6,2022-01-19
FDQ14,21.248,low fat,0.020008,Meat,OUT035,2004,Small,Tier 2,Supermarket Type1,1556.2435,4.1,2023-08-12
FDD57,12.668,LF,0.029383,Starchy Foods,OUT013,1987,High,Tier 3,Supermarket Type1,5517.2227,4.1,2022-07-30
FDV28,9.353,low fat,0.067286,Breads,OUT046,1997,Small,Tier 1,Supermarket Type1,1487.3047,3.9,2023-04-30
FDC59,12.04,low fat,0.081987,Fruits and Vegetables,OUT049,1999,Medium,Tier 1,Supermarket Type1,11062.4791,4.5,2023-11-25
FDU56,,low fat,0.047906,Snack Foods,OUT046,1997,Small,Tier 1,Supermarket Type1,926.5048,4.008,2023-04-22
FDF52,11.876,Low Fat,0.084819,Canned,OUT027,1985,Medium,Tier 3,Supermarket Type3,4898.0622,4.029,2022-08-23
FDE39,20.416,low fat,0.049548,Meat,OUT017,2007,,Tier 2,Supermarket Type1,1972.4205,3.903,2023-12-21
FDH11,12.157,low fat,0.059691,Dairy,OUT045,2002,,Tier 2,Supermarket Type1,934.1831,4.4,2023-02-24
FDR31,15.97,LF,0.07348,Fruits and Vegetables,OUT035,2004,Small,Tier 2,Supermarket Type1,2712.5,3.8,2022-12-30
FDV57,,Low Fat ,0.088142,Dairy,OUT018,2009,Medium,Tier 3,Supermarket Type2,3946.2639,4.0,2022-03-03
FDM28,4.921, Regular,0.058192,Meat,OUT046,1997,Small,Tier 1,Supermarket Type1,3717.5951,3.994,2023-04-14
DRC11,6.195,Regular,0.065666,Soft Drinks,OUT019,1985,Small,Tier 1,Grocery Store,3250.4807,4.1,2023-06-11
NCS30,5.594,Low Fat ,0.091752,Household,OUT013,1987,High,Tier 3,Supermarket Type1,1016.5096,3.4,2022-06-05
NCJ38,9.025,Low Fat ,0.036037,Household,OUT018,2009,Medium,Tier 3,Supermarket Type2,3390.4614,4.0,2023-06-24
FDJ48,11.266,Low Fat ,0.016537,Canned,OUT019,1985,Small,Tier 1,Grocery Store,920.2003,4.7,2022-05-25
FDM58,8.108,Low Fat ,0.036201,Snack Foods,OUT046,1997,Small,Tier 1,Supermarket Type1,1447.5644,3.6,2022-01-24
FDM52,8.427,low fat,0.03025,Snack Foods,OUT045,2002,,Tier 2,Supermarket Type1,916.6767,4.0,2022-04-04
FDC29,17.674,Low Fat ,0.078826,Canned,OUT045,2002,,Tier 2,Supermarket Type1,2990.1626,3.9,2023-04-15
DRE54,5.134,Low Fat ,0.066302,Hard Drinks,OUT018,2009,Medium,Tier 3,Supermarket Type2,6105.8584,3.3,2023-09-14
FDG42,6.635,Low Fat,0.045985,Canned,OUT035,2004,Small,Tier 2,Supermarket Type1,980.0466,3.7,2023-01-21
FDY13,9.099,Low Fat ,0.063589,Canned,OUT010,1998,,Tier 3,Grocery Store,555.2453,3.8,2022-12-26
FDF29,5.518,Low Fat ,0.04693,Snack Foods,OUT027,1985,Medium,Tier 3,Supermarket Type3,4946.6014,3.5,2023-07-12
FDS24,,low fat,0.0,Fruits and Vegetables,OUT018,2009,Medium,Tier 3,Supermarket Type2,1938.7445,3.7,2022-03-06
NCN55,9.065,Low Fat ,0.054954,Others,OUT046,1997,Small,Tier 1,Supermarket Type1,952.4597,4.1,2022-02-02
FDY48,11.794,Low Fat,0.079338,Fruits and Vegetables,OUT017,2007,,Tier 2,Supermarket Type1,3119.4797,4.5,2022-10-22
FDQ12,17.974,low fat,0.079915,Canned,OUT027,1985,Medium,Tier 3,Supermarket Type3,3762.3971,3.7,2023-07-15
FDJ19,15.129, Regular,0.154686,Snack Foods,OUT017,2007,,Tier 2,Supermarket Type1,2632.6221,4.1,2023-01-28
DRX50,11.006,Low Fat ,0.078764,Hard Drinks,OUT013,1987,High,Tier 3,Supermarket Type1,9939.7209,3.6,2022-05-03
NCS34,12.451,LF,0.03637,Health and Hygiene,OUT035,2004,Small,Tier 2,Supermarket Type1,1097.6706,3.6,2023-11-09
FDV18,8.986,Low Fat,0.066661,Fruits and Vegetables,OUT019,1985,Small,Tier 1,Grocery Store,479.7495,4.3,2023-05-27
FDK45,12.951,reg,0.027726,Snack Foods,OUT010,1998,,Tier 3,Grocery Store,969.4886,4.603,2023-06-16
DRG39,11.128,reg,0.05114,Hard Drinks,OUT049,1999,Medium,Tier 1,Supermarket Type1,1076.3083,3.9,2023-05-11
DRQ35,19.721,Low Fat ,0.092775,Soft Drinks,OUT017,2007,,Tier 2,Supermarket Type1,1599.183,4.5,2022-09-13
NCS11,4.709,low fat,0.125178,Others,OUT010,1998,,Tier 3,Grocery Store,809.982,3.5,2023-12-05
FDP51,5.948,Low Fat ,0.032068,Frozen Foods,OUT049,1999,Medium,Tier 1,Supermarket Type1,4392.1327,4.0,2023-11-06
NCK59,14.584,Low Fat,0.057506,Health and Hygiene,OUT035,2004,Small,Tier 2,Supermarket Type1,1270.4238,4.365,2022-01-20
DRX49,8.48,LF,0.0,Hard Drinks,OUT046,1997,Small,Tier 1,Supermarket Type1,1655.0158,4.4,2022-06-12
FDE15,11.465,low fat,0.039191,Frozen Foods,OUT027,1985,Medium,Tier 3,Supermarket Type3,5334.8366,4.4,2023-04-18
FDA53,11.458,Regular,0.093162,Fruits and Vegetables,OUT017,2007,,Tier 2,Supermarket Type1,2135.5978,4.7,2023-08-21
DRS39,,low fat,0.062609,Soft Drinks,OUT013,1987,High,Tier 3,Supermarket Type1,4902.4072,4.3,2022-10-14
NCM44,15.08,LF,0.048577,Others,OUT049,1999,Medium,Tier 1,Supermarket Type1,2810.0807,3.8,2022-11-06
FDJ14,16.971,reg,0.131169,Fruits and Vegetables,OUT027,1985,Medium,Tier 3,Supermarket Type3,4976.6006,3.9,2023-08-08
FDD55,, Regular,0.105793,Breads,OUT045,2002,,Tier 2,Supermarket Type1,2037.2208,4.094,2023-09-26
FDQ52,5.784,Regular,0.049687,Fruits and Vegetables,OUT013,1987,High,Tier 3,Supermarket Type1,3774.6651,4.614,2023-12-09
DRQ33,, Regular,0.067402,Soft Drinks,OUT049,1999,Medium,Tier 1,Supermarket Type1,1159.8481,4.0,2023-09-23
NCM57,,LF,0.090064,Health and Hygiene,OUT035,2004,Small,Tier 2,Supermarket Type1,4061.7897,3.9,2023-08-16
FDY13,9.099,low fat,0.027784,Canned,OUT027,1985,Medium,Tier 3,Supermarket Type3,8156.1712,4.3,2022-11-20
FDK54,20.174,LF,0.097788,Fruits and Vegetables,OUT049,1999,Medium,Tier 1,Supermarket Type1,2290.7845,4.1,2022-10-24
FDX46,17.295,Regular,0.051585,Fruits and Vegetables,OUT035,2004,Small,Tier 2,Supermarket Type1,572.7943,3.9,2022-07-30
FDQ32,17.352,Low Fat ,0.066052,Starchy Foods,OUT013,1987,High,Tier 3,Supermarket Type1,2349.5632,3.4,2022-05-23
NCM27,11.83,LF,0.054399,Health and Hygiene,OUT045,2002,,Tier 2,Supermarket Type1,5173.0682,3.5,2023-02-27
DRX50,,LF,0.041022,Hard Drinks,OUT045,2002,,Tier 2,Supermarket Type1,1904.1208,3.4,2022-08-29
FDC30,10.684,reg,0.087532,Dairy,OUT010,1998,,Tier 3,Grocery Store,604.9635,4.1,2022-07-04
FDK56,8.175,LF,0.046808,Frozen Foods,OUT046,1997,Small,Tier 1,Supermarket Type1,8583.5755,4.036,2022-01-06
FDD50,5.864,LF,0.059226,Baking Goods,OUT035,2004,Small,Tier 2,Supermarket Type1,675.4225,4.4,2022-09-05
FDW42,4.972,Low Fat,0.040691,Fruits and Vegetables,OUT045,2002,,Tier 2,Supermarket Type1,1326.8988,3.6,2022-06-27
NCX27,,low fat,0.034223,Household,OUT018,2009,Medium,Tier 3,Supermarket Type2,4141.002,4.3,2023-05-26
FDC49,13.853,Regular,0.027617,Meat,OUT018,2009,Medium,Tier 3,Supermarket Type2,7852.997,4.578,2022-09-09
FDD39,19.409, Regular,0.147773,Fruits and Vegetables,OUT018,2009,Medium,Tier 3,Supermarket Type2,1443.9316,3.7,2022-04-03
NCB30,16.23,Low Fat ,0.044084,Health and Hygiene,OUT013,1987,High,Tier 3,Supermarket Type1,1483.8314,3.8,2022-06-11
FDK28,5.417, Regular,0.093983,Fruits and Vegetables,OUT027,1985,Medium,Tier 3,Supermarket Type3,6309.3217,4.0,2023-01-23
FDD27,,reg,0.124095,Baking Goods,OUT035,2004,Small,Tier 2,Supermarket Type1,3186.5073,4.2,2023-09-28
FDH12,,Low Fat,0.073815,Canned,OUT046,1997,Small,Tier 1,Supermarket Type1,846.165,3.618,2022-06-16
NCJ46,7.234,LF,0.039368,Health and Hygiene,OUT046,1997,Small,Tier 1,Supermarket Type1,4102.8036,3.7,2022-09-09
FDN36,13.968, Regular,0.053202,Breads,OUT027,1985,Medium,Tier 3,Supermarket Type3,4229.9299,4.182,2023-08-24
FDH23,,Low Fat ,0.029928,Baking Goods,OUT027,1985,Medium,Tier 3,Supermarket Type3,3329.7601,3.8,2023-01-09
FDF48,10.826,Low Fat,0.056155,Breads,OUT027,1985,Medium,Tier 3,Supermarket Type3,3711.982,4.097,2022-02-08
FDB30,5.332,low fat,0.03791,Fruits and Vegetables,OUT027,1985,Medium,Tier 3,Supermarket Type3,6986.1707,4.639,2022-04-23
FDD34,6.968,reg,0.099639,Baking Goods,OUT027,1985,Medium,Tier 3,Supermarket Type3,6987.3781,4.1,2022-11-22
FDH18,15.853,low fat,0.164256,Dairy,OUT019,1985,Small,Tier 1,Grocery Store,3576.377,3.92,2022-10-02
NCF20,15.124,Low Fat,0.118152,Others,OUT019,1985,Small,Tier 1,Grocery Store,380.0949,4.3,2022-06-22
FDC33,11.53,reg,0.131905,Dairy,OUT017,2007,,Tier 2,Supermarket Type1,3682.6202,4.7,2023-12-18
FDQ27,14.858,low fat,0.095764,Canned,OUT027,1985,Medium,Tier 3,Supermarket Type3,6501.4971,4.1,2022-06-25
FDQ53,14.056,Low Fat,0.022403,Canned,OUT013,1987,High,Tier 3,Supermarket Type1,746.2032,3.7,2022-04-04
DRJ26,,LF,0.021394,Hard Drinks,OUT049,1999,Medium,Tier 1,Supermarket Type1,4463.564,3.4,2022-04-20
FDD39,,reg,0.041355,Fruits and Vegetables,OUT027,1985,Medium,Tier 3,Supermarket Type3,2953.8122,4.179,2022-01-24
FDN26,13.151,low fat,0.074302,Fruits and Vegetables,OUT049,1999,Medium,Tier 1,Supermarket Type1,3113.401,4.0,2023-09-21
FDW52,10.734,Regular,0.049087,Frozen Foods,OUT017,2007,,Tier 2,Supermarket Type1,3951.9521,4.1,2023-01-23
FDX52,,Low Fat,0.011728,Baking Goods,OUT018,2009,Medium,Tier 3,Supermarket Type2,2961.9002,3.4,2022-09-05
FDY57,6.161,Low Fat,0.108426,Dairy,OUT013,1987,High,Tier 3,Supermarket Type1,4058.5619,3.7,2022-06-17
FDX49,17.282,Low Fat,0.038767,Baking Goods,OUT049,1999,Medium,Tier 1,Supermarket Type1,1174.8563,3.4,2023-12-26
FDC50,6.641,Low Fat ,0.0374,Meat,OUT027,1985,Medium,Tier 3,Supermarket Type3,5199.2902,4.1,2023-05-02
FDS51,5.332,low fat,0.202756,Frozen Foods,OUT018,2009,Medium,Tier 3,Supermarket Type2,6734.0865,4.2,2023-03-25
FDF26,8.315,low fat,0.044017,Fruits and Vegetables,OUT045,2002,,Tier 2,Supermarket Type1,1535.0751,4.3,2022-05-11
FDJ11,19.325,reg,0.045119,Fruits and Vegetables,OUT046,1997,Small,Tier 1,Supermarket Type1,3157.4979,4.1,2022-08-24
FDD49,7.08,LF,0.087869,Baking Goods,OUT013,1987,High,Tier 3,Supermarket Type1,3234.0827,3.8,2023-12-24
FDR14,18.82,Low Fat,0.076636,Snack Foods,OUT019,1985,Small,Tier 1,Grocery Store,804.5661,3.9,2023-07-28
DRC46,14.123, Regular,0.015927,Soft Drinks,OUT046,1997,Small,Tier 1,Supermarket Type1,4895.761,4.2,2023-12-28
FDU45,20.12,Low Fat,0.048339,Dairy,OUT035,2004,Small,Tier 2,Supermarket Type1,1791.349,3.9,2023-06-18
NCV30,,Low Fat ,0.0,Household,OUT018,2009,Medium,Tier 3,Supermarket Type2,3672.2131,4.2,2022-03-28
FDC57,8.606,low fat,0.0,Meat,OUT010,1998,,Tier 3,Grocery Store,1920.7757,3.9,2023-07-28
FDY36,,Low Fat ,0.026954,Baking Goods,OUT049,1999,Medium,Tier 1,Supermarket Type1,1457.8783,4.0,2023-03-23
DRG11,9.814,Low Fat ,0.065702,Soft Drinks,OUT049,1999,Medium,Tier 1,Supermarket Type1,3025.6904,3.9,2022-07-04
FDR43,5.547,reg,0.10432,Canned,OUT018,2009,Medium,Tier 3,Supermarket Type2,2213.4858,4.2,2022-09-19
NCX13,17.755,LF,0.038312,Household,OUT035,2004,Small,Tier 2,Supermarket Type1,1061.7183,4.4,2023-12-19
DRN55,4.855,Low Fat,0.01086,Soft Drinks,OUT045,2002,,Tier 2,Supermarket Type1,9297.1596,3.9,2022-03-25
FDK28,5.417, Regular,0.029167,Fruits and Vegetables,OUT045,2002,,Tier 2,Supermarket Type1,3015.096,3.6,2022-03-06
FDM37,, Regular,0.047587,Dairy,OUT027,1985,Medium,Tier 3,Supermarket Type3,4566.1531,4.3,2022-12-20
DRM48,5.751,low fat,0.02633,Soft Drinks,OUT027,1985,Medium,Tier 3,Supermarket Type3,2710.6222,3.1,2023-01-22
FDM43,7.04,Low Fat,0.046574,Meat,OUT046,1997,Small,Tier 1,Supermarket Type1,7061.2342,3.561,2022-07-04
DRR46,21.165,reg,0.127476,Hard Drinks,OUT035,2004,Small,Tier 2,Supermarket Type1,3051.7582,4.2,2022-09-02
FDU23,7.608,Regular,0.029929,Snack Foods,OUT018,2009,Medium,Tier 3,Supermarket Type2,1996.1471,4.12,2022-02-24
FDV12,7.152,reg,0.059419,Frozen Foods,OUT049,1999,Medium,Tier 1,Supermarket Type1,6007.9422,4.1,2022-11-26
FDW35,20.905,Low Fat,0.021278,Breakfast,OUT035,2004,Small,Tier 2,Supermarket Type1,1925.5656,3.9,2022-01-23
FDY56,5.013,Low Fat,0.03202,Snack Foods,OUT027,1985,Medium,Tier 3,Supermarket Type3,10611.9131,4.2,2023-10-14
FDM31,4.659,Low Fat,0.0,Frozen Foods,OUT045,2002,,Tier 2,Supermarket Type1,2596.4065,3.5,2023-05-19
FDS24,,low fat,0.035555,Fruits and Vegetables,OUT046,1997,Small,Tier 1,Supermarket Type1,3438.546,4.1,2023-10-22
FDC33,11.53,Regular,0.014979,Dairy,OUT027,1985,Medium,Tier 3,Supermarket Type3,3621.3998,4.3,2022-02-13
FDR16,,Low Fat ,0.027131,Meat,OUT027,1985,Medium,Tier 3,Supermarket Type3,4345.5197,4.2,2023-02-02
NCA51,,low fat,0.04692,Health and Hygiene,OUT010,1998,,Tier 3,Grocery Store,1065.4253,3.9,2022-11-24
FDM19,17.468, Regular,0.034356,Canned,OUT049,1999,Medium,Tier 1,Supermarket Type1,2987.2666,3.4,2022-07-27
NCD18,16.399,low fat,0.034784,Household,OUT018,2009,Medium,Tier 3,Supermarket Type2,2891.463,4.0,2022-03-12
NCC20,6.176,Low Fat,0.074504,Household,OUT035,2004,Small,Tier 2,Supermarket Type1,5382.8246,3.9,2023-10-01
FDM27,17.196,Regular,0.091639,Frozen Foods,OUT018,2009,Medium,Tier 3,Supermarket Type2,3961.1798,3.9,2022-08-08
FDM10,7.376,Low Fat ,0.0,Canned,OUT045,2002,,Tier 2,Supermarket Type1,2787.1017,4.8,2023-08-28
FDQ12,17.974,Low Fat,0.051171,Canned,OUT035,2004,Small,Tier 2,Supermarket Type1,2672.7421,2.9,2022-08-29
FDQ14,21.248,low fat,0.047291,Meat,OUT046,1997,Small,Tier 1,Supermarket Type1,3690.4933,4.4,2022-07-21
FDF25,7.934,Low Fat ,0.05754,Snack Foods,OUT035,2004,Small,Tier 2,Supermarket Type1,2133.7491,2.695,2022-07-27
FDM27,17.196, Regular,0.121516,Frozen Foods,OUT049,1999,Medium,Tier 1,Supermarket Type1,2174.4063,4.8,2023-05-23
FDS27,,Low Fat ,0.086303,Meat,OUT017,2007,,Tier 2,Supermarket Type1,3823.9885,4.2,2022-07-21
DRW37,,Low Fat ,0.060487,Soft Drinks,OUT017,2007,,Tier 2,Supermarket Type1,3111.0765,3.6,2023-07-04
NCM35,7.075,LF,0.025187,Household,OUT019,1985,Small,Tier 1,Grocery Store,1960.6956,4.2,2023-08-16
NCC13,11.653,LF,0.044822,Health and Hygiene,OUT017,2007,,Tier 2,Supermarket Type1,891.6837,4.5,2022-03-30
FDR46,20.099,LF,0.061449,Fruits and Vegetables,OUT010,1998,,Tier 3,Grocery Store,745.6893,3.9,2023-07-13
FDH48,18.515,Low Fat ,0.0,Canned,OUT018,2009,Medium,Tier 3,Supermarket Type2,3906.7647,4.2,2022-10-16
FDQ14,21.248,Low Fat ,0.019249,Meat,OUT017,2007,,Tier 2,Supermarket Type1,3693.8159,4.2,2022-11-30
FDP59,19.39,Regular,0.027134,Canned,OUT046,1997,Small,Tier 1,Supermarket Type1,1408.3738,3.8,2022-02-03
NCV25,4.785,Low Fat ,0.089348,Health and Hygiene,OUT019,1985,Small,Tier 1,Grocery Store,805.5827,3.9,2023-04-12
DRC37,8.486,reg,0.026733,Hard Drinks,OUT046,1997,Small,Tier 1,Supermarket Type1,796.3714,2.9,2022-10-28
FDS32,15.769, Regular,0.02887,Snack Foods,OUT045,2002,,Tier 2,Supermarket Type1,1769.29,4.5,2023-03-26
FDU49,11.093,low fat,0.050064,Baking Goods,OUT010,1998,,Tier 3,Grocery Store,2007.5495,3.7,2022-08-26
NCR43,12.792,Low Fat,0.020122,Household,OUT019,1985,Small,Tier 1,Grocery Store,582.2005,4.4,2022-03-21
FDM46,18.768,Low Fat,0.030335,Snack Foods,OUT049,1999,Medium,Tier 1,Supermarket Type1,3030.1278,3.9,2023-11-16
FDN55,19.232,low fat,0.026463,Breakfast,OUT045,2002,,Tier 2,Supermarket Type1,2597.5878,4.0,2022-02-11
FDP25,20.416,Low Fat ,0.06511,Snack Foods,OUT027,1985,Medium,Tier 3,Supermarket Type3,2565.904,3.6,2023-12-03
NCA33,7.735,LF,0.069278,Health and Hygiene,OUT013,1987,High,Tier 3,Supermarket Type1,1550.6235,4.4,2023-04-30
FDC56,12.792,reg,0.08177,Canned,OUT049,1999,Medium,Tier 1,Supermarket Type1,1200.9768,4.5,2022-11-06
FDD43,9.959, Regular,0.0,Canned,OUT027,1985,Medium,Tier 3,Supermarket Type3,2347.0751,3.6,2022-04-23
DRE42,10.471, Regular,0.016555,Soft Drinks,OUT049,1999,Medium,Tier 1,Supermarket Type1,4427.6546,4.2,2023-12-18
DRE50,14.937,Low Fat,0.027406,Soft Drinks,OUT013,1987,High,Tier 3,Supermarket Type1,2889.1017,3.5,2023-02-08
FDU27,16.593,Low Fat ,0.048502,Frozen Foods,OUT049,1999,Medium,Tier 1,Supermarket Type1,2706.766,3.3,2023-01-17
NCG27,6.318,low fat,0.0224,Household,OUT045,2002,,Tier 2,Supermarket Type1,3657.6308,3.8,2022-07-21
FDQ41,6.054,Low Fat ,0.035842,Snack Foods,OUT046,1997,Small,Tier 1,Supermarket Type1,2736.9641,3.9,2023-12-15
FDM52,8.427,Low Fat ,0.019062,Snack Foods,OUT046,1997,Small,Tier 1,Supermarket Type1,3968.7815,3.4,2022-01-19
NCF26,16.877,low fat,0.050794,Household,OUT049,1999,Medium,Tier 1,Supermarket Type1,2546.6278,3.567,2023-01-16
FDR37,17.086,Low Fat ,0.020526,Canned,OUT018,2009,Medium,Tier 3,Supermarket Type2,762.3736,4.0,2022-04-22
FDK47,5.079,Regular,0.024044,Baking Goods,OUT046,1997,Small,Tier 1,Supermarket Type1,1461.4725,3.4,2022-10-01
FDJ28,15.306,reg,0.05249,Canned,OUT035,2004,Small,Tier 2,Supermarket Type1,4349.3908,3.8,2023-09-26
FDH33,13.406,Low Fat ,0.030257,Canned,OUT027,1985,Medium,Tier 3,Supermarket Type3,4844.6048,4.0,2022-10-05
FDE53,6.075,reg,0.022698,Dairy,OUT049,1999,Medium,Tier 1,Supermarket Type1,1237.1965,3.7,2023-05-01
DRK47,10.808,Regular,0.073614,Soft Drinks,OUT010,1998,,Tier 3,Grocery Store,656.6368,4.0,2022-05-14
DRH46,12.897,Low Fat ,0.055349,Hard Drinks,OUT046,1997,Small,Tier 1,Supermarket Type1,4391.5067,4.1,2022-06-03
FDK44,18.796,Low Fat,0.1332,Frozen Foods,OUT013,1987,High,Tier 3,Supermarket Type1,3153.5869,3.8,2022-12-21
DRD10,8.09,Low Fat ,0.060364,Soft Drinks,OUT018,2009,Medium,Tier 3,Supermarket Type2,3768.9695,3.7,2022-09-23
FDP39,7.657,Low Fat ,0.060491,Fruits and Vegetables,OUT027,1985,Medium,Tier 3,Supermarket Type3,8551.6707,4.3,2023-07-12
FDC50,6.641,LF,0.029769,Meat,OUT045,2002,,Tier 2,Supermarket Type1,3142.4946,4.2,2023-10-11
NCC13,11.653,LF,0.023606,Health and Hygiene,OUT035,2004,Small,Tier 2,Supermarket Type1,1461.9884,4.3,2022-03-04
FDC42,, Regular,0.136894,Canned,OUT049,1999,Medium,Tier 1,Supermarket Type1,2631.0842,3.835,2022-11-22
NCF24,14.729,LF,0.040129,Household,OUT018,2009,Medium,Tier 3,Supermarket Type2,1319.3972,3.7,2022-03-18
FDA32,16.316,Regular,0.062191,Frozen Foods,OUT013,1987,High,Tier 3,Supermarket Type1,3046.163,4.3,2023-08-18
FDP52,21.314,Low Fat,0.028031,Fruits and Vegetables,OUT045,2002,,Tier 2,Supermarket Type1,2087.5633,3.8,2022-04-04
FDU44,8.169,low fat,0.019497,Dairy,OUT027,1985,Medium,Tier 3,Supermarket Type3,7269.4456,4.0,2023-08-11
FDN27,,Low Fat,0.089611,Frozen Foods,OUT049,1999,Medium,Tier 1,Supermarket Type1,1641.5935,3.893,2023-09-16
DRE44,12.888,Low Fat,0.034249,Soft Drinks,OUT018,2009,Medium,Tier 3,Supermarket Type2,7075.2759,4.1,2023-02-07
DRA24,6.241,LF,0.096952,Soft Drinks,OUT049,1999,Medium,Tier 1,Supermarket Type1,5321.8946,4.1,2022-05-17
FDA39,15.41,Low Fat,0.059465,Fruits and Vegetables,OUT027,1985,Medium,Tier 3,Supermarket Type3,2234.2202,4.2,2022-08-17
NCG32,18.976,LF,0.027258,Health and Hygiene,OUT049,1999,Medium,Tier 1,Supermarket Type1,3905.6701,3.8,2023-12-19
FDG19,14.248,low fat,0.203278,Snack Foods,OUT046,1997,Small,Tier 1,Supermarket Type1,2114.6431,3.808,2022-08-30
FDB26,20.619,Low Fat,0.039374,Dairy,OUT018,2009,Medium,Tier 3,Supermarket Type2,3589.8465,4.6,2022-11-03
NCW15,,Low Fat ,0.056909,Health and Hygiene,OUT035,2004,Small,Tier 2,Supermarket Type1,7600.1146,4.2,2022-08-21
NCG27,6.318,Low Fat,0.068631,Household,OUT017,2007,,Tier 2,Supermarket Type1,2306.4759,4.8,2022-04-19
NCR47,8.492,Low Fat ,0.029188,Others,OUT018,2009,Medium,Tier 3,Supermarket Type2,2283.6959,4.0,2023-10-13
FDW49,14.216,reg,0.027653,Frozen Foods,OUT045,2002,,Tier 2,Supermarket Type1,1842.847,3.4,2022-03-12
FDE19,4.573,Low Fat ,0.060632,Canned,OUT027,1985,Medium,Tier 3,Supermarket Type3,2630.8264,4.091,2023-12-25
NCA23,7.253,low fat,0.053486,Others,OUT049,1999,Medium,Tier 1,Supermarket Type1,3158.0765,4.2,2022-04-06
FDF15,13.732,LF,0.042197,Fruits and Vegetables,OUT027,1985,Medium,Tier 3,Supermarket Type3,8698.984,4.4,2023-07-19
FDM28,4.921,reg,0.060744,Meat,OUT018,2009,Medium,Tier 3,Supermarket Type2,2402.0104,4.0,2022-05-17
FDY18,14.949,Regular,0.047631,Snack Foods,OUT035,2004,Small,Tier 2,Supermarket Type1,1892.8017,3.9,2022-03-05
NCJ20,13.944,Low Fat,0.038058,Others,OUT045,2002,,Tier 2,Supermarket Type1,4572.9449,4.0,2023-04-21
FDK31,5.066,Low Fat,0.016527,Frozen Foods,OUT010,1998,,Tier 3,Grocery Store,614.1712,3.7,2022-08-25
FDG21,7.985,Low Fat,0.046967,Dairy,OUT046,1997,Small,Tier 1,Supermarket Type1,4399.1876,3.8,2022-04-10
FDS41,7.539, Regular,0.130343,Meat,OUT018,2009,Medium,Tier 3,Supermarket Type2,6061.6352,4.3,2022-01-07
FDY31,,Low Fat ,0.037558,Baking Goods,OUT013,1987,High,Tier 3,Supermarket Type1,1296.6598,4.1,2022-02-18
FDG34,17.744,Low Fat,0.022547,Snack Foods,OUT019,1985,Small,Tier 1,Grocery Store,332.0592,4.2,2022-03-19
NCM27,,low fat,0.042966,Health and Hygiene,OUT046,1997,Small,Tier 1,Supermarket Type1,2878.8477,4.428,2023-07-25
FDD36,16.315,reg,0.048726,Breads,OUT049,1999,Medium,Tier 1,Supermarket Type1,1804.5501,3.7,2023-11-25
DRB37,16.928,low fat,0.050311,Soft Drinks,OUT027,1985,Medium,Tier 3,Supermarket Type3,4185.8804,4.2,2022-11-22
NCF15,4.572,Low Fat,0.039502,Health and Hygiene,OUT046,1997,Small,Tier 1,Supermarket Type1,1710.8642,4.0,2022-05-10
FDH18,15.853,LF,0.07118,Dairy,OUT018,2009,Medium,Tier 3,Supermarket Type2,4834.678,4.1,2023-07-11
FDG35,13.339,Low Fat,0.018591,Meat,OUT013,1987,High,Tier 3,Supermarket Type1,1764.783,4.2,2023-11-21
NCR53,15.723,Low Fat ,0.027277,Health and Hygiene,OUT035,2004,Small,Tier 2,Supermarket Type1,3080.875,4.5,2022-04-26
NCR18,19.109,LF,0.037037,Household,OUT027,1985,Medium,Tier 3,Supermarket Type3,7932.5125,3.8,2023-03-05
FDH54,15.683,low fat,0.050693,Frozen Foods,OUT046,1997,Small,Tier 1,Supermarket Type1,3807.0276,3.8,2023-09-16
FDP23,, Regular,0.029017,Snack Foods,OUT049,1999,Medium,Tier 1,Supermarket Type1,2610.9251,4.2,2022-08-10
FDH59,16.114,Low Fat,0.043535,Snack Foods,OUT013,1987,High,Tier 3,Supermarket Type1,1458.8477,4.5,2022-03-22
NCG35,,Low Fat ,0.181448,Household,OUT045,2002,,Tier 2,Supermarket Type1,3850.6906,4.4,2023-12-19
NCG52,17.459,Low Fat,0.012515,Household,OUT013,1987,High,Tier 3,Supermarket Type1,1644.5653,3.4,2023-06-12
FDC13,13.006,low fat,0.039835,Seafood,OUT049,1999,Medium,Tier 1,Supermarket Type1,4586.8261,4.2,2023-07-26
DRC54,,Low Fat,0.029297,Hard Drinks,OUT035,2004,Small,Tier 2,Supermarket Type1,5031.1934,3.4,2022-07-07
FDD52,,Regular,0.053555,Frozen Foods,OUT046,1997,Small,Tier 1,Supermarket Type1,7740.5553,3.987,2023-09-03
DRE13,20.335,Low Fat ,0.102047,Soft Drinks,OUT017,2007,,Tier 2,Supermarket Type1,2489.8545,3.5,2022-07-03
FDJ26,13.546,reg,0.126774,Fruits and Vegetables,OUT019,1985,Small,Tier 1,Grocery Store,3009.5296,4.3,2023-01-18
FDA28,,Low Fat,0.032847,Dairy,OUT013,1987,High,Tier 3,Supermarket Type1,6292.265,3.9,2022-10-20
NCX49,,Low Fat ,0.024465,Health and Hygiene,OUT027,1985,Medium,Tier 3,Supermarket Type3,2339.5806,3.8,2022-01-14
DRA10,18.175,low fat,0.197918,Soft Drinks,OUT013,1987,High,Tier 3,Supermarket Type1,3263.8201,3.8,2022-10-11
FDC13,13.006,Low Fat,0.03893,Seafood,OUT017,2007,,Tier 2,Supermarket Type1,1245.9753,4.2,2023-02-23
FDV53,,Low Fat,0.071658,Fruits and Vegetables,OUT049,1999,Medium,Tier 1,Supermarket Type1,1296.7067,4.2,2022-04-12
FDR42,14.039,Low Fat ,0.028332,Snack Foods,OUT018,2009,Medium,Tier 3,Supermarket Type2,1873.2251,4.423,2023-04-14
FDG17,16.541,low fat,0.016857,Fruits and Vegetables,OUT049,1999,Medium,Tier 1,Supermarket Type1,2007.7509,4.0,2023-05-14
FDR25,11.994,reg,0.033321,Fruits and Vegetables,OUT018,2009,Medium,Tier 3,Supermarket Type2,2695.2514,3.8,2023-10-20
NCN50,7.41,LF,0.068435,Household,OUT027,1985,Medium,Tier 3,Supermarket Type3,8998.166,3.9,2023-06-07
FDA18,18.989,reg,0.060962,Seafood,OUT010,1998,,Tier 3,Grocery Store,416.4541,3.8,2022-02-15
DRX29,,Low Fat,0.022452,Soft Drinks,OUT017,2007,,Tier 2,Supermarket Type1,1410.9429,3.8,2022-11-11
FDK18,6.301,reg,0.020795,Baking Goods,OUT035,2004,Small,Tier 2,Supermarket Type1,1085.4473,4.1,2022-10-28
FDX39,18.074,low fat,0.042454,Dairy,OUT035,2004,Small,Tier 2,Supermarket Type1,3218.873,4.275,2022-02-04
FDH13,6.825, Regular,0.021124,Dairy,OUT018,2009,Medium,Tier 3,Supermarket Type2,2075.8939,3.9,2022-08-20
FDQ40,19.202,Low Fat,0.0,Frozen Foods,OUT027,1985,Medium,Tier 3,Supermarket Type3,6030.0372,3.7,2023-01-21
FDR18,19.841,reg,0.045819,Baking Goods,OUT045,2002,,Tier 2,Supermarket Type1,439.152,3.7,2022-07-15
FDJ13,13.501,Regular,0.046333,Fruits and Vegetables,OUT018,2009,Medium,Tier 3,Supermarket Type2,1585.461,4.2,2022-06-18
NCU55,,Low Fat,0.11386,Household,OUT049,1999,Medium,Tier 1,Supermarket Type1,2802.6659,3.766,2023-11-19
FDE10,, Regular,0.017032,Snack Foods,OUT019,1985,Small,Tier 1,Grocery Store,1066.5182,4.173,2023-10-02
FDP39,7.657,low fat,0.026582,Fruits and Vegetables,OUT013,1987,High,Tier 3,Supermarket Type1,6819.7074,3.4,2023-06-17
FDB42,5.566, Regular,0.049926,Frozen Foods,OUT027,1985,Medium,Tier 3,Supermarket Type3,6075.1649,4.0,2023-09-30
FDC28,18.384,Low Fat,0.057266,Frozen Foods,OUT010,1998,,Tier 3,Grocery Store,1216.3469,3.6,2023-05-23
FDU49,11.093,Low Fat ,0.0,Baking Goods,OUT045,2002,,Tier 2,Supermarket Type1,7632.158,3.9,2023-02-12
FDE34,11.372,Low Fat ,0.018525,Snack Foods,OUT045,2002,,Tier 2,Supermarket Type1,747.806,3.6,2022-02-26
FDB31,, Regular,0.027363,Snack Foods,OUT046,1997,Small,Tier 1,Supermarket Type1,759.6527,3.4,2022-02-03
FDB35,,low fat,0.0,Frozen Foods,OUT013,1987,High,Tier 3,Supermarket Type1,2747.092,3.4,2023-01-14
DRH46,12.897,low fat,0.012126,Hard Drinks,OUT049,1999,Medium,Tier 1,Supermarket Type1,1745.6167,3.5,2022-02-27
NCU31,10.33,Low Fat ,0.048497,Others,OUT018,2009,Medium,Tier 3,Supermarket Type2,1333.7929,4.197,2022-01-05
FDC46,20.411,low fat,0.061697,Dairy,OUT010,1998,,Tier 3,Grocery Store,3429.2194,4.5,2022-03-29
FDR48,17.856,Low Fat ,0.132944,Fruits and Vegetables,OUT045,2002,,Tier 2,Supermarket Type1,2228.6969,4.4,2022-12-29
FDX44,20.503, Regular,0.16463,Baking Goods,OUT045,2002,,Tier 2,Supermarket Type1,2085.8083,3.2,2023-07-06
FDV54,,Low Fat,0.107322,Canned,OUT027,1985,Medium,Tier 3,Supermarket Type3,2535.9917,4.4,2023-03-21
FDW53,12.437,low fat,0.067519,Snack Foods,OUT019,1985,Small,Tier 1,Grocery Store,1794.7406,3.5,2022-12-21
NCP35,14.756,Low Fat,0.021539,Household,OUT045,2002,,Tier 2,Supermarket Type1,2290.3763,4.233,2022-05-24
DRN40,16.945,low fat,0.045772,Soft Drinks,OUT046,1997,Small,Tier 1,Supermarket Type1,3009.2782,3.7,2023-11-22
DRN57,6.04,low fat,0.0392,Soft Drinks,OUT035,2004,Small,Tier 2,Supermarket Type1,1773.3798,3.9,2023-01-09
NCP37,17.195,Low Fat ,0.037838,Household,OUT013,1987,High,Tier 3,Supermarket Type1,1025.5257,4.4,2023-02-20
FDF58,11.431,low fat,0.095104,Breads,OUT046,1997,Small,Tier 1,Supermarket Type1,4120.1987,3.9,2023-01-23
FDF11,6.732,Low Fat,0.017706,Fruits and Vegetables,OUT035,2004,Small,Tier 2,Supermarket Type1,3678.5028,4.2,2023-10-12
FDG57,6.404,Low Fat ,0.027444,Snack Foods,OUT027,1985,Medium,Tier 3,Supermarket Type3,2361.393,3.9,2022-03-01
FDX59,10.438,Low Fat,0.03322,Seafood,OUT035,2004,Small,Tier 2,Supermarket Type1,955.5547,4.6,2022-10-18
FDE41,14.773,low fat,0.040764,Frozen Foods,OUT019,1985,Small,Tier 1,Grocery Store,1717.6705,3.3,2023-05-09
NCX26,,Low Fat ,0.0,Household,OUT035,2004,Small,Tier 2,Supermarket Type1,5176.7949,4.5,2023-11-22
FDP18,19.939,reg,0.153795,Fruits and Vegetables,OUT035,2004,Small,Tier 2,Supermarket Type1,2218.9402,4.3,2022-08-21
FDJ10,17.71,Regular,0.023964,Breakfast,OUT017,2007,,Tier 2,Supermarket Type1,1033.071,4.1,2022-05-21
FDQ13,17.802,low fat,0.038843,Fruits and Vegetables,OUT046,1997,Small,Tier 1,Supermarket Type1,2063.1358,3.6,2022-10-10
NCW31,8.359,LF,0.042513,Health and Hygiene,OUT010,1998,,Tier 3,Grocery Store,1322.618,3.7,2023-07-10
FDJ37,16.603,LF,0.037152,Canned,OUT035,2004,Small,Tier 2,Supermarket Type1,1283.0825,4.0,2023-01-18
NCF26,16.877,Low Fat,0.060769,Household,OUT013,1987,High,Tier 3,Supermarket Type1,9255.012,4.0,2023-11-02
NCG43,,low fat,0.028947,Household,OUT049,1999,Medium,Tier 1,Supermarket Type1,3195.515,3.9,2023-05-10
FDJ15,12.735,low fat,0.070869,Baking Goods,OUT013,1987,High,Tier 3,Supermarket Type1,2640.8736,4.1,2023-03-27
FDG29,11.46,Low Fat ,0.043144,Snack Foods,OUT046,1997,Small,Tier 1,Supermarket Type1,1592.5901,3.761,2023-05-10
FDG37,11.855,Regular,0.0,Fruits and Vegetables,OUT018,2009,Medium,Tier 3,Supermarket Type2,2398.566,3.886,2023-08-05
FDR25,11.994, Regular,0.012341,Fruits and Vegetables,OUT013,1987,High,Tier 3,Supermarket Type1,5198.4614,4.4,2022-03-05
DRA49,16.511,reg,0.069395,Hard Drinks,OUT027,1985,Medium,Tier 3,Supermarket Type3,2035.7143,3.6,2023-06-01
FDK19,13.328,reg,0.045555,Snack Foods,OUT045,2002,,Tier 2,Supermarket Type1,1539.7692,4.0,2023-05-02
DRK47,10.808,Regular,0.073082,Soft Drinks,OUT049,1999,Medium,Tier 1,Supermarket Type1,3179.0123,3.7,2023-04-19
NCE16,5.286,LF,0.036419,Health and Hygiene,OUT045,2002,,Tier 2,Supermarket Type1,12454.8577,4.2,2022-10-11
NCM41,,Low Fat,0.038846,Health and Hygiene,OUT049,1999,Medium,Tier 1,Supermarket Type1,1492.2165,3.7,2022-02-28
FDS33,13.86,Low Fat ,0.119545,Snack Foods,OUT013,1987,High,Tier 3,Supermarket Type1,4870.5793,4.6,2022-07-07
NCV38,14.239,Low Fat ,0.033433,Household,OUT013,1987,High,Tier 3,Supermarket Type1,2753.3678,3.8,2023-09-26
FDQ51,, Regular,0.048405,Canned,OUT049,1999,Medium,Tier 1,Supermarket Type1,1511.3127,3.5,2023-01-24
FDD10,11.826,LF,0.056307,Canned,OUT046,1997,Small,Tier 1,Supermarket Type1,5027.0611,4.1,2023-07-10
FDX38,9.596, Regular,0.052849,Baking Goods,OUT019,1985,Small,Tier 1,Grocery Store,1007.0258,4.0,2022-04-30
FDU21,12.19,low fat,0.110808,Starchy Foods,OUT018,2009,Medium,Tier 3,Supermarket Type2,1752.4843,4.0,2022-06-09
FDH52,19.207,Low Fat ,0.057477,Baking Goods,OUT049,1999,Medium,Tier 1,Supermarket Type1,796.4435,3.5,2022-04-21
FDV16,13.45,Low Fat ,0.115602,Meat,OUT017,2007,,Tier 2,Supermarket Type1,3134.5403,4.0,2023-09-11
NCU28,14.043,low fat,0.022422,Household,OUT017,2007,,Tier 2,Supermarket Type1,2579.8521,4.2,2023-03-20
DRR35,13.958,reg,0.182503,Soft Drinks,OUT013,1987,High,Tier 3,Supermarket Type1,2647.7028,3.6,2023-02-12
FDB55,9.062,Regular,0.039857,Meat,OUT027,1985,Medium,Tier 3,Supermarket Type3,3360.7207,4.1,2023-09-02
FDX21,13.66,LF,0.035065,Dairy,OUT027,1985,Medium,Tier 3,Supermarket Type3,2582.9717,4.0,2022-07-22
FDM45,10.745,Low Fat ,0.016251,Breads,OUT013,1987,High,Tier 3,Supermarket Type1,3541.034,4.0,2022-02-06
FDK15,13.95,Low Fat ,0.030367,Fruits and Vegetables,OUT045,2002,,Tier 2,Supermarket Type1,887.6797,3.638,2023-10-31
FDD38,14.394, Regular,0.019574,Fruits and Vegetables,OUT035,2004,Small,Tier 2,Supermarket Type1,1735.2385,4.403,2022-10-21
NCY48,15.177,LF,0.047842,Health and Hygiene,OUT027,1985,Medium,Tier 3,Supermarket Type3,4108.9894,4.1,2022-02-12
FDV29,20.039,reg,0.059462,Snack Foods,OUT013,1987,High,Tier 3,Supermarket Type1,5054.3018,3.7,2023-05-18
NCD31,9.601,Low Fat,0.056925,Household,OUT018,2009,Medium,Tier 3,Supermarket Type2,924.1989,4.298,2023-03-16
DRG20,11.719,Regular,0.0,Soft Drinks,OUT017,2007,,Tier 2,Supermarket Type1,4234.6064,4.7,2023-03-26
FDA33,11.471,LF,0.093556,Frozen Foods,OUT019,1985,Small,Tier 1,Grocery Store,752.4314,3.8,2023-02-21
FDN25,11.875,LF,0.052633,Fruits and Vegetables,OUT049,1999,Medium,Tier 1,Supermarket Type1,2906.6602,4.0,2023-02-27
FDG26,6.906,reg,0.024543,Dairy,OUT018,2009,Medium,Tier 3,Supermarket Type2,2252.8969,3.5,2023-08-23
FDX23,17.717,Low Fat,0.069467,Canned,OUT017,2007,,Tier 2,Supermarket Type1,1608.3367,3.8,2022-12-24
FDY43,4.911,Low Fat,0.0965,Snack Foods,OUT049,1999,Medium,Tier 1,Supermarket Type1,4615.7741,4.3,2023-05-20
FDV33,8.335,Regular,0.025875,Dairy,OUT046,1997,Small,Tier 1,Supermarket Type1,2543.1871,3.9,2022-10-25
NCU32,13.257,low fat,0.046422,Health and Hygiene,OUT027,1985,Medium,Tier 3,Supermarket Type3,2378.0101,4.468,2022-06-09
FDE54,12.08,LF,0.031144,Frozen Foods,OUT027,1985,Medium,Tier 3,Supermarket Type3,2248.1034,4.2,2022-05-23
FDU29,11.878,LF,0.114786,Snack Foods,OUT027,1985,Medium,Tier 3,Supermarket Type3,2947.1375,3.7,2022-07-30
FDQ40,19.202,LF,0.070125,Frozen Foods,OUT010,1998,,Tier 3,Grocery Store,449.2112,4.4,2022-01-04
FDK26,19.747,Low Fat,0.016871,Dairy,OUT027,1985,Medium,Tier 3,Supermarket Type3,3587.3312,4.0,2023-09-19
FDA27,8.785,LF,0.032459,Meat,OUT035,2004,Small,Tier 2,Supermarket Type1,2244.4781,3.9,2023-01-08
DRQ36,19.959,Regular,0.060813,Soft Drinks,OUT035,2004,Small,Tier 2,Supermarket Type1,1931.4778,3.8,2023-08-02
FDW45,,reg,0.181223,Fruits and Vegetables,OUT035,2004,Small,Tier 2,Supermarket Type1,3202.0071,4.1,2022-06-16
NCY27,11.304,Low Fat ,0.07294,Health and Hygiene,OUT046,1997,Small,Tier 1,Supermarket Type1,2877.6727,4.0,2023-11-26
FDK38,,LF,0.074858,Breads,OUT018,2009,Medium,Tier 3,Supermarket Type2,3255.182,3.8,2022-04-02
FDJ59,,Low Fat ,0.110195,Frozen Foods,OUT049,1999,Medium,Tier 1,Supermarket Type1,2366.8963,3.4,2023-05-14
FDD55,,reg,0.04088,Breads,OUT017,2007,,Tier 2,Supermarket Type1,1584.569,3.9,2022-10-10
FDR26,19.935,Low Fat,0.324862,Dairy,OUT035,2004,Small,Tier 2,Supermarket Type1,735.6242,3.923,2022-01-16
FDN18,14.091, Regular,0.034594,Baking Goods,OUT018,2009,Medium,Tier 3,Supermarket Type2,4354.2803,4.0,2023-10-31
FDM47,17.895, Regular,0.040461,Fruits and Vegetables,OUT046,1997,Small,Tier 1,Supermarket Type1,1874.8857,4.2,2023-06-01
NCQ55,,low fat,0.115962,Health and Hygiene,OUT045,2002,,Tier 2,Supermarket Type1,1498.8789,4.0,2023-03-07
FDB40,19.928,reg,0.051145,Snack Foods,OUT018,2009,Medium,Tier 3,Supermarket Type2,7477.2295,4.1,2022-06-17
FDJ16,5.715,low fat,0.037278,Fruits and Vegetables,OUT017,2007,,Tier 2,Supermarket Type1,1341.5167,4.1,2022-03-25
NCV15,7.34,low fat,0.057497,Household,OUT046,1997,Small,Tier 1,Supermarket Type1,2189.0842,4.1,2022-02-01
FDQ32,17.352,low fat,0.056219,Starchy Foods,OUT045,2002,,Tier 2,Supermarket Type1,1490.9414,3.43,2023-01-31
FDB18,13.882, Regular,0.039276,Canned,OUT017,2007,,Tier 2,Supermarket Type1,1462.8561,3.4,2022-09-13
NCR39,11.124,LF,0.050654,Household,OUT027,1985,Medium,Tier 3,Supermarket Type3,11269.4331,3.8,2023-11-17
FDH18,,Low Fat ,0.025147,Dairy,OUT027,1985,Medium,Tier 3,Supermarket Type3,6025.533,4.1,2023-02-10
FDJ53,14.353,Low Fat,0.057501,Dairy,OUT013,1987,High,Tier 3,Supermarket Type1,6563.3153,4.2,2023-05-25
FDG42,,LF,0.05522,Canned,OUT027,1985,Medium,Tier 3,Supermarket Type3,2691.6409,4.0,2022-11-12
FDU35,10.736,LF,0.050937,Seafood,OUT046,1997,Small,Tier 1,Supermarket Type1,6915.1862,4.9,2022-12-18
NCN55,9.065,Low Fat,0.021425,Others,OUT018,2009,Medium,Tier 3,Supermarket Type2,6406.5097,3.7,2023-05-31
FDS26,9.766,Low Fat,0.065238,Snack Foods,OUT049,1999,Medium,Tier 1,Supermarket Type1,1358.3565,4.08,2022-11-24
DRX48,6.601,Regular,0.053312,Hard Drinks,OUT013,1987,High,Tier 3,Supermarket Type1,5635.5847,3.7,2023-05-19
NCN36,9.616,LF,0.074352,Household,OUT017,2007,,Tier 2,Supermarket Type1,3856.0397,3.6,2023-06-28
FDV35,16.043,Low Fat ,0.039571,Meat,OUT013,1987,High,Tier 3,Supermarket Type1,1947.5717,4.6,2023-10-18
FDA51,12.561, Regular,0.069913,Meat,OUT013,1987,High,Tier 3,Supermarket Type1,2304.1835,3.9,2023-01-16
DRV20,4.713,Low Fat ,0.040199,Hard Drinks,OUT049,1999,Medium,Tier 1,Supermarket Type1,1778.522,3.3,2022-03-26
NCF22,,Low Fat,0.20138,Health and Hygiene,OUT017,2007,,Tier 2,Supermarket Type1,1530.3733,3.4,2022-12-28
FDC38,12.14,low fat,0.063016,Snack Foods,OUT035,2004,Small,Tier 2,Supermarket Type1,3501.5639,3.7,2023-09-16
NCC46,13.016,LF,0.064552,Household,OUT019,1985,Small,Tier 1,Grocery Store,1381.4182,3.8,2022-05-03
FDQ16,13.135, Regular,0.088001,Baking Goods,OUT035,2004,Small,Tier 2,Supermarket Type1,960.4028,3.679,2022-07-23
NCH29,8.102,Low Fat,0.018066,Others,OUT027,1985,Medium,Tier 3,Supermarket Type3,3026.0834,3.7,2023-12-06
FDV48,7.014,low fat,0.075736,Fruits and Vegetables,OUT027,1985,Medium,Tier 3,Supermarket Type3,6124.6967,4.0,2023-06-29
FDP45,20.593,low fat,0.039991,Meat,OUT019,1985,Small,Tier 1,Grocery Store,745.0152,4.0,2022-09-20
FDS49,5.15, Regular,0.05677,Fruits and Vegetables,OUT046,1997,Small,Tier 1,Supermarket Type1,846.7251,4.1,2023-05-16
FDU58,20.452,reg,0.042721,Frozen Foods,OUT013,1987,High,Tier 3,Supermarket Type1,2717.9294,4.3,2023-05-15
NCY52,19.786,Low Fat ,0.049443,Health and Hygiene,OUT018,2009,Medium,Tier 3,Supermarket Type2,1232.1324,4.1,2023-11-28
FDN49,13.059,reg,0.050091,Fruits and Vegetables,OUT013,1987,High,Tier 3,Supermarket Type1,6709.7093,4.4,2022-11-04
FDB22,5.666,Regular,0.119823,Fruits and Vegetables,OUT046,1997,Small,Tier 1,Supermarket Type1,1889.5054,4.5,2022-08-30
FDU47,9.498,Low Fat ,0.024794,Fruits and Vegetables,OUT027,1985,Medium,Tier 3,Supermarket Type3,4259.9803,3.9,2023-12-18
DRN52,12.709,reg,0.027816,Soft Drinks,OUT018,2009,Medium,Tier 3,Supermarket Type2,4812.1435,4.2,2023-11-26
FDB24,18.42,Low Fat,0.147454,Fruits and Vegetables,OUT049,1999,Medium,Tier 1,Supermarket Type1,1649.1583,4.3,2023-10-15
FDP32,17.035,Regular,0.11243,Snack Foods,OUT035,2004,Small,Tier 2,Supermarket Type1,1994.7186,3.4,2023-07-10
FDY14,15.915,Low Fat,0.031395,Fruits and Vegetables,OUT035,2004,Small,Tier 2,Supermarket Type1,1554.416,4.5,2023-03-12
FDM14,7.793,Low Fat ,0.062328,Fruits and Vegetables,OUT017,2007,,Tier 2,Supermarket Type1,980.3317,4.0,2022-06-06
FDM40,12.304,low fat,0.083142,Snack Foods,OUT017,2007,,Tier 2,Supermarket Type1,2686.4433,3.82,2023-09-28
FDV10,15.235,low fat,0.080727,Dairy,OUT017,2007,,Tier 2,Supermarket Type1,2703.5134,4.662,2022-11-23
DRM44,11.912, Regular,0.07678,Hard Drinks,OUT045,2002,,Tier 2,Supermarket Type1,907.1765,3.6,2022-08-02
FDC35,,Low Fat,0.073737,Snack Foods,OUT027,1985,Medium,Tier 3,Supermarket Type3,7150.3109,4.3,2023-02-03
NCD37,,Low Fat,0.08532,Health and Hygiene,OUT035,2004,Small,Tier 2,Supermarket Type1,2482.0366,4.6,2023-07-05
FDA21,,Low Fat ,0.031782,Fruits and Vegetables,OUT017,2007,,Tier 2,Supermarket Type1,4975.3396,3.991,2023-01-08
FDW45,5.875,reg,0.06785,Fruits and Vegetables,OUT017,2007,,Tier 2,Supermarket Type1,1676.9566,3.2,2022-02-24
FDU41,13.831,LF,0.085781,Snack Foods,OUT049,1999,Medium,Tier 1,Supermarket Type1,2201.5305,4.2,2023-01-03
FDK33,,low fat,0.037594,Meat,OUT049,1999,Medium,Tier 1,Supermarket Type1,2441.7467,4.4,2022-10-20
FDB46,17.913, Regular,0.057631,Dairy,OUT046,1997,Small,Tier 1,Supermarket Type1,1319.36,4.0,2022-06-14
FDJ55,,Low Fat,0.045721,Frozen Foods,OUT049,1999,Medium,Tier 1,Supermarket Type1,1754.7602,4.4,2023-07-01
FDH56,7.011,reg,0.063174,Frozen Foods,OUT027,1985,Medium,Tier 3,Supermarket Type3,2571.1934,3.4,2022-04-13
FDM15,16.291,Low Fat ,0.034662,Snack Foods,OUT045,2002,,Tier 2,Supermarket Type1,1525.9584,3.874,2022-03-07
FDQ45,, Regular,0.043045,Frozen Foods,OUT013,1987,High,Tier 3,Supermarket Type1,3796.8581,3.9,2023-12-21
FDK14,17.52,reg,0.042773,Fruits and Vegetables,OUT018,2009,Medium,Tier 3,Supermarket Type2,1913.5985,3.7,2023-01-29
FDF21,11.97,reg,0.061373,Meat,OUT013,1987,High,Tier 3,Supermarket Type1,3595.2928,4.1,2023-01-26
NCV50,9.676,LF,0.064805,Health and Hygiene,OUT013,1987,High,Tier 3,Supermarket Type1,735.6362,3.6,2023-09-22
FDW54,13.165,Low Fat ,0.107078,Canned,OUT013,1987,High,Tier 3,Supermarket Type1,2643.914,4.2,2022-11-14
FDQ15,20.834,Low Fat,0.031434,Snack Foods,OUT018,2009,Medium,Tier 3,Supermarket Type2,1991.4155,4.4,2023-05-03
FDV21,5.063,LF,0.058226,Seafood,OUT045,2002,,Tier 2,Supermarket Type1,761.1541,3.9,2022-07-12
FDC59,12.04,LF,0.069011,Fruits and Vegetables,OUT013,1987,High,Tier 3,Supermarket Type1,3266.2285,4.4,2023-08-08
FDR59,15.9,low fat,0.035806,Canned,OUT027,1985,Medium,Tier 3,Supermarket Type3,9872.9752,3.9,2022-10-17
FDP25,20.416,Low Fat,0.020501,Snack Foods,OUT046,1997,Small,Tier 1,Supermarket Type1,1399.2616,4.2,2022-12-03
FDQ52,,reg,0.063509,Fruits and Vegetables,OUT046,1997,Small,Tier 1,Supermarket Type1,5721.9865,4.3,2023-12-09
DRW27,7.103, Regular,0.0,Hard Drinks,OUT010,1998,,Tier 3,Grocery Store,1058.1043,4.0,2022-12-25
NCN50,7.41,LF,0.031909,Household,OUT017,2007,,Tier 2,Supermarket Type1,1082.9756,3.807,2022-06-10
FDV40,16.19,Low Fat,0.0,Fruits and Vegetables,OUT010,1998,,Tier 3,Grocery Store,1663.2987,4.0,2023-11-17
FDY45,18.592,Low Fat,0.119597,Meat,OUT035,2004,Small,Tier 2,Supermarket Type1,1252.694,4.6,2022-09-17
FDJ11,19.325, Regular,0.074154,Fruits and Vegetables,OUT045,2002,,Tier 2,Supermarket Type1,2227.766,4.06,2022-07-05
FDU23,7.608,reg,0.167226,Snack Foods,OUT035,2004,Small,Tier 2,Supermarket Type1,2747.4029,3.684,2022-11-06
FDK47,5.079,reg,0.077976,Baking Goods,OUT013,1987,High,Tier 3,Supermarket Type1,3144.8316,4.1,2022-09-19
FDD41,11.807,LF,0.05048,Snack Foods,OUT019,1985,Small,Tier 1,Grocery Store,1265.7057,3.982,2023-03-16
NCG45,12.08,Low Fat ,0.065285,Household,OUT027,1985,Medium,Tier 3,Supermarket Type3,4697.6925,4.0,2023-03-18
FDC52,21.079,Low Fat,0.059457,Baking Goods,OUT027,1985,Medium,Tier 3,Supermarket Type3,3613.1971,4.0,2023-08-15
FDS44,14.082,reg,0.026512,Canned,OUT010,1998,,Tier 3,Grocery Store,1697.8143,3.9,2023-03-20
FDQ19,12.139,Low Fat,0.023874,Breads,OUT049,1999,Medium,Tier 1,Supermarket Type1,1172.6573,3.9,2023-10-27
FDP35,17.518,low fat,0.0,Breakfast,OUT049,1999,Medium,Tier 1,Supermarket Type1,2531.706,3.8,2022-01-03
FDK53,13.864,Low Fat ,0.049444,Snack Foods,OUT010,1998,,Tier 3,Grocery Store,1399.943,4.6,2022-06-26
FDG38,8.202,Low Fat,0.015785,Dairy,OUT035,2004,Small,Tier 2,Supermarket Type1,875.0712,4.6,2022-01-11
FDJ19,15.129,Regular,0.0,Snack Foods,OUT045,2002,,Tier 2,Supermarket Type1,1585.8725,3.579,2022-12-08
FDD35,10.149,LF,0.087641,Dairy,OUT019,1985,Small,Tier 1,Grocery Store,365.2366,4.1,2022-12-13
FDG32,5.767,reg,0.181793,Frozen Foods,OUT035,2004,Small,Tier 2,Supermarket Type1,4502.1278,3.9,2022-10-10
FDY45,18.592,LF,0.060168,Meat,OUT018,2009,Medium,Tier 3,Supermarket Type2,5942.88,4.432,2023-08-01
FDA54,6.503,Low Fat,0.015283,Snack Foods,OUT013,1987,High,Tier 3,Supermarket Type1,1816.7288,4.0,2023-05-12
FDB42,5.566,Regular,0.060064,Frozen Foods,OUT035,2004,Small,Tier 2,Supermarket Type1,3935.4723,3.9,2022-03-04
FDW53,12.437,low fat,0.030401,Snack Foods,OUT046,1997,Small,Tier 1,Supermarket Type1,4221.9345,4.3,2022-11-27
NCW53,6.829,low fat,0.045046,Household,OUT018,2009,Medium,Tier 3,Supermarket Type2,1641.4769,4.2,2022-05-21
FDN19,19.992,Regular,0.066148,Snack Foods,OUT046,1997,Small,Tier 1,Supermarket Type1,4414.0675,4.0,2022-09-07
FDJ51,10.605,Regular,0.028431,Meat,OUT035,2004,Small,Tier 2,Supermarket Type1,1346.7333,4.0,2022-05-03
NCV49,14.347,LF,0.06515,Household,OUT018,2009,Medium,Tier 3,Supermarket Type2,3825.8379,4.1,2023-07-16
DRU28,5.758,Low Fat ,0.065572,Soft Drinks,OUT035,2004,Small,Tier 2,Supermarket Type1,683.1234,3.7,2023-04-23
FDR52,5.238,LF,0.073808,Fruits and Vegetables,OUT027,1985,Medium,Tier 3,Supermarket Type3,11364.5836,4.1,2022-03-01
FDF53,18.916, Regular,0.055846,Baking Goods,OUT045,2002,,Tier 2,Supermarket Type1,4493.0597,3.7,2023-03-16
FDY32,20.03,reg,0.02017,Fruits and Vegetables,OUT017,2007,,Tier 2,Supermarket Type1,4360.3355,4.4,2023-08-21
FDJ29,15.594,Regular,0.034443,Dairy,OUT046,1997,Small,Tier 1,Supermarket Type1,547.1256,3.9,2023-02-20
FDG45,, Regular,0.042907,Snack Foods,OUT046,1997,Small,Tier 1,Supermarket Type1,3024.0926,4.0,2022-01-05
FDC26,, Regular,0.039782,Snack Foods,OUT017,2007,,Tier 2,Supermarket Type1,2673.0513,4.5,2023-09-27
FDA30,7.362,Regular,0.039416,Canned,OUT017,2007,,Tier 2,Supermarket Type1,3094.5233,3.9,2022-11-21
FDH31,19.968,reg,0.033764,Snack Foods,OUT017,2007,,Tier 2,Supermarket Type1,2426.8419,3.5,2022-04-24
FDH58,20.358,LF,0.096387,Fruits and Vegetables,OUT035,2004,Small,Tier 2,Supermarket Type1,5127.0684,3.911,2023-03-31
FDU31,,Low Fat ,0.040267,Breakfast,OUT013,1987,High,Tier 3,Supermarket Type1,2333.7989,4.3,2022-03-03
DRJ36,6.649,low fat,0.087031,Soft Drinks,OUT027,1985,Medium,Tier 3,Supermarket Type3,1152.7666,4.2,2022-06-08
NCF24,14.729,low fat,0.016851,Household,OUT046,1997,Small,Tier 1,Supermarket Type1,2445.9994,4.3,2022-04-20
FDC28,18.384,low fat,0.044938,Frozen Foods,OUT049,1999,Medium,Tier 1,Supermarket Type1,4473.5043,3.6,2023-03-12
NCD11,10.151,LF,0.06071,Household,OUT019,1985,Small,Tier 1,Grocery Store,500.8206,3.3,2023-09-04
DRJ26,,low fat,0.208834,Hard Drinks,OUT045,2002,,Tier 2,Supermarket Type1,2489.6637,3.2,2022-10-03
FDJ38,10.352, Regular,0.045283,Breakfast,OUT017,2007,,Tier 2,Supermarket Type1,943.1913,3.7,2022-05-21
DRQ43,6.048,Regular,0.045635,Hard Drinks,OUT046,1997,Small,Tier 1,Supermarket Type1,2376.6917,4.5,2022-06-18
FDR17,12.687,LF,0.063767,Baking Goods,OUT046,1997,Small,Tier 1,Supermarket Type1,2459.0797,3.7,2022-09-26
DRW26,10.189,low fat,0.063252,Soft Drinks,OUT045,2002,,Tier 2,Supermarket Type1,7717.5291,4.0,2023-05-10
FDH27,17.26,LF,0.023362,Snack Foods,OUT045,2002,,Tier 2,Supermarket Type1,3640.2876,3.5,2022-02-05
FDK12,4.771,LF,0.019535,Fruits and Vegetables,OUT035,2004,Small,Tier 2,Supermarket Type1,974.0962,4.4,2023-11-01
DRC25,,Low Fat ,0.1363,Soft Drinks,OUT018,2009,Medium,Tier 3,Supermarket Type2,3763.7408,3.789,2022-02-22
FDS49,5.15, Regular,0.070023,Fruits and Vegetables,OUT017,2007,,Tier 2,Supermarket Type1,3311.3148,3.862,2023-12-20
NCJ50,15.228,Low Fat,0.073297,Health and Hygiene,OUT017,2007,,Tier 2,Supermarket Type1,1780.429,4.1,2023-09-24
FDE35,11.964,LF,0.034407,Snack Foods,OUT046,1997,Small,Tier 1,Supermarket Type1,4282.5045,4.0,2023-11-06
FDB43,9.581, Regular,0.012882,Dairy,OUT045,2002,,Tier 2,Supermarket Type1,2781.9951,4.087,2022-12-02
NCN59,8.165,low fat,0.037754,Household,OUT045,2002,,Tier 2,Supermarket Type1,846.9343,4.2,2022-02-03
FDG20,15.219,LF,0.051739,Snack Foods,OUT046,1997,Small,Tier 1,Supermarket Type1,756.7975,4.1,2022-01-14
FDC40,19.564, Regular,0.079803,Dairy,OUT018,2009,Medium,Tier 3,Supermarket Type2,2919.6567,3.9,2022-12-27
FDS39,17.591,low fat,0.045424,Fruits and Vegetables,OUT035,2004,Small,Tier 2,Supermarket Type1,4941.1256,4.4,2022-09-26
FDD40,12.339,Low Fat ,0.031517,Canned,OUT046,1997,Small,Tier 1,Supermarket Type1,2354.142,3.4,2023-07-01
NCF24,,LF,0.132606,Household,OUT013,1987,High,Tier 3,Supermarket Type1,2346.7949,4.2,2022-03-01
FDP47,5.814, Regular,0.0,Fruits and Vegetables,OUT027,1985,Medium,Tier 3,Supermarket Type3,8639.8074,4.5,2022-08-21
NCE29,,Low Fat ,0.05698,Household,OUT027,1985,Medium,Tier 3,Supermarket Type3,5150.3729,3.8,2022-11-14
FDB17,13.974,low fat,0.073567,Baking Goods,OUT019,1985,Small,Tier 1,Grocery Store,2242.257,3.9,2023-02-03
DRF57,9.904, Regular,0.072376,Soft Drinks,OUT013,1987,High,Tier 3,Supermarket Type1,1075.6998,3.7,2022-04-25
FDG50,11.393,low fat,0.077687,Breakfast,OUT027,1985,Medium,Tier 3,Supermarket Type3,3906.2148,4.2,2023-06-29
FDY39,8.822,reg,0.026673,Frozen Foods,OUT013,1987,High,Tier 3,Supermarket Type1,2754.5308,4.062,2023-12-16
FDW54,13.165,Low Fat ,0.045506,Canned,OUT035,2004,Small,Tier 2,Supermarket Type1,1515.3291,3.7,2023-02-20
FDU14,12.414,low fat,0.04688,Meat,OUT017,2007,,Tier 2,Supermarket Type1,4548.8621,4.5,2022-05-11
FDR48,,low fat,0.012127,Fruits and Vegetables,OUT019,1985,Small,Tier 1,Grocery Store,739.2427,3.788,2022-06-16
FDE37,4.89,Regular,0.054299,Frozen Foods,OUT049,1999,Medium,Tier 1,Supermarket Type1,3808.2486,4.1,2022-11-18
FDR39,20.556,Low Fat ,0.029642,Meat,OUT049,1999,Medium,Tier 1,Supermarket Type1,934.4558,3.9,2023-10-11
FDA33,11.471,low fat,0.0,Frozen Foods,OUT035,2004,Small,Tier 2,Supermarket Type1,3440.0485,4.1,2022-12-10
NCQ26,6.334,Low Fat,0.022949,Household,OUT013,1987,High,Tier 3,Supermarket Type1,3661.7927,4.1,2022-03-06
FDV24,13.227,low fat,0.124763,Breakfast,OUT049,1999,Medium,Tier 1,Supermarket Type1,2558.8297,4.3,2022-10-04
FDP41,10.818,LF,0.1609,Frozen Foods,OUT017,2007,,Tier 2,Supermarket Type1,1781.7735,4.3,2022-08-10
FDC34,19.864, Regular,0.029854,Frozen Foods,OUT027,1985,Medium,Tier 3,Supermarket Type3,1902.6882,4.3,2022-03-01
DRA26,20.237, Regular,0.165503,Soft Drinks,OUT049,1999,Medium,Tier 1,Supermarket Type1,2476.5752,3.5,2023-05-10
FDN40,18.543,Regular,0.123519,Canned,OUT018,2009,Medium,Tier 3,Supermarket Type2,1304.1193,3.8,2023-02-08
FDA28,15.501,LF,0.080379,Dairy,OUT046,1997,Small,Tier 1,Supermarket Type1,2046.9262,4.1,2022-06-06
NCV42,5.663,Low Fat ,0.180935,Health and Hygiene,OUT035,2004,Small,Tier 2,Supermarket Type1,2138.7865,4.228,2023-08-06
FDY42,12.403, Regular,0.094847,Fruits and Vegetables,OUT027,1985,Medium,Tier 3,Supermarket Type3,3485.175,4.301,2022-10-14
NCN36,9.616,LF,0.097211,Household,OUT049,1999,Medium,Tier 1,Supermarket Type1,854.1123,3.8,2023-01-16
FDG26,6.906,Regular,0.179734,Dairy,OUT017,2007,,Tier 2,Supermarket Type1,2261.7425,4.5,2022-02-08
NCW40,15.489,low fat,0.044294,Household,OUT046,1997,Small,Tier 1,Supermarket Type1,882.7976,4.3,2023-01-01
FDM56,15.795, Regular,0.05601,Frozen Foods,OUT013,1987,High,Tier 3,Supermarket Type1,3151.5262,3.8,2023-04-05
FDX37,,Low Fat,0.0,Canned,OUT049,1999,Medium,Tier 1,Supermarket Type1,1981.5436,4.2,2022-04-02
FDC36,11.757,LF,0.009449,Canned,OUT013,1987,High,Tier 3,Supermarket Type1,4549.1896,3.5,2023-10-05
NCA23,7.253,Low Fat ,0.011855,Others,OUT027,1985,Medium,Tier 3,Supermarket Type3,4173.7425,4.327,2023-01-20
FDC28,18.384,Low Fat,0.041056,Frozen Foods,OUT017,2007,,Tier 2,Supermarket Type1,1491.2896,4.0,2022-07-19
NCV32,9.714,Low Fat,0.052158,Household,OUT046,1997,Small,Tier 1,Supermarket Type1,1987.9426,3.9,2023-10-06
NCN40,,low fat,0.023174,Household,OUT046,1997,Small,Tier 1,Supermarket Type1,2187.4319,3.5,2022-04-27
FDM52,,LF,0.03316,Snack Foods,OUT049,1999,Medium,Tier 1,Supermarket Type1,1633.9187,3.8,2022-08-02
DRG20,11.719,reg,0.08651,Soft Drinks,OUT027,1985,Medium,Tier 3,Supermarket Type3,13086.9648,4.2,2023-09-22
FDF45,,low fat,0.0,Snack Foods,OUT046,1997,Small,Tier 1,Supermarket Type1,3773.5938,3.9,2023-09-01
DRV10,8.939,Low Fat ,0.037253,Soft Drinks,OUT027,1985,Medium,Tier 3,Supermarket Type3,1990.1193,4.262,2022-01-08
FDN14,5.884,Low Fat ,0.016218,Snack Foods,OUT013,1987,High,Tier 3,Supermarket Type1,2343.3042,4.2,2023-11-22
FDP55,8.484,Regular,0.023436,Frozen Foods,OUT046,1997,Small,Tier 1,Supermarket Type1,1673.2107,3.876,2022-09-18
NCD54,8.593,Low Fat,0.120401,Household,OUT013,1987,High,Tier 3,Supermarket Type1,1009.6611,3.903,2022-07-03
FDC34,19.864,reg,0.075973,Frozen Foods,OUT046,1997,Small,Tier 1,Supermarket Type1,2164.5701,4.3,2022-10-23
FDW41,19.908,Regular,0.035499,Snack Foods,OUT019,1985,Small,Tier 1,Grocery Store,1197.5877,4.509,2023-07-05
FDG37,11.855,reg,0.076659,Fruits and Vegetables,OUT049,1999,Medium,Tier 1,Supermarket Type1,2181.2957,3.8,2022-11-10
FDG31,13.504,Low Fat,0.048186,Seafood,OUT018,2009,Medium,Tier 3,Supermarket Type2,1650.2099,4.2,2023-10-26
DRX48,6.601,Regular,0.06645,Hard Drinks,OUT017,2007,,Tier 2,Supermarket Type1,2392.4085,3.9,2023-08-13
NCV20,16.094,LF,0.05444,Health and Hygiene,OUT045,2002,,Tier 2,Supermarket Type1,4844.9661,3.3,2022-12-17
FDB22,,reg,0.016821,Fruits and Vegetables,OUT045,2002,,Tier 2,Supermarket Type1,4546.7302,4.0,2022-12-28
FDV31,7.243,reg,0.068779,Breakfast,OUT049,1999,Medium,Tier 1,Supermarket Type1,4336.8073,3.9,2023-04-06
NCG18,10.93,low fat,0.073265,Household,OUT046,1997,Small,Tier 1,Supermarket Type1,634.8034,4.0,2022-01-28
FDJ37,16.603,LF,0.023232,Canned,OUT027,1985,Medium,Tier 3,Supermarket Type3,3526.378,3.6,2022-10-01
FDX56,18.104,low fat,0.032186,Meat,OUT046,1997,Small,Tier 1,Supermarket Type1,3350.815,4.5,2022-07-01
FDV39,,LF,0.013905,Dairy,OUT046,1997,Small,Tier 1,Supermarket Type1,1813.5969,4.2,2022-10-23
DRK43,19.927,Low Fat ,0.047384,Soft Drinks,OUT049,1999,Medium,Tier 1,Supermarket Type1,3960.3102,4.1,2022-06-03
FDD41,11.807,low fat,0.09117,Snack Foods,OUT046,1997,Small,Tier 1,Supermarket Type1,4791.3293,4.1,2023-05-27
FDG36,8.704,Low Fat ,0.025092,Dairy,OUT046,1997,Small,Tier 1,Supermarket Type1,3101.5603,4.9,2023-02-17
FDH29,,Regular,0.035213,Baking Goods,OUT045,2002,,Tier 2,Supermarket Type1,3114.5599,3.6,2023-12-19
DRY16,4.63,low fat,0.180369,Hard Drinks,OUT046,1997,Small,Tier 1,Supermarket Type1,2819.3299,3.8,2023-10-06
NCX39,9.744,LF,0.110171,Health and Hygiene,OUT018,2009,Medium,Tier 3,Supermarket Type2,903.2068,3.9,2022-11-29
NCV52,8.062,low fat,0.015085,Household,OUT027,1985,Medium,Tier 3,Supermarket Type3,1467.1077,3.7,2022-03-01
FDM38,13.464,Regular,0.028419,Starchy Foods,OUT019,1985,Small,Tier 1,Grocery Store,2461.6459,3.6,2023-12-08
FDG24,,reg,0.025657,Frozen Foods,OUT049,1999,Medium,Tier 1,Supermarket Type1,13086.9648,4.7,2022-08-02
FDW30,5.672,reg,0.059143,Baking Goods,OUT049,1999,Medium,Tier 1,Supermarket Type1,2038.7905,3.6,2022-03-23
FDR27,5.639,Regular,0.095214,Breads,OUT049,1999,Medium,Tier 1,Supermarket Type1,1845.4584,4.0,2023-10-22
FDR22,13.403,LF,0.023317,Canned,OUT017,2007,,Tier 2,Supermarket Type1,1092.3872,3.595,2023-07-03
FDW47,6.385,reg,0.078545,Breads,OUT046,1997,Small,Tier 1,Supermarket Type1,2731.6345,3.7,2023-04-15
FDN34,, Regular,0.030737,Canned,OUT027,1985,Medium,Tier 3,Supermarket Type3,5094.1288,4.6,2023-12-05
FDD59,8.724,reg,0.033857,Dairy,OUT049,1999,Medium,Tier 1,Supermarket Type1,1895.5805,4.1,2022-06-20
NCK37,21.282,Low Fat,0.19218,Household,OUT018,2009,Medium,Tier 3,Supermarket Type2,4885.0483,4.2,2023-11-04
FDN55,19.232,low fat,0.022465,Breakfast,OUT017,2007,,Tier 2,Supermarket Type1,629.1726,4.5,2022-10-12
NCK58,6.983,Low Fat,0.033887,Health and Hygiene,OUT045,2002,,Tier 2,Supermarket Type1,1953.7368,3.7,2022-05-16
FDQ26,16.66,Low Fat ,0.023308,Fruits and Vegetables,OUT045,2002,,Tier 2,Supermarket Type1,4058.9357,3.5,2023-08-28
FDB35,6.68,low fat,0.131088,Frozen Foods,OUT010,1998,,Tier 3,Grocery Store,1031.1498,3.6,2023-03-04
FDJ19,15.129,Regular,0.025766,Snack Foods,OUT019,1985,Small,Tier 1,Grocery Store,402.032,4.5,2023-02-21
FDU34,9.3,low fat,0.020727,Dairy,OUT013,1987,High,Tier 3,Supermarket Type1,2974.3955,3.2,2023-10-07
FDQ18,18.453,Low Fat ,0.019983,Frozen Foods,OUT027,1985,Medium,Tier 3,Supermarket Type3,3413.8888,4.2,2022-07-17
FDB53,20.48, Regular,0.101529,Fruits and Vegetables,OUT013,1987,High,Tier 3,Supermarket Type1,3083.4826,4.2,2023-01-22
FDU51,,LF,0.092503,Breakfast,OUT017,2007,,Tier 2,Supermarket Type1,6289.1877,4.1,2023-11-09
FDK29,12.272,Regular,0.045734,Baking Goods,OUT018,2009,Medium,Tier 3,Supermarket Type2,2510.1439,3.7,2022-05-28
DRD42,19.259,Low Fat,0.061759,Hard Drinks,OUT035,2004,Small,Tier 2,Supermarket Type1,2442.3242,3.7,2022-12-16
FDD33,14.338,LF,0.06114,Frozen Foods,OUT027,1985,Medium,Tier 3,Supermarket Type3,5617.4176,3.7,2022-05-10
FDB27,7.882,reg,0.022701,Dairy,OUT049,1999,Medium,Tier 1,Supermarket Type1,1891.8197,4.4,2022-03-30
FDB18,13.882,Regular,0.053216,Canned,OUT013,1987,High,Tier 3,Supermarket Type1,2326.0532,3.5,2023-08-17
FDV59,5.292,LF,0.113593,Fruits and Vegetables,OUT045,2002,,Tier 2,Supermarket Type1,2068.555,3.7,2023-01-28
FDG42,,LF,0.132682,Canned,OUT045,2002,,Tier 2,Supermarket Type1,3938.332,4.1,2022-09-05
FDX38,9.596,Regular,0.023158,Baking Goods,OUT017,2007,,Tier 2,Supermarket Type1,3188.4842,3.4,2023-10-13
FDY36,19.21,low fat,0.092385,Baking Goods,OUT018,2009,Medium,Tier 3,Supermarket Type2,4560.6166,3.8,2023-04-24
FDR55,5.31, Regular,0.047153,Fruits and Vegetables,OUT013,1987,High,Tier 3,Supermarket Type1,2039.5862,3.8,2023-05-02
FDV16,13.45,Low Fat,0.029816,Meat,OUT018,2009,Medium,Tier 3,Supermarket Type2,5469.5306,4.3,2022-10-02
FDF12,19.954,low fat,0.118015,Baking Goods,OUT018,2009,Medium,Tier 3,Supermarket Type2,2340.6759,3.632,2022-11-13
FDR34,5.333,Low Fat,0.068157,Seafood,OUT035,2004,Small,Tier 2,Supermarket Type1,2748.7115,3.7,2023-07-26
NCH44,11.097,low fat,0.011678,Others,OUT045,2002,,Tier 2,Supermarket Type1,1926.9431,3.9,2023-01-02
FDC40,19.564,Regular,0.053887,Dairy,OUT046,1997,Small,Tier 1,Supermarket Type1,2691.4165,4.5,2023-12-08
FDG52,20.43,Low Fat ,0.084189,Fruits and Vegetables,OUT027,1985,Medium,Tier 3,Supermarket Type3,6867.5152,4.5,2022-05-23
FDQ40,19.202,LF,0.027124,Frozen Foods,OUT019,1985,Small,Tier 1,Grocery Store,1161.7365,4.3,2023-07-03
NCH22,17.877,LF,0.02845,Household,OUT045,2002,,Tier 2,Supermarket Type1,1576.4829,3.9,2022-08-02
FDJ49,19.666,LF,0.015155,Breads,OUT027,1985,Medium,Tier 3,Supermarket Type3,4682.0855,4.3,2022-09-27
DRH24,12.593,Low Fat,0.012008,Soft Drinks,OUT049,1999,Medium,Tier 1,Supermarket Type1,1004.8124,3.92,2023-03-10
NCU28,14.043,LF,0.035627,Household,OUT018,2009,Medium,Tier 3,Supermarket Type2,1353.3493,4.5,2022-08-07
FDY38,11.241,low fat,0.06546,Breads,OUT018,2009,Medium,Tier 3,Supermarket Type2,3018.9545,4.0,2023-11-10
FDU49,11.093,LF,0.030409,Baking Goods,OUT027,1985,Medium,Tier 3,Supermarket Type3,2517.7201,4.2,2023-07-22
FDP17,16.082,reg,0.068788,Canned,OUT027,1985,Medium,Tier 3,Supermarket Type3,5829.0625,4.3,2023-04-21
FDX29,16.428, Regular,0.041897,Fruits and Vegetables,OUT045,2002,,Tier 2,Supermarket Type1,1597.0867,3.4,2023-06-13
FDS12,4.79,reg,0.020936,Breads,OUT046,1997,Small,Tier 1,Supermarket Type1,8327.7543,3.5,2023-01-21
FDK57,8.216, Regular,0.03397,Snack Foods,OUT013,1987,High,Tier 3,Supermarket Type1,7210.7478,4.0,2022-04-13
FDY17,9.351,Low Fat ,0.107159,Dairy,OUT013,1987,High,Tier 3,Supermarket Type1,3054.0636,4.0,2023-01-22
FDB54,,Regular,0.044815,Meat,OUT049,1999,Medium,Tier 1,Supermarket Type1,3834.9986,4.4,2023-02-25
FDJ17,,low fat,0.04104,Dairy,OUT045,2002,,Tier 2,Supermarket Type1,3865.0524,3.8,2023-05-20
DRK47,10.808, Regular,0.040393,Soft Drinks,OUT027,1985,Medium,Tier 3,Supermarket Type3,3567.5638,4.081,2022-01-20
FDQ40,19.202,Low Fat ,0.020068,Frozen Foods,OUT046,1997,Small,Tier 1,Supermarket Type1,3169.7841,4.2,2023-10-03
FDG14,12.069,Low Fat ,0.018219,Breakfast,OUT045,2002,,Tier 2,Supermarket Type1,883.7577,4.2,2022-03-24
DRU30,17.591,low fat,0.032333,Soft Drinks,OUT017,2007,,Tier 2,Supermarket Type1,2377.8693,3.7,2022-12-15
NCF19,11.754,Low Fat ,0.043794,Others,OUT049,1999,Medium,Tier 1,Supermarket Type1,1543.2782,3.9,2023-05-26
FDX16,,Low Fat,0.040551,Canned,OUT035,2004,Small,Tier 2,Supermarket Type1,2807.154,4.363,2023-07-05
FDC25,10.338,Low Fat,0.061915,Fruits and Vegetables,OUT046,1997,Small,Tier 1,Supermarket Type1,665.5187,4.1,2022-06-16
FDA15,18.04, Regular,0.049087,Starchy Foods,OUT018,2009,Medium,Tier 3,Supermarket Type2,900.7729,3.2,2022-01-11
FDC18,7.393, Regular,0.064988,Snack Foods,OUT049,1999,Medium,Tier 1,Supermarket Type1,1011.3727,4.1,2022-04-12
FDC31,10.353,reg,0.0,Snack Foods,OUT049,1999,Medium,Tier 1,Supermarket Type1,2898.5631,4.0,2022-12-04
FDY46,13.346,Regular,0.049701,Fruits and Vegetables,OUT027,1985,Medium,Tier 3,Supermarket Type3,10179.3105,4.2,2022-06-27
FDR36,13.532,Low Fat,0.018845,Baking Goods,OUT018,2009,Medium,Tier 3,Supermarket Type2,2060.2578,3.8,2022-03-08
NCC24,20.015,Low Fat ,0.110675,Others,OUT013,1987,High,Tier 3,Supermarket Type1,2563.0149,3.4,2022-06-06
FDE47,14.375,Low Fat ,0.028205,Canned,OUT035,2004,Small,Tier 2,Supermarket Type1,2980.4059,3.8,2022-02-19
FDK48,17.501,reg,0.130514,Baking Goods,OUT017,2007,,Tier 2,Supermarket Type1,3656.3882,4.0,2022-05-16
DRE50,14.937,LF,0.0,Soft Drinks,OUT049,1999,Medium,Tier 1,Supermarket Type1,2166.902,3.7,2022-02-26
FDK19,13.328, Regular,0.118811,Snack Foods,OUT018,2009,Medium,Tier 3,Supermarket Type2,3863.8676,4.5,2023-04-14
FDQ55,19.855,Low Fat,0.116545,Baking Goods,OUT046,1997,Small,Tier 1,Supermarket Type1,3978.7156,4.1,2023-11-04
FDF56,10.541, Regular,0.045861,Snack Foods,OUT010,1998,,Tier 3,Grocery Store,2743.5502,4.103,2023-07-29
FDY53,,low fat,0.044594,Frozen Foods,OUT027,1985,Medium,Tier 3,Supermarket Type3,13086.9648,4.306,2023-08-05
FDP26,7.446,Low Fat,0.110699,Snack Foods,OUT045,2002,,Tier 2,Supermarket Type1,2762.3185,4.0,2023-08-01
FDH47,11.626,Low Fat,0.063977,Snack Foods,OUT027,1985,Medium,Tier 3,Supermarket Type3,4551.1497,3.927,2022-09-04
FDK46,18.393,Low Fat,0.028908,Dairy,OUT046,1997,Small,Tier 1,Supermarket Type1,1479.093,3.8,2022-04-02
FDQ49,14.592,Low Fat ,0.02216,Meat,OUT013,1987,High,Tier 3,Supermarket Type1,3106.2065,4.5,2022-08-11
FDH37,20.791,Regular,0.104064,Fruits and Vegetables,OUT017,2007,,Tier 2,Supermarket Type1,2180.5139,4.1,2023-02-09
FDG51,14.009,Low Fat ,0.049046,Dairy,OUT010,1998,,Tier 3,Grocery Store,1190.9127,4.4,2022-12-11
DRC26,13.648,Regular,0.041892,Soft Drinks,OUT018,2009,Medium,Tier 3,Supermarket Type2,7446.5184,4.6,2023-10-17
FDQ55,19.855,low fat,0.015534,Baking Goods,OUT018,2009,Medium,Tier 3,Supermarket Type2,2944.385,4.6,2023-01-26
NCA24,16.225,LF,0.054287,Others,OUT013,1987,High,Tier 3,Supermarket Type1,662.8877,3.8,2022-01-13
FDY21,,Low Fat ,0.025566,Meat,OUT049,1999,Medium,Tier 1,Supermarket Type1,3199.7692,4.165,2023-08-12
FDY15,15.803,Regular,0.053996,Breads,OUT035,2004,Small,Tier 2,Supermarket Type1,714.5892,4.0,2023-12-21
NCM35,7.075,low fat,0.039813,Household,OUT046,1997,Small,Tier 1,Supermarket Type1,1397.7773,4.1,2022-05-12
FDW58,15.151,Low Fat,0.045418,Baking Goods,OUT027,1985,Medium,Tier 3,Supermarket Type3,4625.1622,4.2,2022-12-10
FDC31,10.353, Regular,0.10701,Snack Foods,OUT046,1997,Small,Tier 1,Supermarket Type1,2686.9034,3.67,2023-05-12
DRC25,21.121,LF,0.031929,Soft Drinks,OUT019,1985,Small,Tier 1,Grocery Store,969.8175,3.5,2022-01-16
NCW35,,Low Fat ,0.040757,Household,OUT035,2004,Small,Tier 2,Supermarket Type1,2313.5525,4.07,2023-08-17
FDF39,10.917,LF,0.097611,Canned,OUT046,1997,Small,Tier 1,Supermarket Type1,1196.1869,3.8,2022-08-04
FDF40,15.809, Regular,0.040045,Dairy,OUT018,2009,Medium,Tier 3,Supermarket Type2,837.3573,4.1,2022-08-08
FDQ24,11.524,LF,0.258766,Baking Goods,OUT010,1998,,Tier 3,Grocery Store,959.2642,4.3,2022-06-11
FDP28,12.295,Regular,0.029824,Baking Goods,OUT045,2002,,Tier 2,Supermarket Type1,2918.6539,3.8,2022-11-11
NCA57,18.623,low fat,0.054985,Household,OUT018,2009,Medium,Tier 3,Supermarket Type2,1905.625,3.804,2022-10-31
FDN12,19.577,reg,0.055887,Starchy Foods,OUT027,1985,Medium,Tier 3,Supermarket Type3,5163.972,3.8,2022-01-20
FDS46,16.481,Regular,0.032531,Snack Foods,OUT049,1999,Medium,Tier 1,Supermarket Type1,3391.3859,4.1,2023-03-24
FDD45,18.262, Regular,0.030968,Fruits and Vegetables,OUT027,1985,Medium,Tier 3,Supermarket Type3,13086.9648,3.7,2022-02-11
FDS39,17.591,Low Fat ,0.046065,Fruits and Vegetables,OUT010,1998,,Tier 3,Grocery Store,1594.712,3.907,2022-04-10
FDR45,,LF,0.047377,Snack Foods,OUT035,2004,Small,Tier 2,Supermarket Type1,4014.2316,4.1,2023-10-13
NCJ14,17.612,Low Fat,0.03031,Others,OUT046,1997,Small,Tier 1,Supermarket Type1,3602.8504,3.9,2023-11-03
FDN44,20.859,LF,0.06154,Fruits and Vegetables,OUT045,2002,,Tier 2,Supermarket Type1,3315.6595,3.663,2022-12-04
NCB51,7.71,Low Fat ,0.022886,Household,OUT027,1985,Medium,Tier 3,Supermarket Type3,8527.1376,4.0,2022-11-04
FDP14,11.67, Regular,0.034145,Snack Foods,OUT019,1985,Small,Tier 1,Grocery Store,831.3498,4.7,2023-09-04
NCR53,15.723,Low Fat,0.016994,Health and Hygiene,OUT017,2007,,Tier 2,Supermarket Type1,1535.085,4.178,2023-09-14
FDV51,19.36,Regular,0.0,Fruits and Vegetables,OUT035,2004,Small,Tier 2,Supermarket Type1,4495.3342,4.411,2023-07-01
FDF20,,reg,0.008656,Breads,OUT018,2009,Medium,Tier 3,Supermarket Type2,4664.874,3.367,2022-07-23
FDF54,,low fat,0.035845,Snack Foods,OUT018,2009,Medium,Tier 3,Supermarket Type2,3994.819,4.3,2022-09-25
FDG57,,Low Fat,0.013125,Snack Foods,OUT017,2007,,Tier 2,Supermarket Type1,2105.1434,4.0,2022-10-21
FDQ44,7.873,low fat,0.077702,Dairy,OUT045,2002,,Tier 2,Supermarket Type1,1289.7973,3.8,2022-12-16
FDA27,8.785,Low Fat,0.086333,Meat,OUT045,2002,,Tier 2,Supermarket Type1,1792.696,3.9,2022-12-29
FDQ22,20.353,Low Fat,0.017241,Dairy,OUT018,2009,Medium,Tier 3,Supermarket Type2,2370.9715,3.7,2023-12-17
FDG26,6.906, Regular,0.035507,Dairy,OUT019,1985,Small,Tier 1,Grocery Store,1165.7033,4.5,2023-01-22
DRH42,,Low Fat ,0.048664,Hard Drinks,OUT013,1987,High,Tier 3,Supermarket Type1,3204.9741,3.526,2023-10-07
NCC46,13.016,Low Fat,0.036465,Household,OUT010,1998,,Tier 3,Grocery Store,1033.2954,4.3,2023-07-13
NCD53,7.873,low fat,0.03878,Health and Hygiene,OUT019,1985,Small,Tier 1,Grocery Store,1018.8934,3.8,2022-04-12
FDR37,17.086,Low Fat ,0.031569,Canned,OUT013,1987,High,Tier 3,Supermarket Type1,2497.0474,4.4,2023-04-10
FDW46,,reg,0.045675,Breads,OUT046,1997,Small,Tier 1,Supermarket Type1,1134.0801,4.302,2023-08-29
FDE23,15.058,low fat,0.0,Dairy,OUT018,2009,Medium,Tier 3,Supermarket Type2,2212.108,4.2,2023-09-09
FDQ47,19.566, Regular,0.082001,Meat,OUT019,1985,Small,Tier 1,Grocery Store,976.1272,4.3,2022-04-17
FDC26,,reg,0.036005,Snack Foods,OUT013,1987,High,Tier 3,Supermarket Type1,1548.7294,4.378,2022-08-05
FDU36,20.347,Low Fat,0.0,Canned,OUT013,1987,High,Tier 3,Supermarket Type1,11202.245,4.091,2022-05-17
FDA18,18.989,Regular,0.067116,Seafood,OUT019,1985,Small,Tier 1,Grocery Store,1210.1329,4.4,2023-05-14
DRA37,,Low Fat,0.047085,Hard Drinks,OUT045,2002,,Tier 2,Supermarket Type1,1394.5165,3.1,2023-06-24
NCW40,,Low Fat,0.014242,Household,OUT045,2002,,Tier 2,Supermarket Type1,2614.318,4.3,2023-05-26
FDK13,17.681,Low Fat ,0.085147,Fruits and Vegetables,OUT018,2009,Medium,Tier 3,Supermarket Type2,2903.19,4.7,2022-08-19
FDN47,8.632,low fat,0.022874,Fruits and Vegetables,OUT017,2007,,Tier 2,Supermarket Type1,1717.2747,4.3,2023-01-05
FDG13,7.757,Low Fat ,0.051913,Baking Goods,OUT019,1985,Small,Tier 1,Grocery Store,742.5473,3.9,2022-08-23
DRC19,6.277,low fat,0.048389,Soft Drinks,OUT049,1999,Medium,Tier 1,Supermarket Type1,2384.8334,3.9,2023-03-14
FDV15,6.154,LF,0.040801,Snack Foods,OUT018,2009,Medium,Tier 3,Supermarket Type2,2027.3055,3.9,2022-06-18
FDM51,,Regular,0.041129,Baking Goods,OUT049,1999,Medium,Tier 1,Supermarket Type1,3534.0196,3.4,2022-04-10
FDH17,18.178,Low Fat ,0.067083,Canned,OUT027,1985,Medium,Tier 3,Supermarket Type3,7110.0907,3.8,2023-08-04
FDS31,18.017,Low Fat,0.021888,Starchy Foods,OUT046,1997,Small,Tier 1,Supermarket Type1,720.4996,3.7,2022-04-06
FDH30,12.546,LF,0.020398,Frozen Foods,OUT027,1985,Medium,Tier 3,Supermarket Type3,6670.6538,4.0,2023-02-03
NCY31,19.658,low fat,0.060615,Health and Hygiene,OUT027,1985,Medium,Tier 3,Supermarket Type3,4995.982,4.6,2022-09-17
FDX28,7.177,reg,0.062999,Fruits and Vegetables,OUT017,2007,,Tier 2,Supermarket Type1,9333.4189,4.0,2022-01-02
FDP11,13.849,Regular,0.050867,Baking Goods,OUT049,1999,Medium,Tier 1,Supermarket Type1,2850.9025,4.1,2022-11-11
NCJ23,,low fat,0.064883,Health and Hygiene,OUT027,1985,Medium,Tier 3,Supermarket Type3,1537.1572,4.0,2023-07-31
FDP47,5.814, Regular,0.04101,Fruits and Vegetables,OUT046,1997,Small,Tier 1,Supermarket Type1,2393.8371,3.7,2023-01-05
NCQ16,12.209,Low Fat,0.063108,Household,OUT017,2007,,Tier 2,Supermarket Type1,3437.766,4.2,2023-04-17
FDF27,,Low Fat ,0.039662,Canned,OUT017,2007,,Tier 2,Supermarket Type1,663.2853,4.5,2022-07-24
FDR11,4.864,Low Fat,0.093311,Dairy,OUT027,1985,Medium,Tier 3,Supermarket Type3,8208.9851,4.1,2023-12-07
FDC25,10.338,LF,0.037174,Fruits and Vegetables,OUT019,1985,Small,Tier 1,Grocery Store,819.152,4.0,2023-09-25
FDE10,9.23,Regular,0.229727,Snack Foods,OUT046,1997,Small,Tier 1,Supermarket Type1,2187.7143,4.4,2023-05-15
DRK22,19.888,low fat,0.128524,Hard Drinks,OUT018,2009,Medium,Tier 3,Supermarket Type2,6112.3991,3.2,2023-04-23
FDM55,7.425,Regular,0.10706,Snack Foods,OUT045,2002,,Tier 2,Supermarket Type1,1127.352,4.6,2023-02-27
FDC12,5.301,Low Fat,0.0,Dairy,OUT013,1987,High,Tier 3,Supermarket Type1,3618.0261,3.7,2022-07-01
DRB48,,Low Fat,0.066819,Soft Drinks,OUT010,1998,,Tier 3,Grocery Store,1136.8201,3.7,2022-07-15
FDU40,8.23,low fat,0.071962,Seafood,OUT045,2002,,Tier 2,Supermarket Type1,6466.797,4.0,2022-10-13
NCN36,9.616,Low Fat,0.08125,Household,OUT045,2002,,Tier 2,Supermarket Type1,2986.1873,3.831,2023-05-10
FDA48,,low fat,0.031347,Snack Foods,OUT045,2002,,Tier 2,Supermarket Type1,3686.0083,3.8,2022-04-10
FDX17,,reg,0.150592,Dairy,OUT013,1987,High,Tier 3,Supermarket Type1,5725.2498,3.4,2023-10-13
FDC35,16.165,Low Fat ,0.064863,Snack Foods,OUT013,1987,High,Tier 3,Supermarket Type1,2601.4563,3.6,2023-10-02
FDM30,8.742,Low Fat,0.063658,Meat,OUT013,1987,High,Tier 3,Supermarket Type1,1067.3111,4.7,2022-12-21
FDM57,7.542,LF,0.008554,Baking Goods,OUT018,2009,Medium,Tier 3,Supermarket Type2,2693.5857,4.3,2023-06-26
FDR35,19.752,reg,0.0,Fruits and Vegetables,OUT013,1987,High,Tier 3,Supermarket Type1,966.1337,3.523,2022-05-26
FDC52,,LF,0.031486,Baking Goods,OUT049,1999,Medium,Tier 1,Supermarket Type1,2659.971,3.908,2022-03-23
FDV13,15.281,low fat,0.023003,Fruits and Vegetables,OUT049,1999,Medium,Tier 1,Supermarket Type1,1557.5643,4.0,2023-10-01
FDQ46,,LF,0.0,Baking Goods,OUT049,1999,Medium,Tier 1,Supermarket Type1,2475.8932,3.7,2022-04-08
DRC23,5.584,Regular,0.021249,Soft Drinks,OUT027,1985,Medium,Tier 3,Supermarket Type3,6613.7147,3.5,2023-11-14
FDX10,14.039, Regular,0.039093,Meat,OUT017,2007,,Tier 2,Supermarket Type1,1806.0106,3.9,2022-12-03
NCU32,13.257,low fat,0.098758,Health and Hygiene,OUT013,1987,High,Tier 3,Supermarket Type1,2362.0459,4.3,2022-11-28
FDC13,13.006,LF,0.036608,Seafood,OUT045,2002,,Tier 2,Supermarket Type1,1722.9003,4.632,2022-05-19
FDM46,18.768,Low Fat ,0.075456,Snack Foods,OUT013,1987,High,Tier 3,Supermarket Type1,1673.975,3.7,2022-03-08
FDC29,17.674,LF,0.108446,Canned,OUT017,2007,,Tier 2,Supermarket Type1,2619.7308,4.0,2023-04-02
FDA24,13.219,LF,0.063866,Fruits and Vegetables,OUT019,1985,Small,Tier 1,Grocery Store,642.6415,4.6,2022-08-08
FDQ12,,LF,0.060822,Canned,OUT046,1997,Small,Tier 1,Supermarket Type1,978.8065,3.5,2022-08-30
FDA19,,reg,0.066525,Frozen Foods,OUT018,2009,Medium,Tier 3,Supermarket Type2,3029.724,2.9,2022-08-10
FDG29,11.46,Low Fat,0.073729,Snack Foods,OUT045,2002,,Tier 2,Supermarket Type1,2069.4887,3.6,2023-07-17
FDW54,13.165,LF,0.110916,Canned,OUT017,2007,,Tier 2,Supermarket Type1,2309.343,3.6,2022-06-18
NCP41,,Low Fat,0.020315,Household,OUT046,1997,Small,Tier 1,Supermarket Type1,2053.6228,4.119,2022-01-20
DRA31,14.547, Regular,0.233366,Hard Drinks,OUT018,2009,Medium,Tier 3,Supermarket Type2,2282.4492,3.5,2023-02-20
FDK57,8.216, Regular,0.071724,Snack Foods,OUT046,1997,Small,Tier 1,Supermarket Type1,950.35,3.2,2022-01-22
FDW32,5.723, Regular,0.026931,Meat,OUT013,1987,High,Tier 3,Supermarket Type1,4951.7939,4.1,2023-12-16
FDC53,, Regular,0.017248,Meat,OUT013,1987,High,Tier 3,Supermarket Type1,1875.7289,3.8,2023-02-03
DRM48,5.751,Low Fat,0.026922,Soft Drinks,OUT045,2002,,Tier 2,Supermarket Type1,811.6136,4.4,2023-06-03
DRY51,,Regular,0.021688,Soft Drinks,OUT017,2007,,Tier 2,Supermarket Type1,3598.7682,4.6,2022-03-11
FDW37,6.799,Low Fat,0.04598,Fruits and Vegetables,OUT049,1999,Medium,Tier 1,Supermarket Type1,3687.433,4.0,2023-12-26
FDH16,13.075,Low Fat,0.052021,Fruits and Vegetables,OUT035,2004,Small,Tier 2,Supermarket Type1,1670.8133,4.1,2023-09-15
FDW28,,low fat,0.048252,Dairy,OUT049,1999,Medium,Tier 1,Supermarket Type1,12054.411,4.3,2023-06-29
FDR32,7.453,Low Fat ,0.0,Baking Goods,OUT045,2002,,Tier 2,Supermarket Type1,3137.6906,3.7,2023-02-13
FDN50,10.536,low fat,0.059508,Starchy Foods,OUT035,2004,Small,Tier 2,Supermarket Type1,2083.0419,3.822,2023-10-14
FDU34,9.3,low fat,0.256681,Dairy,OUT045,2002,,Tier 2,Supermarket Type1,4532.9343,4.6,2022-10-10
FDB13,18.295,LF,0.103371,Breads,OUT013,1987,High,Tier 3,Supermarket Type1,2000.7434,3.8,2023-07-25
NCA26,14.675,Low Fat ,0.0,Health and Hygiene,OUT035,2004,Small,Tier 2,Supermarket Type1,2910.2748,4.1,2023-09-26
FDC21,13.576,Low Fat ,0.00887,Frozen Foods,OUT018,2009,Medium,Tier 3,Supermarket Type2,2933.2534,3.9,2022-10-12
FDS42,,Low Fat,0.0,Baking Goods,OUT027,1985,Medium,Tier 3,Supermarket Type3,3347.1097,4.0,2022-06-13
NCX24,16.005,low fat,0.038344,Household,OUT027,1985,Medium,Tier 3,Supermarket Type3,4475.6994,4.0,2023-04-26
FDH54,,Low Fat ,0.032776,Frozen Foods,OUT010,1998,,Tier 3,Grocery Store,691.7983,4.275,2022-11-22
FDS41,7.539,Regular,0.030522,Meat,OUT027,1985,Medium,Tier 3,Supermarket Type3,6610.1858,4.6,2023-12-16
FDR32,7.453,Low Fat ,0.023589,Baking Goods,OUT049,1999,Medium,Tier 1,Supermarket Type1,5083.0918,3.7,2023-03-30
NCU35,20.96,Low Fat,0.038943,Household,OUT018,2009,Medium,Tier 3,Supermarket Type2,1269.042,4.6,2022-03-29
FDP18,19.939,reg,0.083484,Fruits and Vegetables,OUT013,1987,High,Tier 3,Supermarket Type1,3687.8579,4.1,2023-07-08
FDS26,9.766,low fat,0.094805,Snack Foods,OUT046,1997,Small,Tier 1,Supermarket Type1,2860.5669,4.5,2022-06-26
FDP53,5.453,Regular,0.017179,Snack Foods,OUT049,1999,Medium,Tier 1,Supermarket Type1,1915.7792,4.3,2023-11-10
FDC17,,Low Fat,0.050096,Starchy Foods,OUT019,1985,Small,Tier 1,Grocery Store,346.3424,4.7,2022-04-09
FDC52,21.079,Low Fat ,0.026113,Baking Goods,OUT035,2004,Small,Tier 2,Supermarket Type1,1834.7503,2.7,2023-11-26
FDG15,,low fat,0.033994,Canned,OUT017,2007,,Tier 2,Supermarket Type1,2093.4164,3.8,2023-12-03
FDY22,17.995,low fat,0.088585,Frozen Foods,OUT019,1985,Small,Tier 1,Grocery Store,488.8369,3.5,2022-03-03
FDP41,,Low Fat ,0.046235,Frozen Foods,OUT013,1987,High,Tier 3,Supermarket Type1,7244.3903,3.8,2023-11-16
FDN33,8.738,Regular,0.048553,Baking Goods,OUT035,2004,Small,Tier 2,Supermarket Type1,825.7582,3.6,2022-07-20
DRE54,5.134,Low Fat,0.0,Hard Drinks,OUT035,2004,Small,Tier 2,Supermarket Type1,2986.0644,4.0,2023-08-30
DRW13,11.732,Regular,0.048532,Soft Drinks,OUT046,1997,Small,Tier 1,Supermarket Type1,1164.1832,4.2,2022-05-14
FDC48,16.501,Regular,0.07393,Snack Foods,OUT013,1987,High,Tier 3,Supermarket Type1,2013.0191,4.5,2023-09-17
FDY17,9.351,Low Fat ,0.055245,Dairy,OUT045,2002,,Tier 2,Supermarket Type1,1332.4117,3.989,2022-12-06
DRJ59,16.267, Regular,0.061457,Soft Drinks,OUT035,2004,Small,Tier 2,Supermarket Type1,1727.503,4.2,2023-07-05
FDB12,21.066,Low Fat,0.067215,Starchy Foods,OUT027,1985,Medium,Tier 3,Supermarket Type3,3593.3209,3.9,2022-07-27
FDE12,,Low Fat ,0.025228,Frozen Foods,OUT049,1999,Medium,Tier 1,Supermarket Type1,1998.1217,3.5,2022-12-02
FDF23,15.076,Low Fat,0.023769,Breakfast,OUT027,1985,Medium,Tier 3,Supermarket Type3,3850.7853,3.693,2022-09-27
FDG48,19.546,Low Fat,0.063164,Fruits and Vegetables,OUT013,1987,High,Tier 3,Supermarket Type1,2311.3979,4.1,2023-10-23
NCG21,12.139,LF,0.07735,Others,OUT017,2007,,Tier 2,Supermarket Type1,1769.9165,3.5,2023-07-20
NCQ10,8.997,Low Fat ,0.034574,Others,OUT035,2004,Small,Tier 2,Supermarket Type1,2541.1788,3.8,2022-04-11
FDW28,18.162,low fat,0.047031,Dairy,OUT018,2009,Medium,Tier 3,Supermarket Type2,11427.0795,4.0,2022-09-21
FDW34,17.927,Low Fat ,0.051326,Baking Goods,OUT010,1998,,Tier 3,Grocery Store,643.3742,4.096,2022-10-20
FDG30,8.154,low fat,0.029646,Dairy,OUT035,2004,Small,Tier 2,Supermarket Type1,1819.8625,4.2,2023-06-04
FDX38,9.596, Regular,0.104659,Baking Goods,OUT046,1997,Small,Tier 1,Supermarket Type1,5137.0558,3.5,2023-09-04
FDH59,16.114,LF,0.042498,Snack Foods,OUT045,2002,,Tier 2,Supermarket Type1,1296.4551,4.0,2022-06-09
FDQ57,17.702,reg,0.013658,Fruits and Vegetables,OUT010,1998,,Tier 3,Grocery Store,942.2016,3.976,2023-10-01
FDA33,11.471,Low Fat,0.129363,Frozen Foods,OUT017,2007,,Tier 2,Supermarket Type1,3012.3318,3.7,2022-12-04
NCR39,11.124,Low Fat ,0.063869,Household,OUT049,1999,Medium,Tier 1,Supermarket Type1,2082.2722,4.1,2022-10-20
FDS11,16.931,low fat,0.069697,Fruits and Vegetables,OUT027,1985,Medium,Tier 3,Supermarket Type3,13086.9648,4.7,2023-09-01
FDE46,6.907,LF,0.049329,Canned,OUT046,1997,Small,Tier 1,Supermarket Type1,1490.2052,3.9,2022-12-31
NCR21,,Low Fat ,0.077134,Household,OUT035,2004,Small,Tier 2,Supermarket Type1,3747.998,4.3,2023-12-23
FDW48,10.875,low fat,0.040599,Baking Goods,OUT018,2009,Medium,Tier 3,Supermarket Type2,5871.8328,4.5,2022-09-28
FDH18,,low fat,0.032641,Dairy,OUT013,1987,High,Tier 3,Supermarket Type1,2900.3827,3.911,2023-09-28
FDJ37,16.603,low fat,0.063387,Canned,OUT013,1987,High,Tier 3,Supermarket Type1,3886.8456,3.9,2023-11-02
FDD56,,reg,0.328,Frozen Foods,OUT018,2009,Medium,Tier 3,Supermarket Type2,3631.4275,4.2,2023-12-04
FDS40,9.643,Low Fat ,0.038905,Frozen Foods,OUT045,2002,,Tier 2,Supermarket Type1,3642.6667,3.5,2023-06-20
FDX54,20.589,reg,0.101162,Frozen Foods,OUT027,1985,Medium,Tier 3,Supermarket Type3,4408.2491,4.1,2023-12-22
NCS50,11.571,LF,0.041723,Health and Hygiene,OUT013,1987,High,Tier 3,Supermarket Type1,3022.7482,4.5,2022-07-11
FDA17,8.303,Regular,0.02977,Frozen Foods,OUT027,1985,Medium,Tier 3,Supermarket Type3,5360.9,3.7,2022-06-13
FDH30,,Low Fat ,0.045382,Frozen Foods,OUT019,1985,Small,Tier 1,Grocery Store,808.0763,3.686,2023-06-14
FDY42,, Regular,0.049154,Fruits and Vegetables,OUT049,1999,Medium,Tier 1,Supermarket Type1,1139.9068,4.3,2022-06-27
FDM20,16.768,Low Fat ,0.102145,Meat,OUT027,1985,Medium,Tier 3,Supermarket Type3,5258.768,4.0,2022-08-20
FDY52,16.724, Regular,0.066881,Meat,OUT019,1985,Small,Tier 1,Grocery Store,2000.8105,4.375,2023-09-07
FDN31,12.992,reg,0.066239,Fruits and Vegetables,OUT010,1998,,Tier 3,Grocery Store,777.3777,4.1,2023-08-09
FDP10,,Low Fat,0.041921,Dairy,OUT019,1985,Small,Tier 1,Grocery Store,4885.2689,4.3,2022-01-13
FDW34,17.927,LF,0.021658,Baking Goods,OUT027,1985,Medium,Tier 3,Supermarket Type3,2986.687,3.6,2022-09-29
FDR21,4.843,Low Fat,0.02598,Meat,OUT018,2009,Medium,Tier 3,Supermarket Type2,2795.1975,4.5,2023-01-10
FDD10,11.826,LF,0.021123,Canned,OUT027,1985,Medium,Tier 3,Supermarket Type3,8866.114,4.073,2023-09-05
DRX32,,LF,0.063787,Soft Drinks,OUT049,1999,Medium,Tier 1,Supermarket Type1,1945.5591,3.9,2023-09-16
FDX46,17.295, Regular,0.051385,Fruits and Vegetables,OUT013,1987,High,Tier 3,Supermarket Type1,3425.8294,4.2,2023-10-28
DRJ50,8.663,Low Fat,0.030727,Hard Drinks,OUT045,2002,,Tier 2,Supermarket Type1,2040.9921,3.903,2023-02-13
NCR39,11.124,Low Fat,0.019353,Household,OUT017,2007,,Tier 2,Supermarket Type1,3893.6711,3.6,2022-12-07
DRG26,,low fat,0.045452,Soft Drinks,OUT045,2002,,Tier 2,Supermarket Type1,4084.0633,4.1,2023-03-01
DRB12,6.889,Low Fat ,0.052993,Soft Drinks,OUT046,1997,Small,Tier 1,Supermarket Type1,5012.654,3.783,2023-08-04
FDG59,8.076,Regular,0.022245,Fruits and Vegetables,OUT027,1985,Medium,Tier 3,Supermarket Type3,5762.8725,4.5,2023-09-15
FDA56,,LF,0.054563,Snack Foods,OUT027,1985,Medium,Tier 3,Supermarket Type3,8316.8843,3.8,2023-09-29
DRV10,8.939,Low Fat ,0.051901,Soft Drinks,OUT046,1997,Small,Tier 1,Supermarket Type1,892.0403,3.5,2023-07-29
FDG40,,Regular,0.057521,Snack Foods,OUT049,1999,Medium,Tier 1,Supermarket Type1,1892.4158,3.8,2022-11-26
FDK19,13.328, Regular,0.045983,Snack Foods,OUT017,2007,,Tier 2,Supermarket Type1,4179.1509,3.4,2023-06-22
FDB37,13.472,Regular,0.038688,Snack Foods,OUT045,2002,,Tier 2,Supermarket Type1,1832.9581,3.5,2023-04-17
FDU46,,Low Fat,0.164274,Canned,OUT027,1985,Medium,Tier 3,Supermarket Type3,2994.5804,3.784,2023-06-28
DRG58,5.761,Regular,0.067875,Hard Drinks,OUT035,2004,Small,Tier 2,Supermarket Type1,2990.2959,4.0,2022-09-09
DRK33,5.465,Low Fat ,0.157476,Hard Drinks,OUT013,1987,High,Tier 3,Supermarket Type1,2357.6893,4.2,2022-09-29
FDA29,13.657,reg,0.129639,Meat,OUT018,2009,Medium,Tier 3,Supermarket Type2,1567.8227,4.3,2022-02-09
FDP47,5.814, Regular,0.026232,Fruits and Vegetables,OUT017,2007,,Tier 2,Supermarket Type1,1792.3192,4.677,2023-01-11
NCB45,19.925,low fat,0.059991,Household,OUT035,2004,Small,Tier 2,Supermarket Type1,2480.5816,4.0,2022-05-28
NCU13,17.293,Low Fat ,0.061294,Health and Hygiene,OUT035,2004,Small,Tier 2,Supermarket Type1,3222.0779,4.173,2023-10-01
FDA43,18.354,LF,0.044972,Snack Foods,OUT019,1985,Small,Tier 1,Grocery Store,689.7749,3.9,2022-01-20
FDV31,7.243,Regular,0.020876,Breakfast,OUT010,1998,,Tier 3,Grocery Store,342.7051,4.8,2022-03-16
NCG42,14.403,Low Fat,0.035573,Household,OUT027,1985,Medium,Tier 3,Supermarket Type3,3075.5938,4.1,2023-03-15
FDQ22,20.353,LF,0.0,Dairy,OUT035,2004,Small,Tier 2,Supermarket Type1,4999.8818,4.1,2022-03-27
FDX14,7.303,LF,0.027695,Fruits and Vegetables,OUT049,1999,Medium,Tier 1,Supermarket Type1,3128.2242,4.2,2023-07-15
NCY48,15.177,Low Fat ,0.1772,Health and Hygiene,OUT017,2007,,Tier 2,Supermarket Type1,2857.3473,3.7,2023-07-25
FDR40,9.815, Regular,0.03004,Fruits and Vegetables,OUT027,1985,Medium,Tier 3,Supermarket Type3,13086.9648,4.3,2023-09-20
DRN55,4.855,low fat,0.072846,Soft Drinks,OUT046,1997,Small,Tier 1,Supermarket Type1,1701.2187,3.8,2022-09-05
NCX13,17.755,Low Fat,0.049007,Household,OUT049,1999,Medium,Tier 1,Supermarket Type1,2479.4518,4.0,2022-12-25
FDS44,14.082,reg,0.05066,Canned,OUT027,1985,Medium,Tier 3,Supermarket Type3,12768.4782,3.0,2023-01-08
FDD14,19.564,Low Fat,0.048095,Dairy,OUT017,2007,,Tier 2,Supermarket Type1,505.0885,4.4,2022-11-22
NCW51,16.454,Low Fat ,0.0,Household,OUT035,2004,Small,Tier 2,Supermarket Type1,2563.116,3.7,2023-12-01
FDM27,17.196, Regular,0.038058,Frozen Foods,OUT046,1997,Small,Tier 1,Supermarket Type1,1793.3753,4.0,2023-06-29
FDF29,5.518,LF,0.038618,Snack Foods,OUT017,2007,,Tier 2,Supermarket Type1,3573.5448,3.8,2023-03-31
NCX13,17.755,Low Fat ,0.046463,Household,OUT046,1997,Small,Tier 1,Supermarket Type1,1557.3363,4.1,2022-10-30
FDR17,12.687,LF,0.016789,Baking Goods,OUT017,2007,,Tier 2,Supermarket Type1,2339.6817,3.6,2023-12-31
FDE40,7.628,Regular,0.029943,Fruits and Vegetables,OUT013,1987,High,Tier 3,Supermarket Type1,4925.9555,3.9,2022-03-14
FDJ24,21.146,LF,0.027778,Frozen Foods,OUT017,2007,,Tier 2,Supermarket Type1,4234.7261,4.3,2022-11-12
NCN41,,low fat,0.044595,Household,OUT017,2007,,Tier 2,Supermarket Type1,1620.8427,3.6,2022-03-20
FDS23,19.844,Regular,0.016191,Dairy,OUT045,2002,,Tier 2,Supermarket Type1,854.249,3.8,2022-04-29
FDX34,,Low Fat,0.146748,Fruits and Vegetables,OUT017,2007,,Tier 2,Supermarket Type1,1678.1299,4.6,2022-06-29
FDK51,10.991,low fat,0.071744,Dairy,OUT017,2007,,Tier 2,Supermarket Type1,3816.6753,4.6,2022-04-25
FDA58,,low fat,0.076036,Snack Foods,OUT046,1997,Small,Tier 1,Supermarket Type1,1475.0065,3.8,2023-02-14
FDE16,,LF,0.029448,Baking Goods,OUT045,2002,,Tier 2,Supermarket Type1,1921.6351,4.362,2022-06-06
FDU58,20.452,Regular,0.032252,Frozen Foods,OUT019,1985,Small,Tier 1,Grocery Store,322.1178,4.4,2023-01-11
DRC39,8.987,LF,0.016073,Soft Drinks,OUT035,2004,Small,Tier 2,Supermarket Type1,902.9342,3.7,2023-10-12
NCX55,13.789,Low Fat,0.05744,Household,OUT018,2009,Medium,Tier 3,Supermarket Type2,4714.0901,3.9,2023-02-22
FDJ32,12.271,Low Fat ,0.107197,Dairy,OUT018,2009,Medium,Tier 3,Supermarket Type2,4389.0551,4.3,2022-04-15
FDX44,20.503,Regular,0.087444,Baking Goods,OUT017,2007,,Tier 2,Supermarket Type1,1509.226,4.0,2023-03-24
NCF19,11.754,Low Fat ,0.081263,Others,OUT045,2002,,Tier 2,Supermarket Type1,2019.6172,3.5,2022-09-07
FDB46,17.913, Regular,0.03998,Dairy,OUT027,1985,Medium,Tier 3,Supermarket Type3,5203.9788,4.8,2023-06-27
FDB22,5.666, Regular,0.099447,Fruits and Vegetables,OUT018,2009,Medium,Tier 3,Supermarket Type2,1471.4974,4.2,2022-06-28
NCA10,21.006,LF,0.048877,Health and Hygiene,OUT045,2002,,Tier 2,Supermarket Type1,4200.496,3.6,2022-02-07
NCA57,,low fat,0.0,Household,OUT010,1998,,Tier 3,Grocery Store,1289.8417,4.0,2023-06-06
FDH52,19.207,LF,0.0,Baking Goods,OUT010,1998,,Tier 3,Grocery Store,666.7924,4.1,2022-05-29
FDH21,,Low Fat ,0.036783,Dairy,OUT027,1985,Medium,Tier 3,Supermarket Type3,5900.3136,4.4,2023-08-15
NCG16,5.034,Low Fat,0.082526,Others,OUT018,2009,Medium,Tier 3,Supermarket Type2,4546.4906,3.912,2023-03-22
FDJ15,12.735,Low Fat,0.041055,Baking Goods,OUT010,1998,,Tier 3,Grocery Store,3402.8409,4.4,2022-04-02
FDW36,9.086,Low Fat,0.126537,Frozen Foods,OUT027,1985,Medium,Tier 3,Supermarket Type3,6183.2922,3.6,2023-08-11
FDS11,16.931,low fat,0.034416,Fruits and Vegetables,OUT035,2004,Small,Tier 2,Supermarket Type1,3041.7324,4.0,2023-11-01
FDF20,,Regular,0.120084,Breads,OUT049,1999,Medium,Tier 1,Supermarket Type1,2472.6441,3.6,2023-07-07
FDP11,13.849,reg,0.031874,Baking Goods,OUT046,1997,Small,Tier 1,Supermarket Type1,4780.8363,4.2,2023-12-09
FDM55,7.425, Regular,0.046781,Snack Foods,OUT018,2009,Medium,Tier 3,Supermarket Type2,1397.4648,4.3,2023-05-05
FDY25,,Regular,0.019088,Snack Foods,OUT046,1997,Small,Tier 1,Supermarket Type1,4111.3628,3.6,2022-07-04
FDX54,20.589, Regular,0.059956,Frozen Foods,OUT017,2007,,Tier 2,Supermarket Type1,2996.8249,3.978,2023-01-09
FDA12,12.721,low fat,0.060952,Dairy,OUT018,2009,Medium,Tier 3,Supermarket Type2,2371.1793,4.2,2023-06-24
FDR14,18.82,Low Fat,0.032699,Snack Foods,OUT027,1985,Medium,Tier 3,Supermarket Type3,3874.1147,3.801,2023-10-17
FDC57,8.606,Low Fat,0.0,Meat,OUT045,2002,,Tier 2,Supermarket Type1,3218.9162,3.8,2023-10-13
FDN33,,Regular,0.028165,Baking Goods,OUT046,1997,Small,Tier 1,Supermarket Type1,4118.5794,4.3,2023-11-14
FDK37,11.932,low fat,0.037022,Snack Foods,OUT045,2002,,Tier 2,Supermarket Type1,4489.8272,4.1,2023-10-11
DRU28,5.758,Low Fat,0.118919,Soft Drinks,OUT046,1997,Small,Tier 1,Supermarket Type1,3994.5794,4.4,2023-08-27
FDM18,18.796,low fat,0.052262,Meat,OUT027,1985,Medium,Tier 3,Supermarket Type3,13086.9648,3.7,2023-01-19
FDU49,11.093,Low Fat,0.062976,Baking Goods,OUT046,1997,Small,Tier 1,Supermarket Type1,680.8635,4.1,2022-01-19
FDA48,13.517,LF,0.044405,Snack Foods,OUT027,1985,Medium,Tier 3,Supermarket Type3,6342.2016,3.9,2022-07-25
DRW13,11.732, Regular,0.043561,Soft Drinks,OUT035,2004,Small,Tier 2,Supermarket Type1,2167.7514,3.9,2022-06-29
FDH17,18.178,LF,0.031748,Canned,OUT045,2002,,Tier 2,Supermarket Type1,478.5449,3.9,2022-08-10
DRW51,11.078,Low Fat ,0.021609,Hard Drinks,OUT013,1987,High,Tier 3,Supermarket Type1,654.7787,3.8,2022-07-16
FDH45,,Low Fat,0.016668,Fruits and Vegetables,OUT019,1985,Small,Tier 1,Grocery Store,492.1754,4.4,2023-02-22
FDD34,,Regular,0.017539,Baking Goods,OUT018,2009,Medium,Tier 3,Supermarket Type2,3542.8661,3.8,2023-12-06
FDU42,,Low Fat ,0.08916,Frozen Foods,OUT046,1997,Small,Tier 1,Supermarket Type1,5788.1783,4.008,2023-08-12
FDP59,19.39,reg,0.012032,Canned,OUT013,1987,High,Tier 3,Supermarket Type1,6617.7153,3.7,2023-03-01
DRJ23,, Regular,0.065409,Soft Drinks,OUT035,2004,Small,Tier 2,Supermarket Type1,2017.2518,3.468,2022-02-24
FDQ41,,LF,0.039238,Snack Foods,OUT017,2007,,Tier 2,Supermarket Type1,2471.5015,3.8,2022-04-26
NCX39,9.744,low fat,0.00898,Health and Hygiene,OUT046,1997,Small,Tier 1,Supermarket Type1,1716.4599,4.1,2022-02-24
NCF24,14.729,low fat,0.013581,Household,OUT035,2004,Small,Tier 2,Supermarket Type1,1397.4941,3.92,2022-09-28
FDH40,20.29,reg,0.088275,Snack Foods,OUT010,1998,,Tier 3,Grocery Store,1234.2356,3.8,2023-04-15
FDN42,7.836,low fat,0.111391,Snack Foods,OUT013,1987,High,Tier 3,Supermarket Type1,4948.4863,3.5,2023-04-07
NCA49,12.998,Low Fat ,0.0,Household,OUT013,1987,High,Tier 3,Supermarket Type1,2512.8958,4.0,2023-11-03
FDQ52,5.784, Regular,0.044098,Fruits and Vegetables,OUT049,1999,Medium,Tier 1,Supermarket Type1,6166.4582,4.0,2022-06-29
FDQ36,12.085,Low Fat,0.0352,Snack Foods,OUT049,1999,Medium,Tier 1,Supermarket Type1,1832.0814,4.386,2023-09-27
FDW27,5.092, Regular,0.055888,Canned,OUT027,1985,Medium,Tier 3,Supermarket Type3,13086.9648,4.027,2022-05-21
FDV39,11.544,low fat,0.040838,Dairy,OUT013,1987,High,Tier 3,Supermarket Type1,4104.9293,4.1,2023-12-10
FDY45,18.592,Low Fat,0.0639,Meat,OUT013,1987,High,Tier 3,Supermarket Type1,10837.7017,4.0,2023-01-19
FDA51,12.561,Regular,0.023571,Meat,OUT027,1985,Medium,Tier 3,Supermarket Type3,4265.9888,4.2,2022-03-23
FDK32,8.37,Low Fat,0.05256,Canned,OUT027,1985,Medium,Tier 3,Supermarket Type3,6116.3104,4.0,2022-12-15
FDV46,,low fat,0.120409,Snack Foods,OUT027,1985,Medium,Tier 3,Supermarket Type3,3409.9759,3.7,2022-06-19
NCM19,20.634,LF,0.038603,Health and Hygiene,OUT018,2009,Medium,Tier 3,Supermarket Type2,1262.3635,4.2,2022-03-21
FDR24,20.313,Regular,0.118042,Baking Goods,OUT018,2009,Medium,Tier 3,Supermarket Type2,5739.8569,4.6,2023-01-02
FDB32,6.61,low fat,0.047491,Starchy Foods,OUT013,1987,High,Tier 3,Supermarket Type1,2707.0742,3.97,2023-09-26
DRE16,11.303,Low Fat ,0.010113,Soft Drinks,OUT018,2009,Medium,Tier 3,Supermarket Type2,4764.2867,3.9,2023-04-18
FDQ12,17.974,Low Fat,0.032291,Canned,OUT013,1987,High,Tier 3,Supermarket Type1,2040.8309,3.6,2023-05-19
NCA17,5.254,LF,0.032071,Health and Hygiene,OUT049,1999,Medium,Tier 1,Supermarket Type1,1203.0522,3.7,2023-05-22
FDC34,19.864,Regular,0.01665,Frozen Foods,OUT017,2007,,Tier 2,Supermarket Type1,2415.8046,3.702,2022-06-22
NCD27,19.869,LF,0.076631,Health and Hygiene,OUT045,2002,,Tier 2,Supermarket Type1,4434.7883,4.6,2022-09-04
FDU31,10.971,LF,0.035135,Breakfast,OUT018,2009,Medium,Tier 3,Supermarket Type2,4012.7828,3.9,2022-01-08
FDS47,6.875,Low Fat ,0.0,Snack Foods,OUT049,1999,Medium,Tier 1,Supermarket Type1,847.17,3.9,2023-01-07
FDN43,15.12,Regular,0.256468,Baking Goods,OUT013,1987,High,Tier 3,Supermarket Type1,4570.3785,3.3,2023-10-25
NCJ46,7.234,LF,0.045115,Health and Hygiene,OUT018,2009,Medium,Tier 3,Supermarket Type2,1990.4077,4.1,2023-08-24
FDN51,19.659,Low Fat,0.029025,Dairy,OUT018,2009,Medium,Tier 3,Supermarket Type2,1152.9027,4.7,2023-11-02
FDW13,17.305,low fat,0.025037,Canned,OUT049,1999,Medium,Tier 1,Supermarket Type1,4274.7238,4.3,2022-10-20
FDR51,16.122,low fat,0.018717,Baking Goods,OUT027,1985,Medium,Tier 3,Supermarket Type3,13086.9648,4.4,2022-01-29
DRF20,20.865,LF,0.068855,Soft Drinks,OUT046,1997,Small,Tier 1,Supermarket Type1,2432.8182,4.0,2022-02-07
FDD12,7.357, Regular,0.033119,Snack Foods,OUT019,1985,Small,Tier 1,Grocery Store,1720.9784,4.393,2022-02-25
NCD50,,Low Fat,0.138603,Household,OUT017,2007,,Tier 2,Supermarket Type1,4894.3066,3.7,2023-08-22
FDS27,20.851,Low Fat,0.077589,Meat,OUT019,1985,Small,Tier 1,Grocery Store,845.4416,4.8,2022-01-29
NCD40,4.891,Low Fat,0.039318,Others,OUT018,2009,Medium,Tier 3,Supermarket Type2,5116.0521,4.0,2023-05-19
FDJ40,, Regular,0.088179,Fruits and Vegetables,OUT017,2007,,Tier 2,Supermarket Type1,2076.1246,4.0,2023-11-02
NCF26,16.877,Low Fat,0.041796,Household,OUT018,2009,Medium,Tier 3,Supermarket Type2,2788.2391,4.1,2022-11-22
FDR29,15.906,Low Fat ,0.017382,Snack Foods,OUT013,1987,High,Tier 3,Supermarket Type1,1632.6513,4.1,2023-12-06
FDG43,20.952,reg,0.0,Meat,OUT027,1985,Medium,Tier 3,Supermarket Type3,7729.7489,4.0,2023-05-17
FDW20,12.24,low fat,0.032848,Frozen Foods,OUT019,1985,Small,Tier 1,Grocery Store,2215.3372,3.5,2022-01-17
NCA10,21.006,LF,0.085731,Health and Hygiene,OUT049,1999,Medium,Tier 1,Supermarket Type1,1733.2887,3.9,2023-08-19
FDV54,,low fat,0.039862,Canned,OUT049,1999,Medium,Tier 1,Supermarket Type1,1559.7143,4.3,2022-11-28
FDX57,14.882,Low Fat,0.019934,Meat,OUT013,1987,High,Tier 3,Supermarket Type1,1032.8826,4.1,2022-09-13
FDF42,16.398,reg,0.029138,Snack Foods,OUT046,1997,Small,Tier 1,Supermarket Type1,2285.3734,3.9,2023-03-09
FDV17,21.054,low fat,0.013106,Dairy,OUT018,2009,Medium,Tier 3,Supermarket Type2,3081.0075,4.5,2023-01-20
FDC28,,low fat,0.036911,Frozen Foods,OUT018,2009,Medium,Tier 3,Supermarket Type2,1980.486,3.6,2022-06-13
FDX32,,Regular,0.036774,Canned,OUT046,1997,Small,Tier 1,Supermarket Type1,5828.4469,4.4,2023-03-19
FDF46,,Low Fat ,0.055889,Dairy,OUT046,1997,Small,Tier 1,Supermarket Type1,2248.9778,4.5,2023-02-01
FDE56,8.3,LF,0.050355,Dairy,OUT035,2004,Small,Tier 2,Supermarket Type1,3107.4154,3.9,2023-11-07
NCP37,,Low Fat ,0.029054,Household,OUT018,2009,Medium,Tier 3,Supermarket Type2,6323.7767,3.382,2022-12-03
FDF27,4.963,LF,0.165345,Canned,OUT018,2009,Medium,Tier 3,Supermarket Type2,1563.9021,4.0,2022-06-30
FDK59,12.562,low fat,0.012914,Starchy Foods,OUT017,2007,,Tier 2,Supermarket Type1,2230.9843,3.5,2022-04-07
FDK29,,Regular,0.067093,Baking Goods,OUT017,2007,,Tier 2,Supermarket Type1,1428.9818,3.9,2023-03-04
FDV29,20.039,reg,0.056653,Snack Foods,OUT027,1985,Medium,Tier 3,Supermarket Type3,5598.2948,4.0,2023-11-28
FDX56,18.104,LF,0.06005,Meat,OUT013,1987,High,Tier 3,Supermarket Type1,3178.2616,4.7,2022-07-25
FDH37,20.791, Regular,0.035104,Fruits and Vegetables,OUT045,2002,,Tier 2,Supermarket Type1,2729.242,3.8,2022-06-23
NCN35,16.393,Low Fat ,0.025125,Household,OUT018,2009,Medium,Tier 3,Supermarket Type2,2674.2718,4.4,2022-10-04
FDD44,,reg,0.026446,Meat,OUT013,1987,High,Tier 3,Supermarket Type1,4441.6973,4.3,2022-01-27
DRW13,11.732,Regular,0.0,Soft Drinks,OUT045,2002,,Tier 2,Supermarket Type1,2014.1361,3.9,2022-10-27
NCJ50,15.228,low fat,0.139337,Health and Hygiene,OUT049,1999,Medium,Tier 1,Supermarket Type1,1798.8637,4.7,2022-09-21
FDV20,16.505,Low Fat ,0.027956,Frozen Foods,OUT019,1985,Small,Tier 1,Grocery Store,210.5825,4.232,2022-12-10
FDN53,19.918,Low Fat ,0.037291,Baking Goods,OUT013,1987,High,Tier 3,Supermarket Type1,3773.7043,4.3,2023-01-15
FDR50,9.777, Regular,0.087561,Meat,OUT046,1997,Small,Tier 1,Supermarket Type1,3219.6156,4.7,2023-09-13
FDF30,13.516,LF,0.072682,Baking Goods,OUT049,1999,Medium,Tier 1,Supermarket Type1,786.2027,3.7,2022-11-17
FDV30,13.378,low fat,0.077786,Breads,OUT018,2009,Medium,Tier 3,Supermarket Type2,1287.6783,4.1,2023-06-07
FDH11,12.157,Low Fat ,0.04115,Dairy,OUT017,2007,,Tier 2,Supermarket Type1,942.2533,4.1,2022-09-09
NCA37,20.692,low fat,0.092004,Household,OUT013,1987,High,Tier 3,Supermarket Type1,1685.5364,3.5,2023-02-24
FDE34,,Low Fat ,0.063297,Snack Foods,OUT017,2007,,Tier 2,Supermarket Type1,3534.4991,3.8,2022-01-10
DRS53,, Regular,0.031117,Soft Drinks,OUT035,2004,Small,Tier 2,Supermarket Type1,1517.7211,4.0,2023-11-25
FDY16,,Low Fat,0.0,Frozen Foods,OUT027,1985,Medium,Tier 3,Supermarket Type3,4180.5879,4.4,2022-09-23
FDN48,6.453,Low Fat,0.066369,Breads,OUT035,2004,Small,Tier 2,Supermarket Type1,1055.4306,3.5,2023-03-17
FDV15,6.154,Low Fat ,0.043923,Snack Foods,OUT027,1985,Medium,Tier 3,Supermarket Type3,4682.8178,3.9,2022-11-19
FDV58,15.58,Low Fat ,0.005429,Meat,OUT017,2007,,Tier 2,Supermarket Type1,3659.2435,4.2,2023-11-15
NCW50,8.005,Low Fat,0.018786,Others,OUT045,2002,,Tier 2,Supermarket Type1,3492.3178,3.7,2023-03-13
FDJ31,18.471,Low Fat ,0.115958,Starchy Foods,OUT017,2007,,Tier 2,Supermarket Type1,1296.5546,4.1,2023-05-09
FDN32,,low fat,0.0,Meat,OUT027,1985,Medium,Tier 3,Supermarket Type3,3869.6523,4.5,2022-02-12
FDA25,12.989,Low Fat ,0.026047,Fruits and Vegetables,OUT049,1999,Medium,Tier 1,Supermarket Type1,1691.0314,4.0,2022-08-31
FDJ10,17.71,reg,0.065464,Breakfast,OUT045,2002,,Tier 2,Supermarket Type1,2994.8476,4.0,2022-11-01
FDE40,7.628, Regular,0.076397,Fruits and Vegetables,OUT035,2004,Small,Tier 2,Supermarket Type1,666.9501,4.0,2022-10-16
FDC37,20.067,Regular,0.118248,Meat,OUT035,2004,Small,Tier 2,Supermarket Type1,2495.2947,4.2,2023-03-03
FDK54,20.174,Low Fat ,0.029264,Fruits and Vegetables,OUT045,2002,,Tier 2,Supermarket Type1,789.2589,4.1,2022-11-14
FDF44,14.414,Low Fat,0.029155,Starchy Foods,OUT045,2002,,Tier 2,Supermarket Type1,1901.169,3.9,2023-10-31
NCK17,,Low Fat,0.042981,Household,OUT018,2009,Medium,Tier 3,Supermarket Type2,2261.9098,4.2,2022-08-18
FDE11,6.983,Regular,0.060243,Meat,OUT018,2009,Medium,Tier 3,Supermarket Type2,1231.5079,4.0,2022-02-16
FDC38,12.14,LF,0.106667,Snack Foods,OUT049,1999,Medium,Tier 1,Supermarket Type1,13086.9648,4.0,2023-10-29
FDX27,16.83,low fat,0.024226,Breakfast,OUT010,1998,,Tier 3,Grocery Store,2074.1478,4.498,2023-10-28
FDP12,8.51,low fat,0.056634,Meat,OUT049,1999,Medium,Tier 1,Supermarket Type1,3608.4619,4.5,2023-10-02
FDU12,19.02,reg,0.031267,Canned,OUT046,1997,Small,Tier 1,Supermarket Type1,1327.231,3.8,2023-12-02
FDS13,19.828,reg,0.03578,Meat,OUT017,2007,,Tier 2,Supermarket Type1,7567.0642,3.8,2023-09-10
NCX24,16.005,LF,0.036325,Household,OUT013,1987,High,Tier 3,Supermarket Type1,1273.7638,3.5,2022-03-15
FDV48,7.014,Low Fat,0.066555,Fruits and Vegetables,OUT035,2004,Small,Tier 2,Supermarket Type1,1344.8285,4.4,2023-03-20
NCQ15,10.993,Low Fat ,0.047168,Health and Hygiene,OUT045,2002,,Tier 2,Supermarket Type1,4695.4772,4.4,2022-12-25
FDU33,7.71,Low Fat ,0.110652,Breads,OUT013,1987,High,Tier 3,Supermarket Type1,6673.6147,3.8,2023-01-14
FDH15,12.884,Regular,0.048038,Dairy,OUT013,1987,High,Tier 3,Supermarket Type1,4758.5373,4.2,2022-04-04
FDS45,6.211,reg,0.097838,Baking Goods,OUT049,1999,Medium,Tier 1,Supermarket Type1,2444.0619,4.2,2022-08-11
FDE48,20.213,Low Fat ,0.057672,Canned,OUT010,1998,,Tier 3,Grocery Store,4372.1365,3.734,2023-04-06
DRK47,10.808,Regular,0.0,Soft Drinks,OUT046,1997,Small,Tier 1,Supermarket Type1,1115.5655,3.6,2022-04-17
FDR32,7.453,LF,0.10109,Baking Goods,OUT017,2007,,Tier 2,Supermarket Type1,2024.7381,3.7,2023-09-09
FDN11,17.81,Regular,0.019772,Baking Goods,OUT046,1997,Small,Tier 1,Supermarket Type1,1677.2242,4.0,2023-11-04
FDM47,17.895,reg,0.183598,Fruits and Vegetables,OUT027,1985,Medium,Tier 3,Supermarket Type3,4846.9932,4.7,2022-12-10
FDV33,8.335, Regular,0.009036,Dairy,OUT013,1987,High,Tier 3,Supermarket Type1,1766.2395,4.3,2023-11-03
FDX42,6.733,Low Fat,0.0,Breakfast,OUT045,2002,,Tier 2,Supermarket Type1,1753.3714,3.697,2023-05-29
DRU18,8.703,LF,0.07378,Soft Drinks,OUT013,1987,High,Tier 3,Supermarket Type1,1303.1651,3.426,2022-02-22
NCC29,8.081,Low Fat,0.128922,Household,OUT017,2007,,Tier 2,Supermarket Type1,5024.8753,3.9,2023-02-22
FDQ55,19.855,low fat,0.068276,Baking Goods,OUT045,2002,,Tier 2,Supermarket Type1,1139.3936,4.232,2022-02-24
FDB58,17.531,LF,0.027189,Frozen Foods,OUT017,2007,,Tier 2,Supermarket Type1,1859.9246,4.0,2023-11-21
FDK35,7.498,reg,0.064109,Fruits and Vegetables,OUT017,2007,,Tier 2,Supermarket Type1,12874.8701,3.768,2022-12-11
DRE22,18.87,low fat,0.034984,Soft Drinks,OUT017,2007,,Tier 2,Supermarket Type1,1394.95,4.1,2022-08-21
NCW40,,low fat,0.084868,Household,OUT049,1999,Medium,Tier 1,Supermarket Type1,1292.0896,3.7,2022-11-03
FDC32,17.342,Low Fat,0.042599,Breakfast,OUT049,1999,Medium,Tier 1,Supermarket Type1,3281.8015,4.5,2023-06-02
FDW16,17.116, Regular,0.031319,Canned,OUT045,2002,,Tier 2,Supermarket Type1,2330.4495,3.6,2022-10-02
FDF43,4.95,low fat,0.0,Frozen Foods,OUT010,1998,,Tier 3,Grocery Store,842.1221,3.7,2023-06-06
FDY11,18.738,Low Fat,0.06708,Breads,OUT010,1998,,Tier 3,Grocery Store,426.265,4.5,2023-02-22
FDF56,10.541, Regular,0.076191,Snack Foods,OUT018,2009,Medium,Tier 3,Supermarket Type2,6959.4445,4.069,2023-04-20
DRC25,21.121,Low Fat ,0.049369,Soft Drinks,OUT027,1985,Medium,Tier 3,Supermarket Type3,2551.9825,3.561,2022-07-27
FDX46,17.295,reg,0.06189,Fruits and Vegetables,OUT045,2002,,Tier 2,Supermarket Type1,3512.8694,4.7,2022-10-20
FDX54,20.589,reg,0.058624,Frozen Foods,OUT018,2009,Medium,Tier 3,Supermarket Type2,1931.3727,4.0,2023-11-22
FDN53,19.918,LF,0.038541,Baking Goods,OUT035,2004,Small,Tier 2,Supermarket Type1,1647.3065,3.9,2022-02-18
NCS49,,Low Fat ,0.030069,Health and Hygiene,OUT027,1985,Medium,Tier 3,Supermarket Type3,2600.5589,4.4,2023-08-20
DRQ35,19.721,Low Fat ,0.018882,Soft Drinks,OUT046,1997,Small,Tier 1,Supermarket Type1,2758.5845,2.9,2023-07-12
FDG11,13.626,Regular,0.021564,Fruits and Vegetables,OUT017,2007,,Tier 2,Supermarket Type1,3391.2072,3.7,2023-10-20
FDG57,6.404,Low Fat,0.068975,Snack Foods,OUT035,2004,Small,Tier 2,Supermarket Type1,1630.9715,4.6,2023-09-18
FDA29,13.657,Regular,0.018183,Meat,OUT017,2007,,Tier 2,Supermarket Type1,3682.3589,3.9,2022-12-10
FDR33,9.247,reg,0.0,Fruits and Vegetables,OUT013,1987,High,Tier 3,Supermarket Type1,2122.2572,4.364,2022-05-24
FDB28,18.916,Low Fat,0.044616,Canned,OUT010,1998,,Tier 3,Grocery Store,445.0778,3.8,2023-10-26
FDY17,9.351,Low Fat,0.038731,Dairy,OUT046,1997,Small,Tier 1,Supermarket Type1,1851.5427,3.8,2022-12-14
FDE28,11.332, Regular,0.094826,Fruits and Vegetables,OUT017,2007,,Tier 2,Supermarket Type1,3887.5499,3.571,2023-07-07
NCQ19,19.026,LF,0.153968,Health and Hygiene,OUT010,1998,,Tier 3,Grocery Store,1222.1233,3.7,2023-04-24
FDG23,,Low Fat,0.032103,Snack Foods,OUT046,1997,Small,Tier 1,Supermarket Type1,1379.0285,3.9,2023-03-18
FDW42,4.972,LF,0.027087,Fruits and Vegetables,OUT035,2004,Small,Tier 2,Supermarket Type1,2700.7298,3.3,2022-08-14
FDK49,4.979,low fat,0.072649,Frozen Foods,OUT035,2004,Small,Tier 2,Supermarket Type1,4709.5559,3.9,2022-07-17
FDW59,8.288,LF,0.128972,Dairy,OUT027,1985,Medium,Tier 3,Supermarket Type3,4039.4758,4.3,2022-04-27
FDQ19,12.139,LF,0.055053,Breads,OUT046,1997,Small,Tier 1,Supermarket Type1,2709.2678,4.4,2022-11-01
DRW37,9.154,Low Fat ,0.085945,Soft Drinks,OUT013,1987,High,Tier 3,Supermarket Type1,3345.7095,3.4,2023-02-08
FDY55,5.705, Regular,0.06195,Canned,OUT027,1985,Medium,Tier 3,Supermarket Type3,7228.8812,3.7,2022-06-18
FDA13,5.359,Low Fat,0.049398,Dairy,OUT049,1999,Medium,Tier 1,Supermarket Type1,1062.9892,3.994,2022-12-14
FDR25,11.994,reg,0.098374,Fruits and Vegetables,OUT017,2007,,Tier 2,Supermarket Type1,5034.0173,3.7,2023-09-02
FDM52,,LF,0.03316,Snack Foods,OUT049,1999,Medium,Tier 1,Supermarket Type1,1633.9187,3.8,2022-08-02
FDH11,,low fat,0.02388,Dairy,OUT035,2004,Small,Tier 2,Supermarket Type1,2621.7599,4.3,2023-10-17
DRW37,9.154,Low Fat ,0.026387,Soft Drinks,OUT049,1999,Medium,Tier 1,Supermarket Type1,1628.6932,3.6,2022-06-07
FDB11,5.528,low fat,0.059632,Snack Foods,OUT018,2009,Medium,Tier 3,Supermarket Type2,1145.0068,4.0,2023-09-17
FDY11,18.738,Low Fat,0.057334,Breads,OUT027,1985,Medium,Tier 3,Supermarket Type3,4244.8504,4.1,2022-09-19
FDP22,,LF,0.034587,Snack Foods,OUT049,1999,Medium,Tier 1,Supermarket Type1,1213.1419,4.2,2022-02-20
FDX13,13.755,Low Fat ,0.105107,Breakfast,OUT027,1985,Medium,Tier 3,Supermarket Type3,4513.5137,3.41,2022-05-31
FDW24,17.997,low fat,0.024957,Frozen Foods,OUT045,2002,,Tier 2,Supermarket Type1,1683.8663,3.9,2023-09-03
FDD33,14.338,LF,0.025945,Frozen Foods,OUT049,1999,Medium,Tier 1,Supermarket Type1,2539.0777,3.5,2022-11-11
FDP53,,Regular,0.097991,Snack Foods,OUT046,1997,Small,Tier 1,Supermarket Type1,3511.7941,4.1,2023-10-28
FDK40,11.084,Regular,0.045527,Dairy,OUT027,1985,Medium,Tier 3,Supermarket Type3,7780.2271,4.6,2023-12-12
FDQ51,17.133, Regular,0.023346,Canned,OUT046,1997,Small,Tier 1,Supermarket Type1,1205.1144,4.0,2023-05-16
FDA16,12.896,reg,0.025702,Dairy,OUT018,2009,Medium,Tier 3,Supermarket Type2,2156.7765,4.7,2022-09-28
FDJ56,13.005,LF,0.047042,Canned,OUT017,2007,,Tier 2,Supermarket Type1,2467.1117,4.093,2022-07-31
NCG16,5.034,Low Fat,0.074525,Others,OUT017,2007,,Tier 2,Supermarket Type1,2094.6873,4.0,2023-09-09
FDN46,9.646,LF,0.079431,Frozen Foods,OUT046,1997,Small,Tier 1,Supermarket Type1,1104.906,3.595,2023-12-12
NCX27,6.221,low fat,0.098049,Household,OUT035,2004,Small,Tier 2,Supermarket Type1,1272.8658,4.1,2022-05-01
NCV14,,low fat,0.026651,Household,OUT017,2007,,Tier 2,Supermarket Type1,3987.3331,4.1,2023-11-17
DRV56,, Regular,0.11874,Hard Drinks,OUT035,2004,Small,Tier 2,Supermarket Type1,3475.9442,3.4,2022-02-06
FDS30,6.474,Low Fat ,0.08479,Dairy,OUT046,1997,Small,Tier 1,Supermarket Type1,6966.8164,4.2,2023-06-03
FDR29,,Low Fat,0.117375,Snack Foods,OUT018,2009,Medium,Tier 3,Supermarket Type2,2510.3967,3.3,2023-03-08
NCR32,,low fat,0.024093,Household,OUT035,2004,Small,Tier 2,Supermarket Type1,6920.5356,4.003,2023-05-06
NCN21,4.624,Low Fat,0.072532,Household,OUT017,2007,,Tier 2,Supermarket Type1,1729.488,3.6,2022-10-07
FDQ54,5.351,Low Fat,0.154997,Frozen Foods,OUT018,2009,Medium,Tier 3,Supermarket Type2,2438.3596,3.92,2023-06-16
FDH39,, Regular,0.060235,Frozen Foods,OUT018,2009,Medium,Tier 3,Supermarket Type2,2018.367,4.199,2022-03-30
FDW57,4.66,Low Fat,0.045044,Baking Goods,OUT049,1999,Medium,Tier 1,Supermarket Type1,2372.2511,4.5,2023-03-10
DRY34,9.338,Regular,0.093023,Hard Drinks,OUT013,1987,High,Tier 3,Supermarket Type1,3237.8006,3.5,2023-05-09
FDY12,10.827,Low Fat,0.074794,Fruits and Vegetables,OUT013,1987,High,Tier 3,Supermarket Type1,3945.9922,4.4,2023-06-09
FDA32,16.316,Regular,0.010071,Frozen Foods,OUT010,1998,,Tier 3,Grocery Store,1833.7372,4.7,2022-05-04
FDU34,9.3,LF,0.0142,Dairy,OUT046,1997,Small,Tier 1,Supermarket Type1,5254.4491,4.5,2023-05-11
NCP28,15.47,Low Fat,0.056479,Health and Hygiene,OUT046,1997,Small,Tier 1,Supermarket Type1,5088.949,3.9,2023-02-17
FDA49,,reg,0.021685,Frozen Foods,OUT045,2002,,Tier 2,Supermarket Type1,998.3217,3.3,2022-05-30
FDP54,8.636, Regular,0.033003,Snack Foods,OUT049,1999,Medium,Tier 1,Supermarket Type1,1698.6031,4.4,2023-05-14
FDH58,20.358,Low Fat,0.008649,Fruits and Vegetables,OUT013,1987,High,Tier 3,Supermarket Type1,2366.219,3.5,2022-07-27
FDK29,12.272, Regular,0.016851,Baking Goods,OUT049,1999,Medium,Tier 1,Supermarket Type1,1438.9754,3.7,2023-08-15
FDH22,,reg,0.073924,Canned,OUT045,2002,,Tier 2,Supermarket Type1,4485.5243,3.9,2023-01-27
DRE50,14.937,Low Fat,0.105168,Soft Drinks,OUT046,1997,Small,Tier 1,Supermarket Type1,1507.7465,3.5,2022-04-19
FDR16,5.72,LF,0.029519,Meat,OUT049,1999,Medium,Tier 1,Supermarket Type1,4236.6829,4.4,2022-11-30
FDU27,16.593,low fat,0.041194,Frozen Foods,OUT027,1985,Medium,Tier 3,Supermarket Type3,5775.642,4.1,2022-10-01
NCV50,9.676,Low Fat ,0.169267,Health and Hygiene,OUT017,2007,,Tier 2,Supermarket Type1,3336.3294,3.817,2023-11-16
FDS14,15.233,Low Fat,0.041136,Fruits and Vegetables,OUT027,1985,Medium,Tier 3,Supermarket Type3,2325.1499,4.3,2023-08-11
DRJ33,6.311,reg,0.035596,Soft Drinks,OUT049,1999,Medium,Tier 1,Supermarket Type1,2347.7027,4.0,2022-02-05
NCA15,7.414,low fat,0.042046,Health and Hygiene,OUT013,1987,High,Tier 3,Supermarket Type1,616.3123,3.8,2023-01-12
FDK23,,LF,0.037195,Meat,OUT018,2009,Medium,Tier 3,Supermarket Type2,1390.1169,4.7,2022-01-07
FDF56,,reg,0.065796,Snack Foods,OUT046,1997,Small,Tier 1,Supermarket Type1,1516.5791,3.9,2022-05-12
NCF33,14.13,low fat,0.093611,Health and Hygiene,OUT046,1997,Small,Tier 1,Supermarket Type1,3745.0017,4.7,2023-01-05
DRW13,11.732,Regular,0.218181,Soft Drinks,OUT013,1987,High,Tier 3,Supermarket Type1,1561.0794,3.8,2022-07-26
FDN14,,Low Fat,0.072831,Snack Foods,OUT027,1985,Medium,Tier 3,Supermarket Type3,10318.912,4.297,2023-12-23
FDH14,,reg,0.032181,Starchy Foods,OUT018,2009,Medium,Tier 3,Supermarket Type2,11831.9889,4.071,2023-10-17
FDP10,12.262,LF,0.053635,Dairy,OUT027,1985,Medium,Tier 3,Supermarket Type3,6713.7662,4.2,2022-06-15
FDD38,14.394,Regular,0.056226,Fruits and Vegetables,OUT017,2007,,Tier 2,Supermarket Type1,1934.4884,4.0,2023-12-04
FDR53,16.43,low fat,0.04006,Canned,OUT019,1985,Small,Tier 1,Grocery Store,512.9217,4.3,2023-05-02
FDF52,,LF,0.045257,Canned,OUT045,2002,,Tier 2,Supermarket Type1,2594.6694,4.8,2022-06-05
FDV42,16.161,Regular,0.052912,Canned,OUT049,1999,Medium,Tier 1,Supermarket Type1,1776.022,4.4,2023-05-23
DRF12,12.238,LF,0.012773,Soft Drinks,OUT017,2007,,Tier 2,Supermarket Type1,2056.4982,3.5,2022-09-04
FDH44,5.333,Low Fat ,0.09118,Meat,OUT049,1999,Medium,Tier 1,Supermarket Type1,1480.9923,4.0,2023-02-09
NCV29,7.742,Low Fat,0.061681,Household,OUT017,2007,,Tier 2,Supermarket Type1,6594.5575,4.2,2023-02-16
FDG21,7.985,Low Fat,0.0,Dairy,OUT035,2004,Small,Tier 2,Supermarket Type1,2672.427,3.835,2022-10-25
FDJ26,, Regular,0.008782,Fruits and Vegetables,OUT017,2007,,Tier 2,Supermarket Type1,3458.4318,4.1,2022-06-03
FDN53,19.918,low fat,0.032132,Baking Goods,OUT027,1985,Medium,Tier 3,Supermarket Type3,3266.4601,3.9,2023-12-17
FDF54,20.693,low fat,0.089188,Snack Foods,OUT045,2002,,Tier 2,Supermarket Type1,2258.2048,3.8,2023-05-06
DRN50,, Regular,0.0,Soft Drinks,OUT049,1999,Medium,Tier 1,Supermarket Type1,2219.5666,3.6,2023-07-22
FDF46,12.504,Low Fat,0.18845,Dairy,OUT018,2009,Medium,Tier 3,Supermarket Type2,3074.7814,4.0,2022-02-18
FDM55,7.425, Regular,0.050797,Snack Foods,OUT049,1999,Medium,Tier 1,Supermarket Type1,1250.8368,3.9,2023-08-02
FDP59,19.39,Regular,0.035185,Canned,OUT049,1999,Medium,Tier 1,Supermarket Type1,762.4653,3.6,2022-03-30
FDE12,7.917,Low Fat,0.034141,Frozen Foods,OUT013,1987,High,Tier 3,Supermarket Type1,2338.2753,4.2,2022-07-26
NCH28,6.222,LF,0.052354,Health and Hygiene,OUT018,2009,Medium,Tier 3,Supermarket Type2,2059.3129,3.7,2022-12-29
FDR12,,Regular,0.098175,Snack Foods,OUT013,1987,High,Tier 3,Supermarket Type1,3535.6147,4.4,2023-02-12
FDG27,11.083,Low Fat ,0.029222,Dairy,OUT049,1999,Medium,Tier 1,Supermarket Type1,973.7543,4.293,2022-12-30
NCB59,20.433,Low Fat ,0.050021,Others,OUT018,2009,Medium,Tier 3,Supermarket Type2,687.722,4.327,2022-09-21
FDQ50,6.933,reg,0.039317,Fruits and Vegetables,OUT018,2009,Medium,Tier 3,Supermarket Type2,1970.5196,4.1,2022-01-17
FDF39,10.917,LF,0.048146,Canned,OUT035,2004,Small,Tier 2,Supermarket Type1,1832.0481,4.0,2022-07-15
DRR52,19.645,Low Fat,0.056585,Hard Drinks,OUT027,1985,Medium,Tier 3,Supermarket Type3,5092.2111,4.5,2023-02-16
FDE22,17.059,Regular,0.043508,Canned,OUT045,2002,,Tier 2,Supermarket Type1,1496.1521,4.2,2022-08-10
FDF37,4.668,Low Fat,0.043061,Fruits and Vegetables,OUT035,2004,Small,Tier 2,Supermarket Type1,892.5182,4.1,2022-07-01
FDF35,18.693,low fat,0.036724,Canned,OUT049,1999,Medium,Tier 1,Supermarket Type1,2993.7897,3.7,2022-11-19
FDB24,18.42,LF,0.029539,Fruits and Vegetables,OUT046,1997,Small,Tier 1,Supermarket Type1,1964.0265,4.4,2022-02-01
FDJ50,17.491,Regular,0.041848,Breakfast,OUT045,2002,,Tier 2,Supermarket Type1,1444.6379,4.2,2022-04-18
NCP37,,Low Fat,0.028862,Household,OUT045,2002,,Tier 2,Supermarket Type1,1698.7766,3.83,2023-05-08
FDJ45,14.777,Low Fat ,0.0516,Meat,OUT049,1999,Medium,Tier 1,Supermarket Type1,2036.1616,3.91,2023-09-06
NCJ46,7.234,Low Fat ,0.033091,Health and Hygiene,OUT049,1999,Medium,Tier 1,Supermarket Type1,1408.4104,4.06,2022-08-23
NCC24,20.015,Low Fat,0.095611,Others,OUT045,2002,,Tier 2,Supermarket Type1,1219.6584,4.3,2023-10-12
DRP40,11.034,Low Fat,0.02781,Soft Drinks,OUT027,1985,Medium,Tier 3,Supermarket Type3,5434.1376,4.2,2022-11-29
DRV56,, Regular,0.040749,Hard Drinks,OUT049,1999,Medium,Tier 1,Supermarket Type1,1692.19,3.465,2023-04-05
FDF43,4.95,LF,0.026386,Frozen Foods,OUT027,1985,Medium,Tier 3,Supermarket Type3,10278.6012,4.3,2022-11-17
FDW46,7.853,Regular,0.047136,Breads,OUT017,2007,,Tier 2,Supermarket Type1,2603.4897,4.0,2023-01-07
FDC18,7.393, Regular,0.0,Snack Foods,OUT017,2007,,Tier 2,Supermarket Type1,1326.8781,4.4,2023-01-11
NCU31,10.33,Low Fat,0.01853,Others,OUT027,1985,Medium,Tier 3,Supermarket Type3,1841.2921,3.6,2023-05-11
FDC53,,Regular,0.037166,Meat,OUT045,2002,,Tier 2,Supermarket Type1,3828.342,4.3,2023-05-01
NCB47,14.542,low fat,0.022514,Household,OUT017,2007,,Tier 2,Supermarket Type1,1479.0885,4.1,2023-02-26
DRC17,19.571,low fat,0.048257,Soft Drinks,OUT013,1987,High,Tier 3,Supermarket Type1,1155.3647,3.3,2022-12-20
FDP11,13.849,reg,0.029765,Baking Goods,OUT035,2004,Small,Tier 2,Supermarket Type1,3732.9054,4.0,2023-10-18
FDG36,8.704,LF,0.106022,Dairy,OUT010,1998,,Tier 3,Grocery Store,1143.8539,4.3,2022-10-02
FDN25,,Low Fat,0.014333,Fruits and Vegetables,OUT018,2009,Medium,Tier 3,Supermarket Type2,1220.3463,4.283,2023-12-25
FDV12,7.152, Regular,0.045424,Frozen Foods,OUT046,1997,Small,Tier 1,Supermarket Type1,2353.6207,3.6,2022-04-14
FDF22,6.651, Regular,0.031318,Snack Foods,OUT045,2002,,Tier 2,Supermarket Type1,2264.7429,3.27,2022-04-19
FDK30,15.727,Low Fat ,0.052231,Snack Foods,OUT019,1985,Small,Tier 1,Grocery Store,500.8934,4.4,2022-09-14
FDJ16,5.715,Low Fat,0.129262,Fruits and Vegetables,OUT046,1997,Small,Tier 1,Supermarket Type1,6683.5398,3.9,2022-10-10
FDG27,,Low Fat,0.021889,Dairy,OUT013,1987,High,Tier 3,Supermarket Type1,2461.139,3.792,2023-11-20
FDV11,5.231,low fat,0.060746,Starchy Foods,OUT046,1997,Small,Tier 1,Supermarket Type1,2465.027,4.098,2023-09-24
FDB11,5.528,low fat,0.023442,Snack Foods,OUT035,2004,Small,Tier 2,Supermarket Type1,3029.4661,4.6,2022-03-16
FDK34,14.805,reg,0.031406,Starchy Foods,OUT035,2004,Small,Tier 2,Supermarket Type1,1950.9477,3.7,2022-11-08
FDX11,20.914,low fat,0.181352,Starchy Foods,OUT049,1999,Medium,Tier 1,Supermarket Type1,875.7839,3.7,2022-10-27
FDK20,16.405,LF,0.010546,Breads,OUT017,2007,,Tier 2,Supermarket Type1,3375.0052,3.8,2023-05-21
FDQ41,6.054,Low Fat ,0.056288,Snack Foods,OUT045,2002,,Tier 2,Supermarket Type1,5835.7045,4.0,2022-03-28
FDN20,10.021,reg,0.030898,Baking Goods,OUT045,2002,,Tier 2,Supermarket Type1,3373.9169,3.3,2023-05-17
NCF24,14.729,LF,0.04308,Household,OUT027,1985,Medium,Tier 3,Supermarket Type3,4044.1373,3.6,2022-08-20
FDS33,13.86,LF,0.044582,Snack Foods,OUT049,1999,Medium,Tier 1,Supermarket Type1,1876.3965,3.8,2023-10-29
DRC26,13.648,reg,0.044192,Soft Drinks,OUT017,2007,,Tier 2,Supermarket Type1,1646.1279,3.6,2023-02-25
FDH23,19.557,LF,0.012283,Baking Goods,OUT035,2004,Small,Tier 2,Supermarket Type1,860.7934,4.1,2023-01-05
FDN16,,Regular,0.031192,Dairy,OUT045,2002,,Tier 2,Supermarket Type1,1845.2328,3.9,2022-12-29
NCS11,4.709,LF,0.018457,Others,OUT027,1985,Medium,Tier 3,Supermarket Type3,3557.1758,4.6,2023-02-05
FDE14,7.161,Low Fat,0.008329,Snack Foods,OUT019,1985,Small,Tier 1,Grocery Store,1289.1551,3.7,2022-10-24
NCB59,20.433,low fat,0.038483,Others,OUT045,2002,,Tier 2,Supermarket Type1,3247.7172,3.8,2022-11-14
FDS15,17.959,LF,0.044795,Breakfast,OUT013,1987,High,Tier 3,Supermarket Type1,2744.44,3.8,2023-01-01
NCP28,15.47,Low Fat,0.052257,Health and Hygiene,OUT017,2007,,Tier 2,Supermarket Type1,1472.7219,3.5,2022-06-28
FDB51,15.714,reg,0.058263,Fruits and Vegetables,OUT045,2002,,Tier 2,Supermarket Type1,3589.6883,4.5,2022-11-24
FDS13,19.828,Regular,0.104553,Meat,OUT013,1987,High,Tier 3,Supermarket Type1,5655.9014,4.2,2023-07-07
FDD34,,reg,0.03362,Baking Goods,OUT046,1997,Small,Tier 1,Supermarket Type1,1750.8828,4.2,2023-10-05
FDW32,5.723,reg,0.059809,Meat,OUT027,1985,Medium,Tier 3,Supermarket Type3,11397.4109,4.2,2022-12-24
FDJ24,21.146,Low Fat,0.061627,Frozen Foods,OUT046,1997,Small,Tier 1,Supermarket Type1,1323.5927,4.1,2022-01-13
FDM49,11.914,Low Fat ,0.06824,Fruits and Vegetables,OUT049,1999,Medium,Tier 1,Supermarket Type1,1346.3506,4.3,2022-08-31
FDD25,10.464,low fat,0.162084,Fruits and Vegetables,OUT027,1985,Medium,Tier 3,Supermarket Type3,13086.9648,4.201,2023-06-22
DRG39,,reg,0.048822,Hard Drinks,OUT017,2007,,Tier 2,Supermarket Type1,820.7922,4.0,2022-09-20
NCA31,11.841,low fat,0.127097,Household,OUT049,1999,Medium,Tier 1,Supermarket Type1,916.5812,3.9,2022-02-25
FDE13,18.625,reg,0.0955,Canned,OUT035,2004,Small,Tier 2,Supermarket Type1,1264.5425,4.181,2023-11-01
FDD42,12.364,Low Fat ,0.024562,Meat,OUT035,2004,Small,Tier 2,Supermarket Type1,2534.2263,3.7,2023-11-21
DRM48,5.751,low fat,0.054336,Soft Drinks,OUT017,2007,,Tier 2,Supermarket Type1,1018.7932,4.4,2023-11-18
FDW52,10.734,Regular,0.024658,Frozen Foods,OUT019,1985,Small,Tier 1,Grocery Store,1505.1327,3.867,2023-09-15
FDF47,7.343,LF,0.085756,Fruits and Vegetables,OUT019,1985,Small,Tier 1,Grocery Store,797.6497,3.6,2023-06-10
NCP36,,Low Fat ,0.0,Household,OUT027,1985,Medium,Tier 3,Supermarket Type3,2453.091,3.9,2022-08-29
NCD37,14.013,Low Fat,0.028856,Health and Hygiene,OUT010,1998,,Tier 3,Grocery Store,1145.6065,4.0,2023-05-30
FDJ39,7.398,Low Fat,0.140167,Snack Foods,OUT018,2009,Medium,Tier 3,Supermarket Type2,982.9638,4.3,2023-06-25
NCC20,6.176,low fat,0.040904,Household,OUT046,1997,Small,Tier 1,Supermarket Type1,3584.6633,3.7,2022-01-10
FDB49,10.108,Low Fat ,0.037365,Baking Goods,OUT049,1999,Medium,Tier 1,Supermarket Type1,2137.3734,4.8,2022-03-09
FDF47,7.343,low fat,0.059386,Fruits and Vegetables,OUT013,1987,High,Tier 3,Supermarket Type1,5191.5562,4.5,2023-08-18
FDJ57,8.897,LF,0.020083,Snack Foods,OUT035,2004,Small,Tier 2,Supermarket Type1,2779.8999,4.0,2022-01-27
FDJ43,19.335,low fat,0.054048,Canned,OUT045,2002,,Tier 2,Supermarket Type1,4443.6508,3.8,2022-02-15
FDQ27,14.858,Low Fat ,0.04219,Canned,OUT035,2004,Small,Tier 2,Supermarket Type1,1929.2436,4.1,2023-07-02
DRR35,13.958,Regular,0.0,Soft Drinks,OUT046,1997,Small,Tier 1,Supermarket Type1,1202.8891,3.536,2023-12-20
DRN57,,LF,0.040434,Soft Drinks,OUT027,1985,Medium,Tier 3,Supermarket Type3,1573.5315,3.9,2022-02-03
FDQ16,13.135,reg,0.026365,Baking Goods,OUT049,1999,Medium,Tier 1,Supermarket Type1,2382.5444,4.4,2022-09-08
FDP41,10.818,Low Fat ,0.042179,Frozen Foods,OUT010,1998,,Tier 3,Grocery Store,1084.7688,3.364,2023-11-17
FDC51,20.623,Low Fat ,0.091595,Dairy,OUT018,2009,Medium,Tier 3,Supermarket Type2,3883.0541,4.73,2022-09-10
DRX32,19.906,Low Fat ,0.01774,Soft Drinks,OUT035,2004,Small,Tier 2,Supermarket Type1,1285.0572,3.2,2023-12-17
FDC32,17.342,Low Fat ,0.09013,Breakfast,OUT035,2004,Small,Tier 2,Supermarket Type1,6829.6386,3.9,2023-05-12
FDS12,4.79,Regular,0.019897,Breads,OUT035,2004,Small,Tier 2,Supermarket Type1,1645.8358,3.7,2022-09-01
FDC31,10.353,Regular,0.054587,Snack Foods,OUT017,2007,,Tier 2,Supermarket Type1,3668.1174,3.975,2023-06-08
FDG26,6.906,Regular,0.047897,Dairy,OUT045,2002,,Tier 2,Supermarket Type1,2461.1905,5.0,2022-09-01
NCB40,12.466,low fat,0.058344,Health and Hygiene,OUT027,1985,Medium,Tier 3,Supermarket Type3,2276.2868,4.1,2022-04-14
FDV30,13.378,Low Fat ,0.135227,Breads,OUT046,1997,Small,Tier 1,Supermarket Type1,3955.7566,4.3,2023-04-26
FDV46,20.828,Low Fat,0.037112,Snack Foods,OUT017,2007,,Tier 2,Supermarket Type1,4157.4473,4.628,2023-12-06
FDB40,19.928, Regular,0.040968,Snack Foods,OUT046,1997,Small,Tier 1,Supermarket Type1,2451.9059,4.1,2022-09-24
FDD32,19.457, Regular,0.059143,Snack Foods,OUT018,2009,Medium,Tier 3,Supermarket Type2,1032.0351,3.7,2022-01-02
FDD46,11.853,Low Fat,0.006621,Canned,OUT045,2002,,Tier 2,Supermarket Type1,1897.9354,3.7,2022-07-11
DRY51,17.604,Regular,0.053249,Soft Drinks,OUT035,2004,Small,Tier 2,Supermarket Type1,1276.4981,3.7,2022-08-22
DRV56,8.239,reg,0.0,Hard Drinks,OUT046,1997,Small,Tier 1,Supermarket Type1,2634.9959,3.8,2022-11-06
FDG27,11.083,low fat,0.084345,Dairy,OUT027,1985,Medium,Tier 3,Supermarket Type3,7184.8266,3.9,2023-01-26
NCG56,,LF,0.05943,Health and Hygiene,OUT046,1997,Small,Tier 1,Supermarket Type1,2329.1604,4.0,2023-01-26
FDJ12,,reg,0.097375,Frozen Foods,OUT013,1987,High,Tier 3,Supermarket Type1,4720.8124,3.9,2023-06-12
FDN30,6.759,Low Fat,0.024367,Starchy Foods,OUT027,1985,Medium,Tier 3,Supermarket Type3,3713.5156,4.0,2022-07-24
FDY40,,Low Fat ,0.031499,Snack Foods,OUT018,2009,Medium,Tier 3,Supermarket Type2,4158.6361,3.8,2023-01-13
FDP51,,Low Fat,0.0,Frozen Foods,OUT027,1985,Medium,Tier 3,Supermarket Type3,1704.1328,4.2,2022-02-16
NCA24,16.225,low fat,0.033567,Others,OUT017,2007,,Tier 2,Supermarket Type1,2201.0914,3.5,2022-07-15
NCD48,14.802,Low Fat ,0.030483,Household,OUT035,2004,Small,Tier 2,Supermarket Type1,2604.4893,4.1,2023-09-13
FDM36,19.44,Low Fat,0.02678,Fruits and Vegetables,OUT046,1997,Small,Tier 1,Supermarket Type1,1227.9952,3.8,2022-04-11
NCH22,17.877,low fat,0.064357,Household,OUT013,1987,High,Tier 3,Supermarket Type1,675.0771,3.8,2022-09-18
DRS43,20.715, Regular,0.036998,Hard Drinks,OUT018,2009,Medium,Tier 3,Supermarket Type2,1787.3828,3.572,2022-06-18
NCD44,11.601,LF,0.080202,Household,OUT045,2002,,Tier 2,Supermarket Type1,2442.915,3.7,2023-07-11
FDN46,9.646,Low Fat,0.041272,Frozen Foods,OUT010,1998,,Tier 3,Grocery Store,736.5198,3.9,2023-06-06
FDN18,14.091,Regular,0.161951,Baking Goods,OUT019,1985,Small,Tier 1,Grocery Store,407.3192,3.6,2023-10-09
FDN47,8.632,low fat,0.27651,Fruits and Vegetables,OUT018,2009,Medium,Tier 3,Supermarket Type2,3822.9771,4.6,2023-10-22
FDK53,13.864,Low Fat ,0.055641,Snack Foods,OUT046,1997,Small,Tier 1,Supermarket Type1,907.9006,3.8,2023-01-16
FDH36,17.088,Regular,0.064742,Snack Foods,OUT049,1999,Medium,Tier 1,Supermarket Type1,1320.9789,4.626,2023-12-23
FDQ17,15.182, Regular,0.039871,Dairy,OUT018,2009,Medium,Tier 3,Supermarket Type2,2123.1763,4.362,2022-09-19
FDQ45,7.219,reg,0.023828,Frozen Foods,OUT045,2002,,Tier 2,Supermarket Type1,1266.4112,3.9,2022-07-11
FDC44,15.311,Low Fat,0.131767,Snack Foods,OUT017,2007,,Tier 2,Supermarket Type1,3149.1001,4.0,2022-12-18
FDH13,,reg,0.026493,Dairy,OUT049,1999,Medium,Tier 1,Supermarket Type1,285.7853,4.1,2022-09-14
NCS50,,Low Fat ,0.044937,Health and Hygiene,OUT049,1999,Medium,Tier 1,Supermarket Type1,2028.9567,3.5,2022-01-21
FDF59,13.494,LF,0.039776,Snack Foods,OUT018,2009,Medium,Tier 3,Supermarket Type2,5949.2381,4.7,2023-05-10
FDP13,9.114,Low Fat,0.028892,Baking Goods,OUT049,1999,Medium,Tier 1,Supermarket Type1,2048.4608,3.9,2022-12-02
FDE46,6.907,Low Fat,0.030712,Canned,OUT045,2002,,Tier 2,Supermarket Type1,4821.0632,3.5,2022-11-21
FDN10,,LF,0.010354,Snack Foods,OUT010,1998,,Tier 3,Grocery Store,1188.8664,4.3,2023-08-15
FDU11,5.68,low fat,0.055432,Breads,OUT035,2004,Small,Tier 2,Supermarket Type1,2696.0075,4.1,2023-06-07
FDG32,5.767,Regular,0.041186,Frozen Foods,OUT013,1987,High,Tier 3,Supermarket Type1,3086.5273,4.0,2022-10-11
FDK43,20.271, Regular,0.167424,Breads,OUT045,2002,,Tier 2,Supermarket Type1,3151.0506,3.8,2022-02-07
FDJ30,20.547,reg,0.065271,Snack Foods,OUT049,1999,Medium,Tier 1,Supermarket Type1,2825.9225,4.6,2023-04-22
FDC36,11.757,Low Fat,0.037267,Canned,OUT046,1997,Small,Tier 1,Supermarket Type1,1123.6766,3.9,2022-11-18
FDF28,8.735,LF,0.099941,Baking Goods,OUT018,2009,Medium,Tier 3,Supermarket Type2,4442.4058,3.9,2023-12-16
FDJ58,,Low Fat,0.124497,Meat,OUT049,1999,Medium,Tier 1,Supermarket Type1,3725.8208,3.9,2022-01-10
FDQ21,7.627,LF,0.14448,Snack Foods,OUT010,1998,,Tier 3,Grocery Store,479.3843,3.6,2023-02-17
FDK23,,LF,0.066839,Meat,OUT045,2002,,Tier 2,Supermarket Type1,4102.9774,4.3,2022-04-16
FDQ45,7.219, Regular,0.053781,Frozen Foods,OUT046,1997,Small,Tier 1,Supermarket Type1,2220.639,4.3,2023-04-29
FDD59,8.724, Regular,0.038332,Dairy,OUT017,2007,,Tier 2,Supermarket Type1,3955.5473,4.2,2023-04-15
FDJ39,7.398,Low Fat,0.027167,Snack Foods,OUT045,2002,,Tier 2,Supermarket Type1,2197.4095,3.5,2023-03-29
FDN10,14.799,LF,0.018642,Snack Foods,OUT018,2009,Medium,Tier 3,Supermarket Type2,4464.1944,4.3,2023-03-06
FDE45,9.688, Regular,0.109633,Snack Foods,OUT019,1985,Small,Tier 1,Grocery Store,2368.1711,3.8,2022-04-24
FDD37,13.509,reg,0.067899,Fruits and Vegetables,OUT027,1985,Medium,Tier 3,Supermarket Type3,3705.2644,3.7,2023-07-01
NCB17,17.144,Low Fat,0.0,Health and Hygiene,OUT046,1997,Small,Tier 1,Supermarket Type1,1782.5019,3.4,2022-10-18
NCG16,5.034,low fat,0.02055,Others,OUT035,2004,Small,Tier 2,Supermarket Type1,2450.045,3.6,2023-11-05
DRR52,19.645,low fat,0.065609,Hard Drinks,OUT018,2009,Medium,Tier 3,Supermarket Type2,4435.7657,4.101,2023-07-04
FDG51,14.009,LF,0.078844,Dairy,OUT027,1985,Medium,Tier 3,Supermarket Type3,10947.0039,4.4,2023-12-06
FDH32,17.419,reg,0.023348,Baking Goods,OUT045,2002,,Tier 2,Supermarket Type1,3737.5046,3.4,2023-12-24
DRF51,19.821,Low Fat,0.032289,Hard Drinks,OUT017,2007,,Tier 2,Supermarket Type1,5630.8739,3.6,2023-04-29
NCD43,4.942,low fat,0.120961,Household,OUT046,1997,Small,Tier 1,Supermarket Type1,680.1917,4.117,2022-03-21
NCS49,13.575,Low Fat,0.045142,Health and Hygiene,OUT017,2007,,Tier 2,Supermarket Type1,1650.9811,4.068,2022-02-15
FDD32,19.457,Regular,0.050375,Snack Foods,OUT046,1997,Small,Tier 1,Supermarket Type1,5935.852,3.9,2023-09-23
FDJ14,16.971, Regular,0.165476,Fruits and Vegetables,OUT017,2007,,Tier 2,Supermarket Type1,6243.7767,5.0,2022-11-15
FDB35,6.68,LF,0.023664,Frozen Foods,OUT049,1999,Medium,Tier 1,Supermarket Type1,2434.2193,3.5,2022-09-05
FDF53,18.916,reg,0.074978,Baking Goods,OUT013,1987,High,Tier 3,Supermarket Type1,2038.391,3.763,2023-12-24
FDS13,19.828, Regular,0.223019,Meat,OUT049,1999,Medium,Tier 1,Supermarket Type1,2897.6001,3.3,2023-01-10
FDA22,,Regular,0.072835,Canned,OUT046,1997,Small,Tier 1,Supermarket Type1,1804.714,3.8,2022-04-29
FDH25,18.309, Regular,0.053499,Snack Foods,OUT018,2009,Medium,Tier 3,Supermarket Type2,2938.8127,3.926,2023-04-11
FDE57,9.617,Low Fat ,0.100703,Starchy Foods,OUT013,1987,High,Tier 3,Supermarket Type1,2473.9829,4.2,2022-03-05
FDU42,,Low Fat,0.100103,Frozen Foods,OUT018,2009,Medium,Tier 3,Supermarket Type2,1941.6911,4.0,2022-08-27
FDY33,7.095,Low Fat ,0.033798,Breads,OUT035,2004,Small,Tier 2,Supermarket Type1,1723.6937,4.2,2022-07-29
FDS49,5.15, Regular,0.05274,Fruits and Vegetables,OUT049,1999,Medium,Tier 1,Supermarket Type1,2001.7927,4.4,2022-09-03
FDV25,19.906,Low Fat,0.080271,Dairy,OUT045,2002,,Tier 2,Supermarket Type1,1419.7999,3.7,2023-12-09
FDR30,11.886,Low Fat ,0.039476,Meat,OUT017,2007,,Tier 2,Supermarket Type1,9090.6686,3.9,2022-04-19
FDJ10,, Regular,0.046633,Breakfast,OUT035,2004,Small,Tier 2,Supermarket Type1,1864.9664,3.8,2023-06-17
FDB41,13.163,Low Fat,0.070093,Breads,OUT045,2002,,Tier 2,Supermarket Type1,3249.18,3.8,2022-08-28
FDQ44,,Low Fat ,0.031509,Dairy,OUT035,2004,Small,Tier 2,Supermarket Type1,4777.2203,4.0,2022-12-07
FDQ30,6.323,reg,0.080447,Meat,OUT045,2002,,Tier 2,Supermarket Type1,2339.4528,4.021,2023-02-18
FDC39,5.657,Low Fat ,0.043719,Snack Foods,OUT045,2002,,Tier 2,Supermarket Type1,2929.6445,3.6,2023-12-20
FDU10,10.801,LF,0.10196,Frozen Foods,OUT010,1998,,Tier 3,Grocery Store,2456.9245,4.3,2023-11-26
NCM57,11.429,Low Fat ,0.05505,Health and Hygiene,OUT046,1997,Small,Tier 1,Supermarket Type1,1263.6778,3.4,2022-03-07
FDN23,,Low Fat,0.032237,Fruits and Vegetables,OUT049,1999,Medium,Tier 1,Supermarket Type1,3917.4901,3.932,2023-06-17
DRK30,4.594,LF,0.02782,Soft Drinks,OUT035,2004,Small,Tier 2,Supermarket Type1,4159.7828,4.1,2023-09-03
NCW19,15.861,Low Fat ,0.042902,Health and Hygiene,OUT027,1985,Medium,Tier 3,Supermarket Type3,5264.225,4.1,2023-10-23
NCM19,20.634,Low Fat,0.050542,Health and Hygiene,OUT013,1987,High,Tier 3,Supermarket Type1,1703.9677,3.9,2022-01-04
FDH51,14.138,Low Fat,0.047989,Fruits and Vegetables,OUT010,1998,,Tier 3,Grocery Store,1623.1154,4.112,2022-04-22
FDN58,5.263,Regular,0.04471,Canned,OUT013,1987,High,Tier 3,Supermarket Type1,2440.3367,3.5,2023-06-05
FDS24,7.131,LF,0.05017,Fruits and Vegetables,OUT035,2004,Small,Tier 2,Supermarket Type1,5022.2428,3.7,2023-02-14
FDP12,8.51,Low Fat ,0.080715,Meat,OUT013,1987,High,Tier 3,Supermarket Type1,2852.2018,3.4,2023-08-17
FDX47,11.08,Low Fat,0.0,Meat,OUT045,2002,,Tier 2,Supermarket Type1,2356.424,3.7,2022-04-08
FDE42,21.003, Regular,0.022548,Snack Foods,OUT035,2004,Small,Tier 2,Supermarket Type1,1085.2229,4.2,2023-02-25
FDF42,16.398, Regular,0.092494,Snack Foods,OUT013,1987,High,Tier 3,Supermarket Type1,2164.5937,4.4,2022-07-07
NCG46,16.749,Low Fat ,0.145373,Others,OUT045,2002,,Tier 2,Supermarket Type1,728.3245,3.6,2022-06-22
FDS25,4.842,Low Fat,0.048821,Dairy,OUT017,2007,,Tier 2,Supermarket Type1,13086.9648,3.8,2023-12-27
DRX32,19.906,LF,0.050933,Soft Drinks,OUT010,1998,,Tier 3,Grocery Store,776.5114,4.3,2023-03-21
FDW11,9.673,low fat,0.031983,Fruits and Vegetables,OUT035,2004,Small,Tier 2,Supermarket Type1,742.8452,4.4,2023-09-05
DRQ43,6.048,reg,0.070727,Hard Drinks,OUT027,1985,Medium,Tier 3,Supermarket Type3,2793.7551,4.1,2022-06-20
FDN52,15.635,low fat,0.017741,Snack Foods,OUT017,2007,,Tier 2,Supermarket Type1,1859.8922,3.9,2023-02-01
FDG28,,Low Fat ,0.056344,Meat,OUT013,1987,High,Tier 3,Supermarket Type1,2021.339,4.6,2023-07-18
FDK55,20.937,low fat,0.009031,Starchy Foods,OUT046,1997,Small,Tier 1,Supermarket Type1,2105.9376,4.3,2023-07-22
DRA30,7.906, Regular,0.056217,Soft Drinks,OUT017,2007,,Tier 2,Supermarket Type1,2036.2301,3.4,2023-10-30
FDD58,7.814,Regular,0.067224,Fruits and Vegetables,OUT018,2009,Medium,Tier 3,Supermarket Type2,1935.444,3.6,2023-06-29
FDG28,19.838,low fat,0.053094,Meat,OUT018,2009,Medium,Tier 3,Supermarket Type2,1717.8989,3.8,2022-09-25
NCV14,,Low Fat ,0.026412,Household,OUT045,2002,,Tier 2,Supermarket Type1,709.1477,3.8,2022-12-28
FDQ23,11.436,low fat,0.067608,Breads,OUT045,2002,,Tier 2,Supermarket Type1,2587.0954,4.3,2022-11-24
FDY20,11.657,Low Fat,0.015563,Frozen Foods,OUT046,1997,Small,Tier 1,Supermarket Type1,2626.2667,4.4,2023-10-08
FDH46,,reg,0.074105,Baking Goods,OUT049,1999,Medium,Tier 1,Supermarket Type1,2859.0957,3.6,2023-11-03
FDG41,7.976,low fat,0.083041,Starchy Foods,OUT018,2009,Medium,Tier 3,Supermarket Type2,1901.5629,4.0,2023-01-10
FDU20,8.008,Low Fat,0.05474,Dairy,OUT045,2002,,Tier 2,Supermarket Type1,2870.9626,4.5,2022-12-01
DRS39,19.12,LF,0.059188,Soft Drinks,OUT018,2009,Medium,Tier 3,Supermarket Type2,2592.5457,4.2,2022-08-11
FDY35,15.905,reg,0.057845,Canned,OUT035,2004,Small,Tier 2,Supermarket Type1,890.0353,3.6,2022-10-24
FDX21,13.66,low fat,0.046687,Dairy,OUT049,1999,Medium,Tier 1,Supermarket Type1,1398.1909,3.765,2022-11-14
FDG22,10.716,LF,0.0,Canned,OUT046,1997,Small,Tier 1,Supermarket Type1,1656.9085,3.5,2022-02-09
FDH52,,Low Fat ,0.091557,Baking Goods,OUT046,1997,Small,Tier 1,Supermarket Type1,921.0574,4.0,2022-08-28
FDG17,16.541,Low Fat,0.044263,Fruits and Vegetables,OUT017,2007,,Tier 2,Supermarket Type1,2449.7673,3.9,2023-04-26
FDB39,,LF,0.035525,Breads,OUT019,1985,Small,Tier 1,Grocery Store,499.1328,3.4,2022-12-25
FDV27,5.974,Regular,0.036412,Fruits and Vegetables,OUT046,1997,Small,Tier 1,Supermarket Type1,999.1402,4.4,2023-05-29
FDH44,,Low Fat,0.095512,Meat,OUT017,2007,,Tier 2,Supermarket Type1,6762.3878,3.7,2023-10-31
DRJ23,19.745,reg,0.033876,Soft Drinks,OUT049,1999,Medium,Tier 1,Supermarket Type1,2710.4105,3.7,2023-11-27
NCU55,18.587,Low Fat,0.036996,Household,OUT018,2009,Medium,Tier 3,Supermarket Type2,4544.8767,4.2,2023-09-08
FDE46,6.907,low fat,0.021716,Canned,OUT035,2004,Small,Tier 2,Supermarket Type1,2328.6693,3.7,2023-02-15
NCA18,7.4,Low Fat ,0.053115,Household,OUT027,1985,Medium,Tier 3,Supermarket Type3,6396.7295,4.0,2022-12-25
FDS49,,Regular,0.098257,Fruits and Vegetables,OUT045,2002,,Tier 2,Supermarket Type1,1569.6326,4.0,2022-01-08
FDX48,11.016,LF,0.047548,Dairy,OUT049,1999,Medium,Tier 1,Supermarket Type1,2202.2906,3.8,2022-02-02
FDY53,13.553,Low Fat,0.096133,Frozen Foods,OUT035,2004,Small,Tier 2,Supermarket Type1,1551.8111,4.1,2022-10-24
FDQ52,5.784,Regular,0.020833,Fruits and Vegetables,OUT035,2004,Small,Tier 2,Supermarket Type1,4117.5415,4.228,2023-09-16
FDD51,5.897,Low Fat ,0.034554,Dairy,OUT046,1997,Small,Tier 1,Supermarket Type1,1001.4716,4.2,2022-05-29
NCW40,15.489,Low Fat ,0.040043,Household,OUT027,1985,Medium,Tier 3,Supermarket Type3,2056.9779,4.288,2023-02-12
FDN28,21.282,reg,0.0,Snack Foods,OUT035,2004,Small,Tier 2,Supermarket Type1,4814.677,4.3,2023-01-04
FDJ58,12.906,Low Fat,0.021685,Meat,OUT045,2002,,Tier 2,Supermarket Type1,2343.4041,4.5,2023-06-07
FDK44,18.796,LF,0.03752,Frozen Foods,OUT018,2009,Medium,Tier 3,Supermarket Type2,4562.129,4.3,2022-10-18
FDV47,6.823,Low Fat,0.050694,Frozen Foods,OUT035,2004,Small,Tier 2,Supermarket Type1,4317.4025,4.0,2023-05-13
NCG25,16.951,LF,0.10381,Health and Hygiene,OUT027,1985,Medium,Tier 3,Supermarket Type3,9531.5589,4.0,2022-01-18
DRM59,6.384,Low Fat ,0.019172,Soft Drinks,OUT019,1985,Small,Tier 1,Grocery Store,692.5297,4.437,2023-01-07
NCC13,11.653,Low Fat ,0.033612,Health and Hygiene,OUT045,2002,,Tier 2,Supermarket Type1,1804.7408,4.0,2023-07-05
FDK42,12.402,low fat,0.046258,Dairy,OUT013,1987,High,Tier 3,Supermarket Type1,2422.5351,4.2,2022-05-09
FDW53,12.437,LF,0.050424,Snack Foods,OUT017,2007,,Tier 2,Supermarket Type1,1663.9871,4.3,2023-02-03
NCX23,5.977,Low Fat,0.030701,Household,OUT049,1999,Medium,Tier 1,Supermarket Type1,1252.4014,4.6,2023-05-02
FDD25,,low fat,0.071622,Fruits and Vegetables,OUT046,1997,Small,Tier 1,Supermarket Type1,1446.8722,3.8,2022-07-19
FDJ51,10.605, Regular,0.023492,Meat,OUT013,1987,High,Tier 3,Supermarket Type1,2721.5745,3.7,2022-10-25
DRX23,,Low Fat,0.024248,Soft Drinks,OUT013,1987,High,Tier 3,Supermarket Type1,4803.4708,3.9,2022-10-26
FDQ37,, Regular,0.053735,Snack Foods,OUT027,1985,Medium,Tier 3,Supermarket Type3,4571.894,4.5,2023-06-13
DRC26,,reg,0.046294,Soft Drinks,OUT045,2002,,Tier 2,Supermarket Type1,3825.7134,3.7,2022-10-05
FDU29,11.878,Low Fat,0.04636,Snack Foods,OUT013,1987,High,Tier 3,Supermarket Type1,5542.3154,4.0,2023-05-20
FDY21,7.286,Low Fat,0.059277,Meat,OUT013,1987,High,Tier 3,Supermarket Type1,6092.6227,4.2,2022-12-19
NCH42,17.427,LF,0.025762,Others,OUT013,1987,High,Tier 3,Supermarket Type1,3570.3701,4.2,2023-01-26
FDP52,21.314,low fat,0.04403,Fruits and Vegetables,OUT035,2004,Small,Tier 2,Supermarket Type1,5582.6629,4.1,2022-05-29
NCG35,9.968,Low Fat,0.099639,Household,OUT049,1999,Medium,Tier 1,Supermarket Type1,8865.9892,4.6,2023-08-26
NCX27,6.221,low fat,0.084128,Household,OUT049,1999,Medium,Tier 1,Supermarket Type1,2583.1557,4.7,2022-04-02
FDW52,10.734,Regular,0.02754,Frozen Foods,OUT035,2004,Small,Tier 2,Supermarket Type1,1690.0288,3.8,2023-09-07
FDW47,6.385,Regular,0.050281,Breads,OUT017,2007,,Tier 2,Supermarket Type1,730.9959,3.836,2022-03-09
NCB30,16.23,low fat,0.079841,Health and Hygiene,OUT046,1997,Small,Tier 1,Supermarket Type1,908.5044,3.8,2023-11-16
FDK50,12.18,low fat,0.043253,Baking Goods,OUT046,1997,Small,Tier 1,Supermarket Type1,3290.9499,3.7,2022-04-23
FDY46,13.346,reg,0.064374,Fruits and Vegetables,OUT049,1999,Medium,Tier 1,Supermarket Type1,2056.6387,4.1,2022-10-21
FDH10,6.778,Low Fat ,0.018088,Dairy,OUT046,1997,Small,Tier 1,Supermarket Type1,3442.919,5.0,2023-03-20
FDW43,20.391, Regular,0.019751,Snack Foods,OUT035,2004,Small,Tier 2,Supermarket Type1,724.3485,3.7,2022-02-18
NCW15,17.547,Low Fat ,0.022885,Health and Hygiene,OUT046,1997,Small,Tier 1,Supermarket Type1,4764.4635,4.0,2022-08-08
FDM51,8.576, Regular,0.055543,Baking Goods,OUT013,1987,High,Tier 3,Supermarket Type1,2050.1052,3.5,2023-11-19
FDJ27,17.271,low fat,0.016003,Snack Foods,OUT013,1987,High,Tier 3,Supermarket Type1,1746.6987,4.8,2022-06-17
FDS39,,LF,0.107748,Fruits and Vegetables,OUT045,2002,,Tier 2,Supermarket Type1,6649.1579,3.9,2023-10-06
FDX22,16.516,LF,0.047351,Frozen Foods,OUT013,1987,High,Tier 3,Supermarket Type1,5207.0244,3.9,2022-06-08
FDG58,11.849,Regular,0.019256,Snack Foods,OUT017,2007,,Tier 2,Supermarket Type1,4298.4246,3.9,2023-10-28
DRG26,19.789,low fat,0.020555,Soft Drinks,OUT035,2004,Small,Tier 2,Supermarket Type1,2893.7468,4.2,2022-12-29
NCE10,8.542,low fat,0.033386,Health and Hygiene,OUT045,2002,,Tier 2,Supermarket Type1,1472.8563,3.4,2023-04-29
FDH10,6.778,Low Fat,0.032789,Dairy,OUT013,1987,High,Tier 3,Supermarket Type1,1318.8943,4.0,2023-04-21
FDS37,15.272,Low Fat ,0.0,Canned,OUT046,1997,Small,Tier 1,Supermarket Type1,1385.1975,3.6,2023-07-17
NCN40,,Low Fat,0.064955,Household,OUT045,2002,,Tier 2,Supermarket Type1,4293.3015,4.6,2023-10-25
FDB58,,low fat,0.018322,Frozen Foods,OUT013,1987,High,Tier 3,Supermarket Type1,1413.792,3.9,2022-06-14
FDH10,6.778,low fat,0.085398,Dairy,OUT045,2002,,Tier 2,Supermarket Type1,2231.7152,4.633,2022-06-19
FDN51,19.659,Low Fat ,0.034335,Dairy,OUT049,1999,Medium,Tier 1,Supermarket Type1,2054.0302,4.1,2023-02-10
FDU18,17.707,low fat,0.045756,Frozen Foods,OUT013,1987,High,Tier 3,Supermarket Type1,2297.6795,3.631,2023-02-18
FDV24,13.227,Low Fat,0.044717,Breakfast,OUT027,1985,Medium,Tier 3,Supermarket Type3,6422.5111,4.1,2022-11-03
FDN58,5.263, Regular,0.042732,Canned,OUT018,2009,Medium,Tier 3,Supermarket Type2,1058.7126,4.0,2023-06-10
FDA52,,Regular,0.024052,Canned,OUT049,1999,Medium,Tier 1,Supermarket Type1,3528.4984,4.076,2022-09-04
FDR56,20.984,Low Fat ,0.019318,Frozen Foods,OUT017,2007,,Tier 2,Supermarket Type1,2448.0203,3.9,2023-01-25
FDD16,18.287,Low Fat ,0.026046,Meat,OUT019,1985,Small,Tier 1,Grocery Store,2003.5999,4.2,2022-12-19
NCB29,20.014,Low Fat,0.048243,Health and Hygiene,OUT027,1985,Medium,Tier 3,Supermarket Type3,1709.0119,3.6,2022-04-27
DRD28,12.916,LF,0.062574,Hard Drinks,OUT018,2009,Medium,Tier 3,Supermarket Type2,2152.3101,3.5,2023-08-07
FDJ57,8.897,Low Fat ,0.048729,Snack Foods,OUT045,2002,,Tier 2,Supermarket Type1,1388.7521,3.4,2023-01-30
FDC16,11.398,reg,0.160241,Seafood,OUT027,1985,Medium,Tier 3,Supermarket Type3,7956.7479,3.7,2023-07-13
FDW38,13.506,LF,0.033341,Snack Foods,OUT017,2007,,Tier 2,Supermarket Type1,2261.9178,4.6,2023-09-27
FDH22,18.209, Regular,0.074442,Canned,OUT027,1985,Medium,Tier 3,Supermarket Type3,2878.3132,3.5,2022-04-28
FDP42,10.581,Low Fat ,0.087211,Canned,OUT046,1997,Small,Tier 1,Supermarket Type1,8030.8558,4.2,2023-05-22
FDB38,6.704,Low Fat,0.092227,Fruits and Vegetables,OUT027,1985,Medium,Tier 3,Supermarket Type3,2110.6833,4.171,2022-06-05
FDX57,14.882,LF,0.044662,Meat,OUT046,1997,Small,Tier 1,Supermarket Type1,3624.8419,3.7,2022-05-29
FDC30,,reg,0.073497,Dairy,OUT019,1985,Small,Tier 1,Grocery Store,2755.4897,3.709,2023-12-25
NCM19,20.634,LF,0.109375,Health and Hygiene,OUT027,1985,Medium,Tier 3,Supermarket Type3,2956.0745,3.7,2022-04-06
DRD28,12.916,LF,0.029136,Hard Drinks,OUT045,2002,,Tier 2,Supermarket Type1,3635.0818,4.0,2023-02-08
FDY45,18.592,Low Fat,0.035233,Meat,OUT049,1999,Medium,Tier 1,Supermarket Type1,373.1936,4.368,2022-04-09
NCN55,9.065,low fat,0.081205,Others,OUT010,1998,,Tier 3,Grocery Store,967.3674,3.8,2022-10-11
FDK29,12.272,reg,0.055882,Baking Goods,OUT027,1985,Medium,Tier 3,Supermarket Type3,3512.6258,4.1,2022-08-18
FDQ13,17.802,Low Fat,0.0,Fruits and Vegetables,OUT035,2004,Small,Tier 2,Supermarket Type1,2961.7603,4.0,2022-09-22
FDS34,12.787,Regular,0.022218,Baking Goods,OUT046,1997,Small,Tier 1,Supermarket Type1,1514.0217,3.4,2022-12-04
DRK42,18.35,low fat,0.053086,Hard Drinks,OUT013,1987,High,Tier 3,Supermarket Type1,1782.9079,3.7,2022-08-27
FDX35,5.017,Low Fat,0.100722,Starchy Foods,OUT027,1985,Medium,Tier 3,Supermarket Type3,10326.0416,3.8,2022-10-30
NCM44,15.08,Low Fat,0.018435,Others,OUT045,2002,,Tier 2,Supermarket Type1,4666.3279,3.5,2023-08-14
FDE45,9.688,Regular,0.051178,Snack Foods,OUT049,1999,Medium,Tier 1,Supermarket Type1,1083.4032,3.4,2023-09-30
FDJ47,7.268,LF,0.042404,Snack Foods,OUT018,2009,Medium,Tier 3,Supermarket Type2,5036.6848,4.212,2023-05-14
FDE52,11.89,Low Fat ,0.078725,Canned,OUT049,1999,Medium,Tier 1,Supermarket Type1,1872.8354,4.2,2022-04-17
FDB48,,reg,0.031427,Breakfast,OUT018,2009,Medium,Tier 3,Supermarket Type2,4182.0071,3.9,2023-03-30
FDE47,14.375,low fat,0.063004,Canned,OUT017,2007,,Tier 2,Supermarket Type1,2408.6269,4.0,2022-03-10
FDV44,,LF,0.025598,Fruits and Vegetables,OUT010,1998,,Tier 3,Grocery Store,1376.5608,4.7,2023-07-27
NCE16,5.286,LF,0.03988,Health and Hygiene,OUT017,2007,,Tier 2,Supermarket Type1,1338.7015,4.1,2022-03-29
FDA31,5.689,Regular,0.025266,Dairy,OUT027,1985,Medium,Tier 3,Supermarket Type3,5685.9476,4.2,2023-09-26
NCR21,17.495,LF,0.035336,Household,OUT018,2009,Medium,Tier 3,Supermarket Type2,1174.3758,3.892,2022-07-31
FDH23,19.557,low fat,0.084732,Baking Goods,OUT046,1997,Small,Tier 1,Supermarket Type1,1786.473,4.3,2023-05-22
NCM46,,low fat,0.035867,Others,OUT019,1985,Small,Tier 1,Grocery Store,927.0731,3.8,2022-09-26
FDQ13,17.802,LF,0.039119,Fruits and Vegetables,OUT027,1985,Medium,Tier 3,Supermarket Type3,1636.799,4.8,2022-06-07
FDM18,18.796,low fat,0.03732,Meat,OUT017,2007,,Tier 2,Supermarket Type1,2107.9457,3.514,2023-04-03
FDF26,,low fat,0.0579,Fruits and Vegetables,OUT027,1985,Medium,Tier 3,Supermarket Type3,4305.1522,3.9,2023-08-02
NCF52,8.729,low fat,0.029655,Household,OUT046,1997,Small,Tier 1,Supermarket Type1,1491.7595,3.9,2022-09-06
FDC13,13.006,Low Fat ,0.065886,Seafood,OUT010,1998,,Tier 3,Grocery Store,1082.575,4.3,2023-02-03
FDC30,10.684,Regular,0.092165,Dairy,OUT049,1999,Medium,Tier 1,Supermarket Type1,2254.0825,4.621,2022-09-10
FDV27,5.974,reg,0.020953,Fruits and Vegetables,OUT018,2009,Medium,Tier 3,Supermarket Type2,11107.1184,4.6,2022-10-09
FDP20,,LF,0.083351,Fruits and Vegetables,OUT019,1985,Small,Tier 1,Grocery Store,1076.7298,4.6,2023-06-30
FDE52,11.89,low fat,0.058455,Canned,OUT027,1985,Medium,Tier 3,Supermarket Type3,6775.9609,4.1,2022-10-29
FDF44,14.414,Low Fat ,0.031165,Starchy Foods,OUT013,1987,High,Tier 3,Supermarket Type1,4099.2039,3.839,2023-09-06
FDH46,8.263,Regular,0.030031,Baking Goods,OUT027,1985,Medium,Tier 3,Supermarket Type3,4470.6598,4.0,2023-11-27
FDW15,5.699,Low Fat ,0.098618,Snack Foods,OUT027,1985,Medium,Tier 3,Supermarket Type3,1084.7935,4.1,2022-12-20
NCF58,12.655,low fat,0.045268,Household,OUT017,2007,,Tier 2,Supermarket Type1,4613.3149,4.339,2023-12-21
FDE54,12.08,LF,0.033007,Frozen Foods,OUT045,2002,,Tier 2,Supermarket Type1,4612.7088,4.3,2023-02-18
FDX47,11.08,Low Fat ,0.053218,Meat,OUT035,2004,Small,Tier 2,Supermarket Type1,6132.4054,4.6,2023-02-15
FDX24,12.548,Regular,0.028267,Frozen Foods,OUT013,1987,High,Tier 3,Supermarket Type1,2235.7975,4.3,2022-02-11
DRE22,18.87,low fat,0.091523,Soft Drinks,OUT013,1987,High,Tier 3,Supermarket Type1,2864.4939,3.896,2022-11-28
FDM52,8.427,LF,0.023949,Snack Foods,OUT035,2004,Small,Tier 2,Supermarket Type1,2340.6846,3.9,2022-12-16
DRY34,,reg,0.058172,Hard Drinks,OUT019,1985,Small,Tier 1,Grocery Store,6171.5037,3.9,2022-10-05
FDV51,,Regular,0.095232,Fruits and Vegetables,OUT027,1985,Medium,Tier 3,Supermarket Type3,5113.8388,4.1,2022-07-08
FDP20,18.251,LF,0.123899,Fruits and Vegetables,OUT017,2007,,Tier 2,Supermarket Type1,4149.227,3.91,2023-10-10
NCN59,8.165,Low Fat,0.06797,Household,OUT049,1999,Medium,Tier 1,Supermarket Type1,1486.2544,3.562,2023-01-06
NCJ46,7.234,LF,0.0522,Health and Hygiene,OUT027,1985,Medium,Tier 3,Supermarket Type3,2328.0497,3.535,2023-01-25
NCF33,14.13,Low Fat ,0.0,Health and Hygiene,OUT010,1998,,Tier 3,Grocery Store,341.7993,4.0,2023-04-11
FDW30,5.672,reg,0.021961,Baking Goods,OUT027,1985,Medium,Tier 3,Supermarket Type3,3705.3761,3.6,2023-09-22
FDP54,,reg,0.044882,Snack Foods,OUT018,2009,Medium,Tier 3,Supermarket Type2,2114.4382,4.3,2022-06-04
FDP41,10.818,low fat,0.04807,Frozen Foods,OUT046,1997,Small,Tier 1,Supermarket Type1,2662.4963,4.0,2022-06-10
FDM27,,Regular,0.040596,Frozen Foods,OUT013,1987,High,Tier 3,Supermarket Type1,3311.695,4.2,2023-05-14
FDA31,5.689,Regular,0.06163,Dairy,OUT013,1987,High,Tier 3,Supermarket Type1,4844.9727,3.9,2023-11-05
FDE44,6.406,Regular,0.053762,Fruits and Vegetables,OUT013,1987,High,Tier 3,Supermarket Type1,5245.3768,3.6,2023-09-22
FDP28,12.295,Regular,0.05138,Baking Goods,OUT013,1987,High,Tier 3,Supermarket Type1,2152.8959,3.7,2023-01-24
DRN40,16.945,Low Fat ,0.029375,Soft Drinks,OUT035,2004,Small,Tier 2,Supermarket Type1,1756.6129,3.8,2023-05-30
FDP16,20.034,Regular,0.0,Snack Foods,OUT013,1987,High,Tier 3,Supermarket Type1,2648.1547,4.2,2022-11-23
FDM11,10.74,LF,0.155473,Fruits and Vegetables,OUT045,2002,,Tier 2,Supermarket Type1,4319.4586,3.9,2023-08-27
FDW35,20.905,Low Fat,0.05177,Breakfast,OUT017,2007,,Tier 2,Supermarket Type1,8736.7527,4.1,2023-08-16
NCP55,13.831,Low Fat,0.048097,Household,OUT013,1987,High,Tier 3,Supermarket Type1,1642.1501,3.9,2022-03-22
FDP54,8.636,Regular,0.033145,Snack Foods,OUT013,1987,High,Tier 3,Supermarket Type1,891.905,4.5,2022-05-12
FDG26,,Regular,0.0,Dairy,OUT049,1999,Medium,Tier 1,Supermarket Type1,5488.1383,3.5,2022-12-31
NCU31,,low fat,0.082167,Others,OUT017,2007,,Tier 2,Supermarket Type1,726.3936,3.6,2022-06-08
FDV13,15.281,Low Fat ,0.0,Fruits and Vegetables,OUT017,2007,,Tier 2,Supermarket Type1,1533.2666,4.122,2023-06-27
DRP23,8.296,Regular,0.050095,Soft Drinks,OUT027,1985,Medium,Tier 3,Supermarket Type3,1181.114,3.597,2022-02-01
FDM48,18.414,Regular,0.015943,Dairy,OUT046,1997,Small,Tier 1,Supermarket Type1,3611.7307,4.207,2023-08-24
DRE51,20.622,Low Fat,0.062873,Soft Drinks,OUT045,2002,,Tier 2,Supermarket Type1,3130.1023,3.9,2022-11-25
DRB37,16.928,Low Fat,0.137833,Soft Drinks,OUT049,1999,Medium,Tier 1,Supermarket Type1,1860.9879,3.5,2022-10-13
FDX53,10.726,Regular,0.072623,Frozen Foods,OUT045,2002,,Tier 2,Supermarket Type1,5576.7992,4.3,2022-08-14
FDA23,10.56,Low Fat,0.043935,Baking Goods,OUT049,1999,Medium,Tier 1,Supermarket Type1,5017.5106,4.2,2023-12-21
FDG11,13.626,reg,0.0,Fruits and Vegetables,OUT035,2004,Small,Tier 2,Supermarket Type1,1686.5496,4.3,2023-01-14
FDB28,18.916,low fat,0.054204,Canned,OUT027,1985,Medium,Tier 3,Supermarket Type3,5272.9321,4.3,2023-08-16
FDX47,11.08,Low Fat,0.062025,Meat,OUT017,2007,,Tier 2,Supermarket Type1,3655.735,4.534,2022-10-19
FDF16,19.706,Low Fat ,0.039005,Fruits and Vegetables,OUT046,1997,Small,Tier 1,Supermarket Type1,2434.1306,4.0,2023-10-18
DRC11,,reg,0.02279,Soft Drinks,OUT018,2009,Medium,Tier 3,Supermarket Type2,5148.6375,4.3,2023-05-31
NCS11,4.709,low fat,0.054008,Others,OUT035,2004,Small,Tier 2,Supermarket Type1,3044.1486,3.5,2023-09-12
FDC37,20.067,Regular,0.024055,Meat,OUT027,1985,Medium,Tier 3,Supermarket Type3,7980.0579,3.9,2022-10-28
FDB54,10.299, Regular,0.071981,Meat,OUT019,1985,Small,Tier 1,Grocery Store,426.6052,4.8,2022-06-07
DRG58,5.761,reg,0.038489,Hard Drinks,OUT017,2007,,Tier 2,Supermarket Type1,1688.6368,4.1,2022-04-18
FDU43,9.272, Regular,0.0,Frozen Foods,OUT017,2007,,Tier 2,Supermarket Type1,759.1724,3.9,2023-03-18
FDF13,5.222,Low Fat ,0.053891,Canned,OUT046,1997,Small,Tier 1,Supermarket Type1,2347.9973,3.9,2022-01-26
FDE22,,reg,0.018757,Canned,OUT019,1985,Small,Tier 1,Grocery Store,2339.5813,4.2,2022-05-12
FDC24,14.825, Regular,0.155009,Meat,OUT046,1997,Small,Tier 1,Supermarket Type1,4181.8111,4.064,2022-11-17
FDW38,,low fat,0.035581,Snack Foods,OUT027,1985,Medium,Tier 3,Supermarket Type3,11123.4157,3.722,2023-01-16
FDX16,6.447,LF,0.020471,Canned,OUT013,1987,High,Tier 3,Supermarket Type1,1168.2444,4.1,2022-04-18
FDE31,,low fat,0.020849,Meat,OUT017,2007,,Tier 2,Supermarket Type1,2589.1034,3.9,2023-03-05
NCA51,19.257,low fat,0.022627,Health and Hygiene,OUT027,1985,Medium,Tier 3,Supermarket Type3,7461.2995,4.1,2022-09-02
NCS34,12.451,low fat,0.094481,Health and Hygiene,OUT027,1985,Medium,Tier 3,Supermarket Type3,10377.0375,4.3,2022-05-04
FDC24,14.825,Regular,0.012368,Meat,OUT018,2009,Medium,Tier 3,Supermarket Type2,2622.7425,4.1,2023-04-30
FDM18,18.796,Low Fat ,0.065744,Meat,OUT013,1987,High,Tier 3,Supermarket Type1,6046.9949,4.4,2023-08-19
FDQ17,15.182,Regular,0.018003,Dairy,OUT019,1985,Small,Tier 1,Grocery Store,1775.4526,4.4,2023-04-09
FDX55,11.307, Regular,0.074394,Snack Foods,OUT035,2004,Small,Tier 2,Supermarket Type1,3434.5034,4.0,2023-04-02
FDU33,7.71,LF,0.083882,Breads,OUT017,2007,,Tier 2,Supermarket Type1,831.4192,4.2,2022-11-18
FDN13,20.497,low fat,0.0268,Fruits and Vegetables,OUT027,1985,Medium,Tier 3,Supermarket Type3,6880.8638,4.2,2023-11-24
FDP42,,low fat,0.034686,Canned,OUT049,1999,Medium,Tier 1,Supermarket Type1,1792.2119,3.8,2022-06-24
FDF25,7.934,Low Fat,0.029171,Snack Foods,OUT017,2007,,Tier 2,Supermarket Type1,1853.3251,4.2,2023-03-21
DRM59,,Low Fat ,0.056027,Soft Drinks,OUT017,2007,,Tier 2,Supermarket Type1,3121.913,4.2,2022-07-21
FDA16,12.896, Regular,0.023014,Dairy,OUT045,2002,,Tier 2,Supermarket Type1,2229.4743,4.1,2023-05-15
FDV20,16.505,LF,0.098896,Frozen Foods,OUT027,1985,Medium,Tier 3,Supermarket Type3,6931.673,4.1,2023-03-01
FDN26,13.151,LF,0.013602,Fruits and Vegetables,OUT027,1985,Medium,Tier 3,Supermarket Type3,4052.5845,4.3,2022-11-17
FDW31,20.288,Low Fat,0.111436,Baking Goods,OUT010,1998,,Tier 3,Grocery Store,592.7563,3.7,2023-08-24
FDP49,19.303,Regular,0.045948,Frozen Foods,OUT018,2009,Medium,Tier 3,Supermarket Type2,3849.6945,4.123,2022-10-31
FDS17,16.139, Regular,0.014842,Starchy Foods,OUT017,2007,,Tier 2,Supermarket Type1,2317.2424,4.2,2023-01-09
FDG43,20.952,reg,0.035011,Meat,OUT045,2002,,Tier 2,Supermarket Type1,1576.7708,4.2,2022-11-19
DRJ33,6.311, Regular,0.0305,Soft Drinks,OUT027,1985,Medium,Tier 3,Supermarket Type3,2959.1351,3.6,2023-09-11
DRY34,9.338, Regular,0.120578,Hard Drinks,OUT035,2004,Small,Tier 2,Supermarket Type1,4560.5714,4.2,2023-11-30
FDR34,5.333,Low Fat ,0.090324,Seafood,OUT013,1987,High,Tier 3,Supermarket Type1,1807.0563,3.7,2022-07-19
FDC35,,Low Fat ,0.08014,Snack Foods,OUT019,1985,Small,Tier 1,Grocery Store,1869.2781,3.624,2023-03-04
FDE57,9.617,LF,0.06353,Starchy Foods,OUT017,2007,,Tier 2,Supermarket Type1,3667.1112,4.3,2022-01-03
FDD24,6.241, Regular,0.035965,Canned,OUT018,2009,Medium,Tier 3,Supermarket Type2,2309.7446,3.8,2022-04-09
FDR47,15.72,Regular,0.018698,Dairy,OUT018,2009,Medium,Tier 3,Supermarket Type2,2429.6015,4.2,2023-11-06
FDJ33,9.63,low fat,0.056506,Canned,OUT046,1997,Small,Tier 1,Supermarket Type1,4042.1006,3.6,2022-07-08
FDE32,,LF,0.084995,Dairy,OUT045,2002,,Tier 2,Supermarket Type1,3303.9348,4.467,2022-02-27
FDH39,,reg,0.033226,Frozen Foods,OUT019,1985,Small,Tier 1,Grocery Store,1835.8795,4.0,2023-06-18
NCN55,9.065,LF,0.085747,Others,OUT049,1999,Medium,Tier 1,Supermarket Type1,2691.8051,4.5,2022-05-16
DRC37,8.486,reg,0.162514,Hard Drinks,OUT013,1987,High,Tier 3,Supermarket Type1,3242.1382,4.2,2023-01-08
FDY49,,Low Fat ,0.046762,Fruits and Vegetables,OUT045,2002,,Tier 2,Supermarket Type1,2179.8799,4.4,2022-04-05
FDR56,,Low Fat,0.040248,Frozen Foods,OUT049,1999,Medium,Tier 1,Supermarket Type1,1974.2276,3.575,2023-10-27
FDX33,17.218,Low Fat,0.07819,Breads,OUT049,1999,Medium,Tier 1,Supermarket Type1,719.9392,4.188,2022-09-14
FDD44,8.69,Regular,0.067923,Meat,OUT018,2009,Medium,Tier 3,Supermarket Type2,4398.3874,3.7,2022-10-27
DRC39,8.987,LF,0.054015,Soft Drinks,OUT045,2002,,Tier 2,Supermarket Type1,5363.199,3.4,2022-05-27
FDB59,5.156,Low Fat,0.048375,Dairy,OUT035,2004,Small,Tier 2,Supermarket Type1,1244.8155,4.028,2022-08-18
FDC33,11.53,Regular,0.079275,Dairy,OUT019,1985,Small,Tier 1,Grocery Store,1191.9104,4.2,2022-08-10
NCC24,20.015,LF,0.0,Others,OUT035,2004,Small,Tier 2,Supermarket Type1,1570.7249,4.5,2022-04-24
FDE35,11.964,Low Fat,0.0,Snack Foods,OUT013,1987,High,Tier 3,Supermarket Type1,6718.7481,3.7,2022-11-23
FDQ15,20.834,Low Fat ,0.02763,Snack Foods,OUT049,1999,Medium,Tier 1,Supermarket Type1,4650.5884,3.913,2022-03-04
FDP37,20.789,Regular,0.041606,Meat,OUT045,2002,,Tier 2,Supermarket Type1,2587.6046,3.513,2022-04-24
FDP49,19.303,Regular,0.035399,Frozen Foods,OUT035,2004,Small,Tier 2,Supermarket Type1,1995.634,2.971,2023-06-28
FDN17,14.003,low fat,0.03136,Canned,OUT035,2004,Small,Tier 2,Supermarket Type1,3458.2796,3.9,2022-04-13
NCM10,16.331,Low Fat,0.066272,Household,OUT013,1987,High,Tier 3,Supermarket Type1,2172.4046,3.417,2023-06-26
NCQ16,12.209,Low Fat ,0.008409,Household,OUT046,1997,Small,Tier 1,Supermarket Type1,1878.921,4.3,2023-12-11
FDM45,10.745,LF,0.034917,Breads,OUT017,2007,,Tier 2,Supermarket Type1,3246.4027,4.4,2022-03-17
FDE58,7.959,Regular,0.023012,Dairy,OUT045,2002,,Tier 2,Supermarket Type1,2058.1145,4.098,2023-05-08
FDD54,16.63,Regular,0.044094,Snack Foods,OUT017,2007,,Tier 2,Supermarket Type1,1246.6691,3.7,2022-01-03
DRF20,20.865,Low Fat,0.034339,Soft Drinks,OUT017,2007,,Tier 2,Supermarket Type1,5650.1254,3.6,2023-09-19
FDQ24,11.524,low fat,0.030052,Baking Goods,OUT017,2007,,Tier 2,Supermarket Type1,1562.3258,3.9,2023-05-06
FDP56,8.522, Regular,0.030499,Frozen Foods,OUT045,2002,,Tier 2,Supermarket Type1,13086.9648,3.0,2023-10-22
FDP32,17.035,Regular,0.054237,Snack Foods,OUT046,1997,Small,Tier 1,Supermarket Type1,3683.0989,3.8,2022-10-03
FDR28,,Low Fat ,0.03339,Dairy,OUT019,1985,Small,Tier 1,Grocery Store,761.7771,4.5,2022-07-12
FDQ51,17.133,reg,0.043414,Canned,OUT027,1985,Medium,Tier 3,Supermarket Type3,4912.6381,4.0,2023-01-02
FDU25,18.973,low fat,0.028717,Dairy,OUT035,2004,Small,Tier 2,Supermarket Type1,2452.6844,4.503,2022-12-21
FDW27,5.092, Regular,0.037104,Canned,OUT013,1987,High,Tier 3,Supermarket Type1,2787.3982,3.9,2022-11-12
FDU57,16.72,Low Fat,0.040556,Fruits and Vegetables,OUT017,2007,,Tier 2,Supermarket Type1,7576.3934,3.8,2022-07-24
FDX29,16.428, Regular,0.027755,Fruits and Vegetables,OUT013,1987,High,Tier 3,Supermarket Type1,3353.4614,4.2,2023-02-13
NCQ15,,Low Fat ,0.058709,Health and Hygiene,OUT046,1997,Small,Tier 1,Supermarket Type1,5037.8386,3.7,2023-05-06
FDD14,19.564,Low Fat,0.034515,Dairy,OUT035,2004,Small,Tier 2,Supermarket Type1,2116.3267,4.121,2023-05-05
FDA47,, Regular,0.091849,Snack Foods,OUT018,2009,Medium,Tier 3,Supermarket Type2,1346.461,4.0,2022-05-17
FDX13,,Low Fat ,0.024759,Breakfast,OUT049,1999,Medium,Tier 1,Supermarket Type1,3762.1327,4.2,2022-08-15
FDN10,,Low Fat,0.034636,Snack Foods,OUT049,1999,Medium,Tier 1,Supermarket Type1,2195.4743,4.1,2022-02-08
DRE52,17.878,low fat,0.01427,Hard Drinks,OUT017,2007,,Tier 2,Supermarket Type1,1498.404,3.8,2022-03-05
FDQ26,16.66,Low Fat,0.056152,Fruits and Vegetables,OUT046,1997,Small,Tier 1,Supermarket Type1,3822.5106,4.1,2023-10-09
DRU50,20.589,low fat,0.047997,Soft Drinks,OUT013,1987,High,Tier 3,Supermarket Type1,2472.9763,4.1,2023-11-17
FDE35,11.964,Low Fat,0.023057,Snack Foods,OUT017,2007,,Tier 2,Supermarket Type1,2732.802,3.1,2023-12-03
DRA24,6.241,Low Fat,0.061594,Soft Drinks,OUT045,2002,,Tier 2,Supermarket Type1,1186.499,4.8,2022-12-26
FDS51,,low fat,0.067382,Frozen Foods,OUT035,2004,Small,Tier 2,Supermarket Type1,1784.5713,4.0,2022-06-04
FDD51,5.897,Low Fat,0.074643,Dairy,OUT035,2004,Small,Tier 2,Supermarket Type1,2408.6226,4.283,2022-02-20
FDE43,13.544,low fat,0.058519,Snack Foods,OUT049,1999,Medium,Tier 1,Supermarket Type1,2236.5858,4.4,2023-01-13
FDA42,,Low Fat,0.063956,Baking Goods,OUT018,2009,Medium,Tier 3,Supermarket Type2,7551.7389,3.7,2022-10-03
DRC17,19.571,Low Fat ,0.035455,Soft Drinks,OUT049,1999,Medium,Tier 1,Supermarket Type1,2750.7477,4.2,2022-11-15
FDP15,10.188,Regular,0.05907,Dairy,OUT035,2004,Small,Tier 2,Supermarket Type1,844.3044,4.5,2022-08-17
FDW20,12.24,LF,0.066217,Frozen Foods,OUT035,2004,Small,Tier 2,Supermarket Type1,1448.4255,4.181,2023-09-23
FDF26,8.315,Low Fat,0.013209,Fruits and Vegetables,OUT019,1985,Small,Tier 1,Grocery Store,1289.5329,4.1,2023-10-06
FDR32,7.453,Low Fat ,0.026721,Baking Goods,OUT027,1985,Medium,Tier 3,Supermarket Type3,13086.9648,3.5,2023-01-16
NCQ22,14.662,low fat,0.071801,Health and Hygiene,OUT046,1997,Small,Tier 1,Supermarket Type1,4663.3235,4.8,2022-03-05
FDP47,,Regular,0.063077,Fruits and Vegetables,OUT035,2004,Small,Tier 2,Supermarket Type1,8463.2303,4.1,2022-12-19
DRC23,5.584,reg,0.026047,Soft Drinks,OUT046,1997,Small,Tier 1,Supermarket Type1,1415.7129,3.2,2022-04-25
FDX27,,low fat,0.112648,Breakfast,OUT049,1999,Medium,Tier 1,Supermarket Type1,1069.2495,3.6,2023-08-18
NCH58,,Low Fat ,0.060622,Household,OUT049,1999,Medium,Tier 1,Supermarket Type1,1756.9907,4.3,2022-08-15
FDN27,16.64,Low Fat,0.034616,Frozen Foods,OUT013,1987,High,Tier 3,Supermarket Type1,3069.3698,3.8,2023-02-15
NCS11,,low fat,0.066341,Others,OUT018,2009,Medium,Tier 3,Supermarket Type2,2323.9369,3.5,2022-09-24
FDS42,10.114,Low Fat,0.127263,Baking Goods,OUT045,2002,,Tier 2,Supermarket Type1,1342.4075,4.1,2023-01-13
FDS46,16.481, Regular,0.033533,Snack Foods,OUT046,1997,Small,Tier 1,Supermarket Type1,1007.5936,3.6,2023-10-02
NCV44,6.268,LF,0.03405,Household,OUT010,1998,,Tier 3,Grocery Store,446.9436,3.801,2022-03-04
FDB43,9.581,reg,0.021246,Dairy,OUT017,2007,,Tier 2,Supermarket Type1,1634.6616,4.2,2022-05-27
DRN52,12.709,reg,0.015142,Soft Drinks,OUT017,2007,,Tier 2,Supermarket Type1,838.7521,3.3,2023-07-23
FDG39,19.711,Low Fat,0.099341,Seafood,OUT035,2004,Small,Tier 2,Supermarket Type1,2075.911,3.6,2023-01-30
FDQ15,20.834,Low Fat ,0.056734,Snack Foods,OUT035,2004,Small,Tier 2,Supermarket Type1,2210.8782,3.8,2023-04-27
NCJ50,,Low Fat ,0.036621,Health and Hygiene,OUT013,1987,High,Tier 3,Supermarket Type1,8008.8551,3.8,2023-05-21
FDF26,8.315,Low Fat,0.137735,Fruits and Vegetables,OUT049,1999,Medium,Tier 1,Supermarket Type1,5339.0941,3.708,2023-06-21
FDE43,13.544,Low Fat ,0.045029,Snack Foods,OUT019,1985,Small,Tier 1,Grocery Store,724.6801,4.2,2022-11-23
FDH41,19.239,Low Fat ,0.03711,Snack Foods,OUT035,2004,Small,Tier 2,Supermarket Type1,2338.0983,4.0,2022-09-27
FDA27,8.785,low fat,0.034611,Meat,OUT017,2007,,Tier 2,Supermarket Type1,2049.8934,4.1,2023-07-25
FDR21,4.843,low fat,0.063025,Meat,OUT019,1985,Small,Tier 1,Grocery Store,849.6949,3.8,2023-02-05
NCD44,11.601,Low Fat,0.029672,Household,OUT027,1985,Medium,Tier 3,Supermarket Type3,6260.6765,4.4,2023-09-30
FDN46,9.646,LF,0.048163,Frozen Foods,OUT013,1987,High,Tier 3,Supermarket Type1,1409.3792,3.9,2022-11-29
FDS54,20.56, Regular,0.057174,Dairy,OUT017,2007,,Tier 2,Supermarket Type1,1505.9576,4.0,2023-05-12
FDE57,9.617,low fat,0.0,Starchy Foods,OUT035,2004,Small,Tier 2,Supermarket Type1,3729.0821,4.2,2022-01-15
FDY47,18.082,low fat,0.107946,Frozen Foods,OUT013,1987,High,Tier 3,Supermarket Type1,550.6607,4.4,2023-01-31
FDS21,14.595,Low Fat ,0.060195,Dairy,OUT049,1999,Medium,Tier 1,Supermarket Type1,3545.0442,4.2,2022-04-03
FDA55,6.279,Regular,0.022819,Fruits and Vegetables,OUT018,2009,Medium,Tier 3,Supermarket Type2,2852.0024,3.9,2023-05-31
NCW55,17.621,low fat,0.025398,Health and Hygiene,OUT019,1985,Small,Tier 1,Grocery Store,1417.5675,3.9,2022-05-14
FDS12,4.79,Regular,0.0685,Breads,OUT013,1987,High,Tier 3,Supermarket Type1,8149.3627,4.5,2023-12-02
DRN57,6.04,LF,0.064591,Soft Drinks,OUT045,2002,,Tier 2,Supermarket Type1,3775.6443,3.7,2022-07-21
FDP36,4.852,low fat,0.06115,Canned,OUT027,1985,Medium,Tier 3,Supermarket Type3,2202.3503,3.6,2022-12-08
FDY22,17.995,low fat,0.034939,Frozen Foods,OUT035,2004,Small,Tier 2,Supermarket Type1,3836.4675,4.1,2022-05-31
DRB48,20.082,Low Fat ,0.091302,Soft Drinks,OUT045,2002,,Tier 2,Supermarket Type1,1734.7443,4.0,2023-06-14
FDN38,,LF,0.14558,Canned,OUT017,2007,,Tier 2,Supermarket Type1,2343.6271,4.0,2022-10-17
FDC12,,Low Fat,0.063789,Dairy,OUT049,1999,Medium,Tier 1,Supermarket Type1,982.3003,4.1,2023-08-23
FDP20,,Low Fat ,0.0,Fruits and Vegetables,OUT046,1997,Small,Tier 1,Supermarket Type1,2107.3256,3.9,2023-11-04
DRE42,10.471,Regular,0.077087,Soft Drinks,OUT017,2007,,Tier 2,Supermarket Type1,2431.8036,3.7,2023-01-27
FDJ36,19.241,LF,0.061801,Baking Goods,OUT046,1997,Small,Tier 1,Supermarket Type1,4855.1824,3.2,2023-12-18
FDG39,19.711,Low Fat ,0.083747,Seafood,OUT045,2002,,Tier 2,Supermarket Type1,7704.0182,3.4,2023-11-05
FDW58,15.151,Low Fat ,0.038359,Baking Goods,OUT045,2002,,Tier 2,Supermarket Type1,777.4296,3.3,2023-10-06
FDM31,4.659,LF,0.046322,Frozen Foods,OUT027,1985,Medium,Tier 3,Supermarket Type3,6957.2672,3.9,2023-03-15
FDC55,,Regular,0.024587,Baking Goods,OUT045,2002,,Tier 2,Supermarket Type1,4376.4388,4.1,2022-08-06
FDW10,12.106,low fat,0.078925,Canned,OUT017,2007,,Tier 2,Supermarket Type1,3439.2053,4.3,2023-08-10
FDS59,17.444, Regular,0.085716,Canned,OUT046,1997,Small,Tier 1,Supermarket Type1,2426.6867,3.2,2023-02-06
FDE19,4.573,Low Fat,0.138695,Canned,OUT010,1998,,Tier 3,Grocery Store,515.674,3.582,2023-11-21
NCU35,20.96,LF,0.044974,Household,OUT046,1997,Small,Tier 1,Supermarket Type1,4149.7495,3.995,2023-04-27
FDR13,14.016,low fat,0.148844,Frozen Foods,OUT049,1999,Medium,Tier 1,Supermarket Type1,5584.7622,3.5,2023-04-20
FDK17,7.562,Low Fat,0.104651,Fruits and Vegetables,OUT027,1985,Medium,Tier 3,Supermarket Type3,6391.3487,4.6,2023-11-10
NCS14,16.323,low fat,0.071416,Health and Hygiene,OUT018,2009,Medium,Tier 3,Supermarket Type2,1982.5103,3.1,2023-08-08
FDF41,, Regular,0.03404,Fruits and Vegetables,OUT046,1997,Small,Tier 1,Supermarket Type1,1766.3245,4.04,2022-09-26
FDV10,,Low Fat,0.06139,Dairy,OUT049,1999,Medium,Tier 1,Supermarket Type1,5175.445,4.224,2022-06-27
FDX48,11.016,Low Fat ,0.0,Dairy,OUT046,1997,Small,Tier 1,Supermarket Type1,1680.9491,4.03,2022-09-25
DRH24,12.593,Low Fat,0.02268,Soft Drinks,OUT045,2002,,Tier 2,Supermarket Type1,3413.4306,3.8,2022-03-05
NCG55,13.309,LF,0.05603,Household,OUT017,2007,,Tier 2,Supermarket Type1,1971.7381,4.2,2023-02-18
NCJ56,5.504,Low Fat,0.160005,Household,OUT017,2007,,Tier 2,Supermarket Type1,2436.2042,4.7,2022-11-14
FDP33,12.585,low fat,0.07027,Fruits and Vegetables,OUT045,2002,,Tier 2,Supermarket Type1,3223.6073,3.983,2023-02-22
FDK24,11.935,low fat,0.020471,Fruits and Vegetables,OUT046,1997,Small,Tier 1,Supermarket Type1,3033.3762,4.4,2022-01-22
FDQ55,19.855,low fat,0.126482,Baking Goods,OUT017,2007,,Tier 2,Supermarket Type1,2363.8019,3.4,2023-02-13
FDS28,16.939,LF,0.096675,Meat,OUT013,1987,High,Tier 3,Supermarket Type1,3654.4396,4.3,2022-01-23
FDU55,20.9,Low Fat ,0.166156,Baking Goods,OUT027,1985,Medium,Tier 3,Supermarket Type3,2321.0602,4.0,2022-10-11
FDY34,,LF,0.027945,Breads,OUT018,2009,Medium,Tier 3,Supermarket Type2,4202.6312,3.7,2023-04-27
DRB37,16.928,LF,0.0,Soft Drinks,OUT018,2009,Medium,Tier 3,Supermarket Type2,4494.2481,3.4,2022-03-04
FDK49,4.979,Low Fat ,0.063391,Frozen Foods,OUT017,2007,,Tier 2,Supermarket Type1,2183.2434,3.478,2023-04-29
FDR38,7.45,Low Fat ,0.043321,Frozen Foods,OUT027,1985,Medium,Tier 3,Supermarket Type3,7931.1888,4.0,2022-02-01
FDC39,5.657,Low Fat ,0.082709,Snack Foods,OUT046,1997,Small,Tier 1,Supermarket Type1,1430.3174,4.206,2022-12-28
FDH25,18.309,Regular,0.047195,Snack Foods,OUT027,1985,Medium,Tier 3,Supermarket Type3,13086.9648,3.8,2022-07-19
FDN49,, Regular,0.107216,Fruits and Vegetables,OUT045,2002,,Tier 2,Supermarket Type1,4373.528,4.2,2022-12-24
FDF34,,reg,0.033422,Snack Foods,OUT018,2009,Medium,Tier 3,Supermarket Type2,1765.5556,4.4,2022-12-28
FDH35,,Low Fat ,0.080606,Dairy,OUT049,1999,Medium,Tier 1,Supermarket Type1,3063.3835,4.8,2023-10-01
FDH13,,reg,0.100433,Dairy,OUT010,1998,,Tier 3,Grocery Store,1279.6468,4.2,2022-07-06
DRU28,5.758,Low Fat ,0.127154,Soft Drinks,OUT013,1987,High,Tier 3,Supermarket Type1,2462.9393,4.096,2022-02-09
FDP26,7.446,low fat,0.027715,Snack Foods,OUT049,1999,Medium,Tier 1,Supermarket Type1,3966.7913,4.2,2023-01-30
FDV20,16.505,low fat,0.041643,Frozen Foods,OUT035,2004,Small,Tier 2,Supermarket Type1,2028.435,4.0,2023-02-10
FDS26,9.766,low fat,0.103745,Snack Foods,OUT018,2009,Medium,Tier 3,Supermarket Type2,2315.7393,3.9,2023-01-15
FDR58,14.98,Low Fat,0.018405,Canned,OUT027,1985,Medium,Tier 3,Supermarket Type3,5059.3051,4.5,2022-08-14
DRF57,9.904,Regular,0.048864,Soft Drinks,OUT045,2002,,Tier 2,Supermarket Type1,1984.942,4.1,2022-05-27
FDU22,14.368,LF,0.075336,Snack Foods,OUT035,2004,Small,Tier 2,Supermarket Type1,1210.5905,3.8,2023-01-25
FDB58,17.531,Low Fat ,0.059842,Frozen Foods,OUT045,2002,,Tier 2,Supermarket Type1,1509.3244,4.2,2023-08-04
FDH34,8.424,reg,0.042375,Fruits and Vegetables,OUT027,1985,Medium,Tier 3,Supermarket Type3,7436.5938,4.6,2023-04-01
FDM30,8.742,Low Fat ,0.022763,Meat,OUT045,2002,,Tier 2,Supermarket Type1,4401.6367,4.1,2022-05-29
FDV25,19.906,low fat,0.0,Dairy,OUT027,1985,Medium,Tier 3,Supermarket Type3,6965.5156,4.3,2023-03-05
FDR17,,low fat,0.023041,Baking Goods,OUT027,1985,Medium,Tier 3,Supermarket Type3,5959.9909,4.1,2022-03-23
FDP34,12.561,Low Fat,0.080587,Snack Foods,OUT035,2004,Small,Tier 2,Supermarket Type1,2481.7804,4.1,2022-07-22
DRU18,8.703,Low Fat,0.045798,Soft Drinks,OUT027,1985,Medium,Tier 3,Supermarket Type3,4008.8815,4.3,2023-07-27
FDD53,12.491,reg,0.041218,Snack Foods,OUT018,2009,Medium,Tier 3,Supermarket Type2,1891.0119,3.5,2022-10-02
NCW19,15.861,low fat,0.0,Health and Hygiene,OUT017,2007,,Tier 2,Supermarket Type1,771.9007,4.0,2022-07-13
FDH42,6.903,LF,0.067163,Meat,OUT027,1985,Medium,Tier 3,Supermarket Type3,4356.0538,4.3,2023-05-27
NCJ46,7.234,low fat,0.019765,Health and Hygiene,OUT013,1987,High,Tier 3,Supermarket Type1,4036.3943,3.9,2022-10-10
FDD45,18.262, Regular,0.034837,Fruits and Vegetables,OUT013,1987,High,Tier 3,Supermarket Type1,7792.4828,4.1,2023-10-21
FDV17,21.054,Low Fat,0.026493,Dairy,OUT049,1999,Medium,Tier 1,Supermarket Type1,775.4542,4.2,2022-04-03
DRW26,10.189,Low Fat ,0.069329,Soft Drinks,OUT013,1987,High,Tier 3,Supermarket Type1,7891.828,4.016,2023-02-04
FDC44,,Low Fat,0.020948,Snack Foods,OUT018,2009,Medium,Tier 3,Supermarket Type2,2181.4576,3.6,2022-11-02
NCN35,16.393,LF,0.076701,Household,OUT013,1987,High,Tier 3,Supermarket Type1,9675.3304,3.8,2022-03-02
FDN24,7.613,LF,0.039062,Baking Goods,OUT018,2009,Medium,Tier 3,Supermarket Type2,6058.7585,3.6,2023-07-22
NCH50,12.83,Low Fat,0.056465,Household,OUT046,1997,Small,Tier 1,Supermarket Type1,6026.7141,4.0,2022-06-12
FDA23,,Low Fat ,0.061423,Baking Goods,OUT045,2002,,Tier 2,Supermarket Type1,3396.111,4.4,2023-07-05
FDD47,9.014, Regular,0.077965,Dairy,OUT017,2007,,Tier 2,Supermarket Type1,3953.61,4.6,2023-04-22
FDX12,9.05,reg,0.023955,Dairy,OUT027,1985,Medium,Tier 3,Supermarket Type3,2345.9593,4.5,2022-01-25
FDF11,6.732,Low Fat ,0.052361,Fruits and Vegetables,OUT049,1999,Medium,Tier 1,Supermarket Type1,1189.4717,3.8,2022-05-12
NCN29,18.345,low fat,0.045976,Health and Hygiene,OUT027,1985,Medium,Tier 3,Supermarket Type3,3687.6429,4.1,2023-01-29
FDC22,7.88,reg,0.040978,Dairy,OUT049,1999,Medium,Tier 1,Supermarket Type1,2764.1109,3.874,2023-01-11
FDE22,,reg,0.05178,Canned,OUT013,1987,High,Tier 3,Supermarket Type1,2708.0421,3.9,2022-08-12
FDQ41,6.054,LF,0.049927,Snack Foods,OUT010,1998,,Tier 3,Grocery Store,3087.1886,3.7,2023-05-24
FDG22,,LF,0.035648,Canned,OUT049,1999,Medium,Tier 1,Supermarket Type1,1637.8661,4.1,2022-10-14
DRR20,,Low Fat,0.082665,Soft Drinks,OUT045,2002,,Tier 2,Supermarket Type1,1172.18,3.6,2022-09-05
DRS53,14.269,Regular,0.0,Soft Drinks,OUT049,1999,Medium,Tier 1,Supermarket Type1,2435.2551,3.8,2022-05-13
FDW36,9.086,LF,0.0,Frozen Foods,OUT019,1985,Small,Tier 1,Grocery Store,1918.2719,3.4,2023-10-28
FDK55,20.937,LF,0.063561,Starchy Foods,OUT019,1985,Small,Tier 1,Grocery Store,651.7033,4.0,2022-01-13
FDG29,11.46,Low Fat ,0.0,Snack Foods,OUT049,1999,Medium,Tier 1,Supermarket Type1,2837.2863,3.7,2023-12-21
FDV55,9.746,low fat,0.136641,Snack Foods,OUT027,1985,Medium,Tier 3,Supermarket Type3,4890.3802,3.6,2023-09-22
FDV39,11.544,LF,0.037268,Dairy,OUT035,2004,Small,Tier 2,Supermarket Type1,3244.9201,3.9,2023-09-20
NCC34,4.652,Low Fat ,0.143371,Health and Hygiene,OUT013,1987,High,Tier 3,Supermarket Type1,2844.4436,3.986,2022-03-09
FDY17,9.351,Low Fat ,0.0,Dairy,OUT035,2004,Small,Tier 2,Supermarket Type1,1724.5879,3.7,2023-02-14
NCX49,17.172,Low Fat,0.022032,Health and Hygiene,OUT035,2004,Small,Tier 2,Supermarket Type1,1544.2962,4.3,2023-01-31
DRS53,14.269,Regular,0.013454,Soft Drinks,OUT045,2002,,Tier 2,Supermarket Type1,2534.8308,4.1,2022-01-01
FDW50,10.758,Regular,0.117883,Fruits and Vegetables,OUT049,1999,Medium,Tier 1,Supermarket Type1,12937.6238,4.3,2023-09-19
FDH49,7.134,Low Fat ,0.110507,Snack Foods,OUT027,1985,Medium,Tier 3,Supermarket Type3,10084.1216,4.0,2023-04-08
FDU38,20.856,low fat,0.08878,Fruits and Vegetables,OUT035,2004,Small,Tier 2,Supermarket Type1,1650.2241,3.9,2022-07-01
FDD59,8.724,Regular,0.072285,Dairy,OUT035,2004,Small,Tier 2,Supermarket Type1,4047.5239,4.4,2023-09-28
FDC50,6.641,Low Fat,0.029623,Meat,OUT046,1997,Small,Tier 1,Supermarket Type1,2294.7228,4.2,2022-12-26
FDR19,,low fat,0.029512,Fruits and Vegetables,OUT045,2002,,Tier 2,Supermarket Type1,4237.3872,3.925,2023-01-27
FDR24,, Regular,0.042921,Baking Goods,OUT017,2007,,Tier 2,Supermarket Type1,1148.5153,3.9,2023-02-23
FDF35,18.693,LF,0.175971,Canned,OUT018,2009,Medium,Tier 3,Supermarket Type2,4524.5976,3.7,2023-12-25
FDE46,6.907,Low Fat ,0.016541,Canned,OUT027,1985,Medium,Tier 3,Supermarket Type3,1919.3081,3.4,2022-05-11
FDM26,15.239,reg,0.039232,Breads,OUT017,2007,,Tier 2,Supermarket Type1,2441.6948,3.9,2023-08-09
FDH52,19.207,LF,0.038972,Baking Goods,OUT017,2007,,Tier 2,Supermarket Type1,2503.7544,3.603,2023-06-17
FDB34,20.298,Regular,0.067607,Dairy,OUT045,2002,,Tier 2,Supermarket Type1,1477.4949,4.0,2023-02-18
FDN29,14.121,LF,0.038331,Canned,OUT017,2007,,Tier 2,Supermarket Type1,1656.2948,3.776,2022-01-26
FDH14,11.919,Regular,0.065936,Starchy Foods,OUT017,2007,,Tier 2,Supermarket Type1,3711.7079,3.8,2022-09-16
FDA15,18.04,reg,0.082212,Starchy Foods,OUT027,1985,Medium,Tier 3,Supermarket Type3,2030.0946,4.4,2022-10-19
FDS40,9.643,Low Fat ,0.0,Frozen Foods,OUT019,1985,Small,Tier 1,Grocery Store,1039.2732,3.7,2023-02-17
FDV47,6.823,LF,0.049392,Frozen Foods,OUT045,2002,,Tier 2,Supermarket Type1,1545.8947,3.8,2023-06-07
FDH15,, Regular,0.0,Dairy,OUT017,2007,,Tier 2,Supermarket Type1,1999.9609,4.2,2023-08-26
FDW46,7.853,Regular,0.07028,Breads,OUT013,1987,High,Tier 3,Supermarket Type1,3668.3448,3.8,2023-10-18
FDV14,17.416, Regular,0.050659,Baking Goods,OUT010,1998,,Tier 3,Grocery Store,1693.5322,3.232,2022-01-08
FDX58,16.851, Regular,0.113784,Starchy Foods,OUT027,1985,Medium,Tier 3,Supermarket Type3,9646.9119,4.6,2023-03-01
FDM19,17.468, Regular,0.059297,Canned,OUT045,2002,,Tier 2,Supermarket Type1,689.0583,3.7,2023-01-25
FDR12,19.066,Regular,0.034362,Snack Foods,OUT045,2002,,Tier 2,Supermarket Type1,1615.2937,4.1,2023-05-08
FDA54,6.503,Low Fat ,0.024783,Snack Foods,OUT046,1997,Small,Tier 1,Supermarket Type1,1088.7341,4.4,2022-10-11
FDF33,,reg,0.025194,Baking Goods,OUT013,1987,High,Tier 3,Supermarket Type1,7328.2272,4.4,2022-09-19
NCM20,13.713,LF,0.180111,Health and Hygiene,OUT045,2002,,Tier 2,Supermarket Type1,1634.8482,4.2,2023-06-15
FDS47,6.875,low fat,0.067001,Snack Foods,OUT045,2002,,Tier 2,Supermarket Type1,2925.8316,4.1,2023-07-16
FDF19,19.185,Low Fat ,0.124093,Frozen Foods,OUT045,2002,,Tier 2,Supermarket Type1,693.1677,3.0,2022-05-19
FDF49,14.876,LF,0.066452,Frozen Foods,OUT013,1987,High,Tier 3,Supermarket Type1,4014.6951,3.7,2022-05-29
FDS39,17.591,Low Fat ,0.0533,Fruits and Vegetables,OUT017,2007,,Tier 2,Supermarket Type1,2866.4383,4.2,2023-05-11
FDF34,5.09,Regular,0.021784,Snack Foods,OUT010,1998,,Tier 3,Grocery Store,1395.884,3.901,2022-08-09
FDU26,10.34,Low Fat ,0.052594,Dairy,OUT046,1997,Small,Tier 1,Supermarket Type1,1525.9722,3.8,2022-06-29
DRW27,7.103,Regular,0.105754,Hard Drinks,OUT049,1999,Medium,Tier 1,Supermarket Type1,1595.7555,4.2,2022-11-30
FDN57,7.271,LF,0.034478,Frozen Foods,OUT049,1999,Medium,Tier 1,Supermarket Type1,1055.2989,4.1,2022-04-26
NCU28,14.043,Low Fat ,0.117923,Household,OUT027,1985,Medium,Tier 3,Supermarket Type3,5921.2798,3.5,2023-02-15
FDA45,10.96, Regular,0.088372,Canned,OUT046,1997,Small,Tier 1,Supermarket Type1,1888.887,4.1,2023-09-18
FDX23,17.717,LF,0.052543,Canned,OUT013,1987,High,Tier 3,Supermarket Type1,6297.3852,4.2,2023-05-19
FDK14,17.52,Regular,0.075071,Fruits and Vegetables,OUT046,1997,Small,Tier 1,Supermarket Type1,3185.4397,4.1,2022-12-27
FDU45,20.12,LF,0.103032,Dairy,OUT013,1987,High,Tier 3,Supermarket Type1,1482.6985,3.6,2023-01-24
FDY51,10.12,Low Fat,0.026294,Meat,OUT035,2004,Small,Tier 2,Supermarket Type1,1368.0964,4.1,2022-10-24
DRE16,11.303,Low Fat,0.099653,Soft Drinks,OUT046,1997,Small,Tier 1,Supermarket Type1,3827.5608,3.4,2022-03-06
NCV25,,Low Fat ,0.073367,Health and Hygiene,OUT018,2009,Medium,Tier 3,Supermarket Type2,3804.1152,4.0,2023-11-11
FDX23,17.717,Low Fat ,0.118801,Canned,OUT049,1999,Medium,Tier 1,Supermarket Type1,2147.084,4.3,2022-09-22
FDV10,15.235,low fat,0.037714,Dairy,OUT035,2004,Small,Tier 2,Supermarket Type1,2452.4701,4.4,2023-06-24
FDB10,16.779,Low Fat ,0.028061,Breads,OUT027,1985,Medium,Tier 3,Supermarket Type3,2813.4119,3.7,2023-07-20
FDH24,5.563, Regular,0.026623,Baking Goods,OUT019,1985,Small,Tier 1,Grocery Store,496.1907,3.434,2023-02-17
NCF24,14.729,Low Fat ,0.057677,Household,OUT045,2002,,Tier 2,Supermarket Type1,860.08,4.118,2022-03-28
NCQ22,14.662,Low Fat,0.022887,Health and Hygiene,OUT035,2004,Small,Tier 2,Supermarket Type1,2700.0153,4.2,2023-09-21
FDQ37,6.686, Regular,0.024684,Snack Foods,OUT010,1998,,Tier 3,Grocery Store,1024.5559,4.3,2022-05-16
DRR20,8.315,Low Fat ,0.047798,Soft Drinks,OUT027,1985,Medium,Tier 3,Supermarket Type3,984.9232,3.7,2023-09-07
FDS47,6.875,LF,0.100084,Snack Foods,OUT027,1985,Medium,Tier 3,Supermarket Type3,3826.6308,4.084,2023-03-30
FDB34,20.298,reg,0.053812,Dairy,OUT013,1987,High,Tier 3,Supermarket Type1,2461.5832,4.6,2023-01-06
NCP21,19.786,low fat,0.032054,Health and Hygiene,OUT035,2004,Small,Tier 2,Supermarket Type1,1583.1083,3.9,2023-02-05
FDD12,7.357,reg,0.044496,Snack Foods,OUT035,2004,Small,Tier 2,Supermarket Type1,3762.812,4.2,2022-07-28
FDR38,,low fat,0.029272,Frozen Foods,OUT017,2007,,Tier 2,Supermarket Type1,2219.2944,4.1,2022-07-02
FDS49,,Regular,0.075463,Fruits and Vegetables,OUT018,2009,Medium,Tier 3,Supermarket Type2,2520.4216,3.984,2023-04-04
FDX20,19.133,Low Fat ,0.056341,Canned,OUT013,1987,High,Tier 3,Supermarket Type1,9569.1511,4.4,2022-07-27
NCQ55,,Low Fat,0.197571,Health and Hygiene,OUT018,2009,Medium,Tier 3,Supermarket Type2,1572.0398,4.2,2022-10-28
NCC22,8.567,LF,0.025015,Health and Hygiene,OUT045,2002,,Tier 2,Supermarket Type1,1758.9821,3.4,2022-03-05
FDE18,18.777,Low Fat ,0.076339,Canned,OUT017,2007,,Tier 2,Supermarket Type1,941.8578,3.9,2022-02-16
NCN32,,low fat,0.055296,Others,OUT045,2002,,Tier 2,Supermarket Type1,2616.7439,3.8,2022-11-08
NCY44,11.451,LF,0.062,Health and Hygiene,OUT035,2004,Small,Tier 2,Supermarket Type1,1317.0082,3.6,2023-05-31
DRN57,6.04,low fat,0.051552,Soft Drinks,OUT046,1997,Small,Tier 1,Supermarket Type1,602.164,3.5,2023-07-08
FDA49,18.128, Regular,0.06235,Frozen Foods,OUT046,1997,Small,Tier 1,Supermarket Type1,3075.4879,3.602,2023-02-11
FDH45,5.363,Low Fat ,0.066306,Fruits and Vegetables,OUT027,1985,Medium,Tier 3,Supermarket Type3,3230.1939,4.1,2023-12-02
FDW43,20.391,reg,0.017455,Snack Foods,OUT049,1999,Medium,Tier 1,Supermarket Type1,1254.1661,3.8,2022-07-31
NCV25,4.785,low fat,0.035576,Health and Hygiene,OUT046,1997,Small,Tier 1,Supermarket Type1,2235.6603,4.1,2022-06-02
DRP23,8.296,Regular,0.058866,Soft Drinks,OUT013,1987,High,Tier 3,Supermarket Type1,2612.0267,4.0,2023-03-26
DRW34,15.552, Regular,0.016232,Soft Drinks,OUT046,1997,Small,Tier 1,Supermarket Type1,1954.5016,3.6,2023-02-15
DRM17,19.619, Regular,0.169231,Soft Drinks,OUT046,1997,Small,Tier 1,Supermarket Type1,2152.2819,4.0,2023-09-08
FDU12,19.02,reg,0.054497,Canned,OUT013,1987,High,Tier 3,Supermarket Type1,1872.1779,4.0,2023-03-01
FDF43,4.95,Low Fat,0.067348,Frozen Foods,OUT017,2007,,Tier 2,Supermarket Type1,1133.5438,4.1,2022-11-18
NCC13,11.653,LF,0.038547,Health and Hygiene,OUT018,2009,Medium,Tier 3,Supermarket Type2,3425.8768,3.5,2023-08-13
FDW59,,Low Fat,0.029838,Dairy,OUT010,1998,,Tier 3,Grocery Store,1848.9435,4.6,2023-01-10
FDE33,,Low Fat,0.039447,Snack Foods,OUT046,1997,Small,Tier 1,Supermarket Type1,7227.7139,4.7,2023-05-26
FDK37,11.932,Low Fat,0.019601,Snack Foods,OUT049,1999,Medium,Tier 1,Supermarket Type1,1812.2927,4.2,2023-12-28
FDY33,7.095,low fat,0.037942,Breads,OUT018,2009,Medium,Tier 3,Supermarket Type2,2261.4836,3.36,2023-07-30
DRF12,12.238,Low Fat,0.075166,Soft Drinks,OUT035,2004,Small,Tier 2,Supermarket Type1,2881.3057,4.1,2023-10-20
FDR13,14.016,Low Fat,0.06744,Frozen Foods,OUT017,2007,,Tier 2,Supermarket Type1,3938.3671,4.5,2022-09-25
FDC36,11.757,Low Fat ,0.032064,Canned,OUT017,2007,,Tier 2,Supermarket Type1,1345.8532,3.7,2022-08-27
FDN35,20.499,Low Fat ,0.034067,Fruits and Vegetables,OUT027,1985,Medium,Tier 3,Supermarket Type3,3800.094,4.3,2022-07-19
FDD39,19.409,Regular,0.023681,Fruits and Vegetables,OUT019,1985,Small,Tier 1,Grocery Store,1053.7319,4.2,2023-01-21
NCK37,21.282,Low Fat ,0.050856,Household,OUT013,1987,High,Tier 3,Supermarket Type1,1829.3737,3.8,2022-01-31
FDY54,19.944,LF,0.03273,Frozen Foods,OUT049,1999,Medium,Tier 1,Supermarket Type1,484.3824,4.1,2022-06-17
FDG30,8.154,Low Fat,0.0,Dairy,OUT019,1985,Small,Tier 1,Grocery Store,3982.1774,3.9,2023-05-27
FDK19,13.328, Regular,0.05196,Snack Foods,OUT046,1997,Small,Tier 1,Supermarket Type1,2171.1352,4.5,2022-10-30
FDE44,6.406,Regular,0.018711,Fruits and Vegetables,OUT045,2002,,Tier 2,Supermarket Type1,2060.3396,3.463,2022-06-07
FDH43,6.041,reg,0.026357,Fruits and Vegetables,OUT046,1997,Small,Tier 1,Supermarket Type1,1945.5692,3.6,2022-07-28
FDB34,20.298,Regular,0.03335,Dairy,OUT049,1999,Medium,Tier 1,Supermarket Type1,1869.794,4.4,2022-08-31
FDU46,13.585,Low Fat ,0.026559,Canned,OUT010,1998,,Tier 3,Grocery Store,1358.934,3.6,2022-02-13
FDG42,6.635,low fat,0.034216,Canned,OUT018,2009,Medium,Tier 3,Supermarket Type2,5347.3837,4.0,2022-09-24
FDJ52,15.723,Low Fat ,0.050174,Snack Foods,OUT017,2007,,Tier 2,Supermarket Type1,884.998,4.5,2022-08-17
FDV56,7.399, Regular,0.014075,Breads,OUT017,2007,,Tier 2,Supermarket Type1,2463.3341,4.5,2023-10-21
DRV59,20.406,low fat,0.020207,Hard Drinks,OUT046,1997,Small,Tier 1,Supermarket Type1,1734.6156,4.3,2023-04-26
NCB48,18.025,Low Fat,0.104519,Health and Hygiene,OUT046,1997,Small,Tier 1,Supermarket Type1,3505.0463,3.7,2023-07-31
FDF52,11.876,low fat,0.0,Canned,OUT046,1997,Small,Tier 1,Supermarket Type1,1488.8605,4.2,2022-02-17
FDK45,,Regular,0.060949,Snack Foods,OUT013,1987,High,Tier 3,Supermarket Type1,2484.8893,4.035,2022-09-26
FDP59,19.39,Regular,0.063694,Canned,OUT045,2002,,Tier 2,Supermarket Type1,1616.6431,3.6,2023-04-05
FDY51,10.12,LF,0.031613,Meat,OUT049,1999,Medium,Tier 1,Supermarket Type1,2311.1999,3.9,2023-11-01
FDK50,12.18,Low Fat ,0.049435,Baking Goods,OUT013,1987,High,Tier 3,Supermarket Type1,1473.2837,3.8,2022-08-24
FDF54,,Low Fat ,0.008264,Snack Foods,OUT049,1999,Medium,Tier 1,Supermarket Type1,2544.2271,4.328,2023-07-15
FDE40,7.628,Regular,0.028931,Fruits and Vegetables,OUT010,1998,,Tier 3,Grocery Store,2138.902,4.3,2022-03-04
FDU32,,Low Fat,0.09612,Fruits and Vegetables,OUT013,1987,High,Tier 3,Supermarket Type1,5536.3508,4.4,2023-08-14
FDG39,19.711,LF,0.098876,Seafood,OUT017,2007,,Tier 2,Supermarket Type1,4343.128,4.0,2023-02-17
FDR38,7.45,LF,0.046151,Frozen Foods,OUT049,1999,Medium,Tier 1,Supermarket Type1,1545.2726,4.1,2022-01-08
FDX26,20.905,Regular,0.198044,Snack Foods,OUT049,1999,Medium,Tier 1,Supermarket Type1,4835.449,4.7,2023-04-11
FDK32,8.37,Low Fat ,0.034371,Canned,OUT046,1997,Small,Tier 1,Supermarket Type1,2455.2445,3.369,2023-10-27
FDG33,9.604,reg,0.051369,Seafood,OUT019,1985,Small,Tier 1,Grocery Store,400.3535,3.9,2022-01-06
FDY19,6.764,Low Fat ,0.024088,Dairy,OUT010,1998,,Tier 3,Grocery Store,877.6314,4.032,2023-07-31
FDU57,16.72,LF,0.02384,Fruits and Vegetables,OUT049,1999,Medium,Tier 1,Supermarket Type1,1779.8525,3.888,2022-07-23
FDV36,15.16,Low Fat,0.052158,Meat,OUT018,2009,Medium,Tier 3,Supermarket Type2,2822.989,4.019,2022-06-12
NCX27,6.221,LF,0.071481,Household,OUT013,1987,High,Tier 3,Supermarket Type1,1936.3855,3.8,2023-07-19
FDQ35,5.542,Regular,0.154649,Snack Foods,OUT045,2002,,Tier 2,Supermarket Type1,2977.0211,4.3,2023-11-14
FDR54,10.751,Low Fat,0.024206,Snack Foods,OUT027,1985,Medium,Tier 3,Supermarket Type3,4024.0955,4.3,2022-10-04
FDN11,17.81,reg,0.021726,Baking Goods,OUT035,2004,Small,Tier 2,Supermarket Type1,1946.028,3.9,2023-09-04
FDM37,20.897,reg,0.035612,Dairy,OUT046,1997,Small,Tier 1,Supermarket Type1,1508.4139,4.4,2023-07-17
FDY46,13.346,Regular,0.0653,Fruits and Vegetables,OUT018,2009,Medium,Tier 3,Supermarket Type2,1140.5441,4.5,2023-07-01
FDA47,5.41,reg,0.04634,Snack Foods,OUT049,1999,Medium,Tier 1,Supermarket Type1,1780.4843,4.2,2022-03-11
FDK54,20.174,Low Fat,0.0,Fruits and Vegetables,OUT027,1985,Medium,Tier 3,Supermarket Type3,7309.9615,4.3,2022-09-26
FDJ43,19.335,Low Fat,0.0,Canned,OUT019,1985,Small,Tier 1,Grocery Store,591.2887,3.336,2023-07-24
NCB53,7.934,low fat,0.022213,Household,OUT018,2009,Medium,Tier 3,Supermarket Type2,1964.4697,3.595,2022-02-14
FDG31,13.504,low fat,0.059227,Seafood,OUT019,1985,Small,Tier 1,Grocery Store,952.1673,3.461,2022-01-09
FDS47,6.875,Low Fat,0.026763,Snack Foods,OUT046,1997,Small,Tier 1,Supermarket Type1,2418.3297,4.1,2022-11-16
FDR31,15.97,Low Fat ,0.058046,Fruits and Vegetables,OUT013,1987,High,Tier 3,Supermarket Type1,13086.9648,3.8,2022-07-17
NCS46,9.294,LF,0.016128,Health and Hygiene,OUT010,1998,,Tier 3,Grocery Store,1007.5425,3.9,2023-12-13
DRY51,17.604,reg,0.04983,Soft Drinks,OUT013,1987,High,Tier 3,Supermarket Type1,2756.2792,3.6,2022-02-28
NCP36,12.717,LF,0.01908,Household,OUT035,2004,Small,Tier 2,Supermarket Type1,878.3085,4.1,2023-12-26
NCB48,,Low Fat,0.0249,Health and Hygiene,OUT013,1987,High,Tier 3,Supermarket Type1,3236.7474,4.2,2023-03-13
FDM36,19.44,low fat,0.075612,Fruits and Vegetables,OUT027,1985,Medium,Tier 3,Supermarket Type3,7262.3253,4.3,2022-11-20
FDA41,7.503,Low Fat,0.033548,Fruits and Vegetables,OUT045,2002,,Tier 2,Supermarket Type1,4920.7841,3.3,2022-10-19
NCQ52,,Low Fat,0.035917,Household,OUT035,2004,Small,Tier 2,Supermarket Type1,3159.7935,3.6,2023-04-09
DRK42,18.35,low fat,0.030026,Hard Drinks,OUT035,2004,Small,Tier 2,Supermarket Type1,2322.2693,3.7,2023-07-12
FDY38,11.241,Low Fat,0.0,Breads,OUT045,2002,,Tier 2,Supermarket Type1,8078.9338,3.5,2023-09-03
NCG27,6.318,low fat,0.02535,Household,OUT049,1999,Medium,Tier 1,Supermarket Type1,2066.9099,4.3,2022-03-19
NCV44,6.268,Low Fat ,0.012754,Household,OUT027,1985,Medium,Tier 3,Supermarket Type3,13086.9648,4.2,2023-02-26
NCG16,5.034,Low Fat ,0.016861,Others,OUT013,1987,High,Tier 3,Supermarket Type1,969.0751,3.536,2023-03-20
FDA37,12.499,Low Fat,0.118304,Snack Foods,OUT017,2007,,Tier 2,Supermarket Type1,2482.7392,4.0,2023-12-26
FDX45,5.396,Regular,0.084433,Breads,OUT035,2004,Small,Tier 2,Supermarket Type1,1824.4564,3.2,2022-07-29
FDN17,14.003,LF,0.078474,Canned,OUT027,1985,Medium,Tier 3,Supermarket Type3,8689.8877,3.7,2022-09-15
NCA43,,low fat,0.037776,Others,OUT027,1985,Medium,Tier 3,Supermarket Type3,2968.2998,3.7,2022-10-03
FDM59,15.761,Low Fat,0.030484,Breads,OUT018,2009,Medium,Tier 3,Supermarket Type2,2417.0018,3.9,2022-08-25
FDP27,17.098,Low Fat ,0.091169,Baking Goods,OUT049,1999,Medium,Tier 1,Supermarket Type1,1487.1628,3.3,2023-08-06
FDM40,12.304,low fat,0.028887,Snack Foods,OUT019,1985,Small,Tier 1,Grocery Store,1098.6887,4.5,2023-08-12
FDE49,16.699,low fat,0.04137,Fruits and Vegetables,OUT018,2009,Medium,Tier 3,Supermarket Type2,2311.0826,4.1,2023-07-05
FDQ17,15.182,Regular,0.032245,Dairy,OUT049,1999,Medium,Tier 1,Supermarket Type1,4381.9359,4.0,2023-12-21
NCS14,16.323,low fat,0.035587,Health and Hygiene,OUT019,1985,Small,Tier 1,Grocery Store,328.2374,3.7,2022-09-20
NCF31,10.84,low fat,0.107705,Household,OUT035,2004,Small,Tier 2,Supermarket Type1,4687.8801,3.8,2023-06-24
FDG13,7.757,low fat,0.055318,Baking Goods,OUT018,2009,Medium,Tier 3,Supermarket Type2,2279.2454,4.2,2023-05-21
FDE10,9.23,reg,0.064573,Snack Foods,OUT017,2007,,Tier 2,Supermarket Type1,3623.2501,4.377,2022-04-20
FDA59,10.043,Low Fat ,0.022972,Fruits and Vegetables,OUT018,2009,Medium,Tier 3,Supermarket Type2,1739.3941,3.8,2022-06-02
FDU58,,Regular,0.030482,Frozen Foods,OUT018,2009,Medium,Tier 3,Supermarket Type2,1771.9761,4.366,2023-11-20
FDP35,17.518,low fat,0.049133,Breakfast,OUT013,1987,High,Tier 3,Supermarket Type1,5349.0814,3.2,2023-04-12
FDR33,9.247, Regular,0.017303,Fruits and Vegetables,OUT035,2004,Small,Tier 2,Supermarket Type1,1729.3166,4.4,2022-04-14
FDN25,11.875,LF,0.160783,Fruits and Vegetables,OUT010,1998,,Tier 3,Grocery Store,1238.0394,4.3,2023-12-06
FDR20,13.437,LF,0.062628,Frozen Foods,OUT049,1999,Medium,Tier 1,Supermarket Type1,3228.4288,3.7,2023-07-22
FDX22,,Low Fat,0.073975,Frozen Foods,OUT018,2009,Medium,Tier 3,Supermarket Type2,4171.8436,3.3,2022-10-21
FDR38,7.45,low fat,0.076204,Frozen Foods,OUT018,2009,Medium,Tier 3,Supermarket Type2,5594.0199,3.7,2022-11-12
FDW52,,Regular,0.213929,Frozen Foods,OUT010,1998,,Tier 3,Grocery Store,939.1524,3.639,2023-04-05
FDU31,10.971,Low Fat,0.035748,Breakfast,OUT045,2002,,Tier 2,Supermarket Type1,1053.2714,4.2,2023-08-23
NCV20,16.094,Low Fat ,0.131747,Health and Hygiene,OUT017,2007,,Tier 2,Supermarket Type1,918.7176,4.3,2022-12-05
FDK19,13.328,Regular,0.06991,Snack Foods,OUT027,1985,Medium,Tier 3,Supermarket Type3,5136.2511,3.9,2023-10-12
FDM53,11.94,Low Fat,0.159617,Meat,OUT049,1999,Medium,Tier 1,Supermarket Type1,9414.4375,3.9,2022-08-19
FDY21,7.286,LF,0.041939,Meat,OUT027,1985,Medium,Tier 3,Supermarket Type3,13086.9648,4.4,2023-09-26
FDB31,15.89,reg,0.078383,Snack Foods,OUT027,1985,Medium,Tier 3,Supermarket Type3,7067.7465,4.0,2022-01-10
FDM14,7.793,Low Fat,0.079473,Fruits and Vegetables,OUT046,1997,Small,Tier 1,Supermarket Type1,1316.7988,4.1,2023-06-09
FDV47,6.823,Low Fat ,0.024079,Frozen Foods,OUT027,1985,Medium,Tier 3,Supermarket Type3,8708.8522,3.869,2023-02-26
FDB12,21.066,low fat,0.036097,Starchy Foods,OUT018,2009,Medium,Tier 3,Supermarket Type2,3399.6098,3.637,2022-07-07
DRV48,14.044,Low Fat,0.137586,Hard Drinks,OUT035,2004,Small,Tier 2,Supermarket Type1,2819.723,3.7,2023-10-26
FDB55,9.062,Regular,0.01421,Meat,OUT035,2004,Small,Tier 2,Supermarket Type1,4790.9028,3.8,2022-12-14
FDX12,9.05,Regular,0.048506,Dairy,OUT035,2004,Small,Tier 2,Supermarket Type1,1020.4931,3.6,2022-03-14
FDA27,8.785,LF,0.071707,Meat,OUT018,2009,Medium,Tier 3,Supermarket Type2,4623.8134,4.1,2022-04-07
FDF37,4.668,Low Fat ,0.087695,Fruits and Vegetables,OUT018,2009,Medium,Tier 3,Supermarket Type2,2328.4889,3.7,2023-03-09
FDD18,,LF,0.025983,Seafood,OUT019,1985,Small,Tier 1,Grocery Store,1040.5721,4.1,2023-03-13
DRJ50,8.663,Low Fat,0.018731,Hard Drinks,OUT049,1999,Medium,Tier 1,Supermarket Type1,2100.1992,4.2,2022-08-18
FDS58,10.143,reg,0.101222,Meat,OUT018,2009,Medium,Tier 3,Supermarket Type2,4337.5841,4.0,2022-11-12
FDE12,7.917,low fat,0.059871,Frozen Foods,OUT019,1985,Small,Tier 1,Grocery Store,557.0199,4.4,2023-12-01
FDM54,13.567, Regular,0.020468,Fruits and Vegetables,OUT013,1987,High,Tier 3,Supermarket Type1,3854.7915,4.3,2023-02-13
FDF32,16.979,LF,0.097005,Starchy Foods,OUT045,2002,,Tier 2,Supermarket Type1,2084.6486,4.3,2022-02-10
FDC19,15.267,Low Fat ,0.055548,Baking Goods,OUT013,1987,High,Tier 3,Supermarket Type1,4209.5992,3.8,2022-11-23
DRK42,18.35,Low Fat ,0.027598,Hard Drinks,OUT045,2002,,Tier 2,Supermarket Type1,2075.9006,3.6,2023-10-26
FDR31,15.97,Low Fat,0.0,Fruits and Vegetables,OUT049,1999,Medium,Tier 1,Supermarket Type1,8254.4707,4.6,2023-11-18
NCK26,14.313,Low Fat,0.0,Others,OUT018,2009,Medium,Tier 3,Supermarket Type2,3659.809,4.091,2023-10-08
FDM17,9.053,reg,0.027504,Fruits and Vegetables,OUT017,2007,,Tier 2,Supermarket Type1,2209.3107,3.9,2022-11-05
DRX48,6.601,Regular,0.069911,Hard Drinks,OUT045,2002,,Tier 2,Supermarket Type1,2559.1699,3.7,2023-05-18
NCN40,11.603,LF,0.039556,Household,OUT049,1999,Medium,Tier 1,Supermarket Type1,2130.71,4.3,2022-08-29
FDY45,18.592,low fat,0.087404,Meat,OUT010,1998,,Tier 3,Grocery Store,1836.9198,3.497,2022-12-03
NCM41,4.607,low fat,0.0,Health and Hygiene,OUT035,2004,Small,Tier 2,Supermarket Type1,4800.8826,4.1,2022-05-14
FDK15,13.95,low fat,0.090574,Fruits and Vegetables,OUT013,1987,High,Tier 3,Supermarket Type1,5911.7366,4.2,2023-02-13
FDQ40,19.202,LF,0.060841,Frozen Foods,OUT045,2002,,Tier 2,Supermarket Type1,838.235,3.6,2023-02-09
NCH23,10.774,LF,0.04624,Household,OUT018,2009,Medium,Tier 3,Supermarket Type2,11472.8903,3.9,2022-05-15
FDS32,,reg,0.080368,Snack Foods,OUT018,2009,Medium,Tier 3,Supermarket Type2,8472.2934,3.7,2023-03-20
NCC34,4.652,Low Fat ,0.070747,Health and Hygiene,OUT035,2004,Small,Tier 2,Supermarket Type1,2199.3274,4.1,2022-04-05
FDA26,20.21,Low Fat,0.060794,Baking Goods,OUT046,1997,Small,Tier 1,Supermarket Type1,982.8658,3.9,2023-06-08
FDD21,18.23,Regular,0.047676,Snack Foods,OUT045,2002,,Tier 2,Supermarket Type1,2944.0691,3.5,2023-06-03
FDX35,,low fat,0.038684,Starchy Foods,OUT010,1998,,Tier 3,Grocery Store,617.7685,4.1,2022-11-05
FDY43,4.911,LF,0.059279,Snack Foods,OUT045,2002,,Tier 2,Supermarket Type1,3469.4405,4.4,2023-06-02
FDV25,19.906,low fat,0.051463,Dairy,OUT035,2004,Small,Tier 2,Supermarket Type1,1784.6981,3.911,2023-03-26
FDM35,10.702,reg,0.095833,Breads,OUT035,2004,Small,Tier 2,Supermarket Type1,1899.8348,3.7,2022-01-10
FDF51,15.633, Regular,0.033399,Snack Foods,OUT045,2002,,Tier 2,Supermarket Type1,4605.4981,3.9,2022-07-20
FDW41,19.908,reg,0.0,Snack Foods,OUT035,2004,Small,Tier 2,Supermarket Type1,1307.521,3.9,2023-06-07
FDE32,,LF,0.057083,Dairy,OUT017,2007,,Tier 2,Supermarket Type1,2846.4243,4.2,2022-09-18
FDC18,7.393,Regular,0.047821,Snack Foods,OUT035,2004,Small,Tier 2,Supermarket Type1,1019.1408,4.0,2023-02-19
FDK58,10.127,low fat,0.092906,Canned,OUT035,2004,Small,Tier 2,Supermarket Type1,3791.4062,3.769,2023-03-14
FDJ49,19.666,Low Fat ,0.010229,Breads,OUT013,1987,High,Tier 3,Supermarket Type1,3313.9537,3.7,2022-11-21
FDC14,21.321,LF,0.034004,Frozen Foods,OUT046,1997,Small,Tier 1,Supermarket Type1,1414.6665,4.4,2022-01-28
NCG42,14.403,low fat,0.049486,Household,OUT017,2007,,Tier 2,Supermarket Type1,859.0646,4.1,2022-02-16
FDJ10,17.71,Regular,0.014878,Breakfast,OUT019,1985,Small,Tier 1,Grocery Store,1287.6725,3.8,2022-06-27
NCW29,8.441,low fat,0.024369,Others,OUT027,1985,Medium,Tier 3,Supermarket Type3,13086.9648,3.9,2023-11-11
FDU22,14.368,Low Fat,0.04576,Snack Foods,OUT013,1987,High,Tier 3,Supermarket Type1,1796.5949,3.6,2022-07-30
NCD44,11.601,Low Fat,0.039053,Household,OUT049,1999,Medium,Tier 1,Supermarket Type1,2058.7418,4.1,2022-01-22
FDE33,,Low Fat,0.034611,Snack Foods,OUT045,2002,,Tier 2,Supermarket Type1,5304.3767,4.0,2023-10-15
FDD27,19.047, Regular,0.040455,Baking Goods,OUT013,1987,High,Tier 3,Supermarket Type1,914.6208,4.2,2023-08-25
FDG31,13.504,low fat,0.136951,Seafood,OUT027,1985,Medium,Tier 3,Supermarket Type3,11117.2972,4.5,2022-07-15
FDD21,18.23, Regular,0.014568,Snack Foods,OUT019,1985,Small,Tier 1,Grocery Store,892.5268,3.617,2023-01-19
FDG45,, Regular,0.037055,Snack Foods,OUT045,2002,,Tier 2,Supermarket Type1,1234.1746,4.1,2023-01-12
FDP51,5.948,Low Fat,0.086495,Frozen Foods,OUT035,2004,Small,Tier 2,Supermarket Type1,1319.2864,3.8,2022-06-02
NCR51,12.717,Low Fat ,0.058563,Health and Hygiene,OUT019,1985,Small,Tier 1,Grocery Store,521.1517,3.5,2023-02-27
FDH21,16.939,Low Fat,0.044273,Dairy,OUT049,1999,Medium,Tier 1,Supermarket Type1,1412.67,3.9,2023-08-29
FDJ46,14.386,LF,0.051964,Dairy,OUT018,2009,Medium,Tier 3,Supermarket Type2,1548.4356,3.5,2022-04-16
FDE24,12.488,LF,0.015485,Snack Foods,OUT017,2007,,Tier 2,Supermarket Type1,3946.1023,4.1,2023-11-13
FDM24,8.58,LF,0.036449,Breads,OUT035,2004,Small,Tier 2,Supermarket Type1,1624.0518,3.8,2022-11-27
NCB45,19.925,Low Fat,0.037139,Household,OUT018,2009,Medium,Tier 3,Supermarket Type2,3056.6732,4.5,2023-10-12
NCJ38,9.025,Low Fat ,0.045903,Household,OUT027,1985,Medium,Tier 3,Supermarket Type3,12520.0422,4.6,2023-12-29
FDW21,6.03,Regular,0.056652,Snack Foods,OUT046,1997,Small,Tier 1,Supermarket Type1,3610.1227,4.2,2023-02-05
FDQ20,15.514,low fat,0.100639,Breads,OUT013,1987,High,Tier 3,Supermarket Type1,2227.0265,3.7,2023-01-16
FDH28,20.909,reg,0.059387,Frozen Foods,OUT013,1987,High,Tier 3,Supermarket Type1,5268.2969,4.4,2022-05-11
FDJ41,4.834,Low Fat ,0.053405,Snack Foods,OUT027,1985,Medium,Tier 3,Supermarket Type3,6450.2414,4.9,2023-06-29
FDH56,7.011,reg,0.049844,Frozen Foods,OUT013,1987,High,Tier 3,Supermarket Type1,3802.9526,4.3,2022-10-21
FDS34,, Regular,0.027678,Baking Goods,OUT027,1985,Medium,Tier 3,Supermarket Type3,3405.6039,3.8,2023-05-25
NCX59,19.495,low fat,0.069299,Household,OUT046,1997,Small,Tier 1,Supermarket Type1,3297.9332,3.8,2022-07-04
FDX33,,low fat,0.0,Breads,OUT045,2002,,Tier 2,Supermarket Type1,1411.6903,4.1,2022-03-28
FDD57,12.668,LF,0.039018,Starchy Foods,OUT017,2007,,Tier 2,Supermarket Type1,584.2259,4.3,2022-02-03
DRP39,14.503,reg,0.027195,Hard Drinks,OUT013,1987,High,Tier 3,Supermarket Type1,2661.2864,3.5,2023-06-16
FDF34,5.09,Regular,0.069435,Snack Foods,OUT017,2007,,Tier 2,Supermarket Type1,2396.8053,3.9,2022-04-08
FDM56,15.795,reg,0.027729,Frozen Foods,OUT046,1997,Small,Tier 1,Supermarket Type1,1269.2509,4.1,2022-05-21
FDW37,,Low Fat ,0.0,Fruits and Vegetables,OUT017,2007,,Tier 2,Supermarket Type1,2413.9235,3.9,2022-04-26
FDQ53,14.056,low fat,0.049627,Canned,OUT017,2007,,Tier 2,Supermarket Type1,1035.3197,4.675,2022-12-25
FDP19,,LF,0.01346,Dairy,OUT045,2002,,Tier 2,Supermarket Type1,4760.405,4.3,2022-12-08
FDX55,11.307,Regular,0.064906,Snack Foods,OUT049,1999,Medium,Tier 1,Supermarket Type1,1892.5531,4.1,2023-04-05
FDF26,8.315,low fat,0.0427,Fruits and Vegetables,OUT010,1998,,Tier 3,Grocery Store,877.6577,3.8,2023-04-27
FDS24,7.131,LF,0.178119,Fruits and Vegetables,OUT027,1985,Medium,Tier 3,Supermarket Type3,6295.7788,3.8,2023-03-20
NCF18,8.583,Low Fat,0.063594,Household,OUT045,2002,,Tier 2,Supermarket Type1,1202.5286,4.3,2023-03-16
FDC35,,Low Fat ,0.040681,Snack Foods,OUT018,2009,Medium,Tier 3,Supermarket Type2,3862.2162,4.4,2022-01-07
NCB56,,Low Fat,0.067553,Health and Hygiene,OUT013,1987,High,Tier 3,Supermarket Type1,5004.363,4.0,2022-04-27
FDN18,14.091,reg,0.032933,Baking Goods,OUT045,2002,,Tier 2,Supermarket Type1,2857.4956,4.1,2023-01-18
FDD53,, Regular,0.017051,Snack Foods,OUT017,2007,,Tier 2,Supermarket Type1,1855.271,4.0,2023-08-04
NCU13,17.293,LF,0.180794,Health and Hygiene,OUT027,1985,Medium,Tier 3,Supermarket Type3,5013.6241,4.4,2022-10-15
FDY13,9.099,LF,0.174976,Canned,OUT018,2009,Medium,Tier 3,Supermarket Type2,7319.2446,4.463,2023-07-31
FDP52,21.314,low fat,0.0,Fruits and Vegetables,OUT013,1987,High,Tier 3,Supermarket Type1,1405.0434,4.1,2023-06-19
FDX48,11.016,Low Fat,0.061948,Dairy,OUT035,2004,Small,Tier 2,Supermarket Type1,925.0376,4.3,2023-01-19
FDS54,20.56, Regular,0.053816,Dairy,OUT049,1999,Medium,Tier 1,Supermarket Type1,4050.802,3.969,2023-02-22
FDA13,5.359,LF,0.077527,Dairy,OUT017,2007,,Tier 2,Supermarket Type1,1179.1864,4.2,2023-09-14
FDF32,16.979,Low Fat,0.055821,Starchy Foods,OUT049,1999,Medium,Tier 1,Supermarket Type1,977.9159,4.2,2022-01-15
NCQ52,,Low Fat ,0.019026,Household,OUT046,1997,Small,Tier 1,Supermarket Type1,1447.53,3.5,2022-04-11
FDQ54,5.351,Low Fat ,0.038213,Frozen Foods,OUT046,1997,Small,Tier 1,Supermarket Type1,3984.7211,3.8,2023-05-12
DRR17,10.172,reg,0.170034,Soft Drinks,OUT045,2002,,Tier 2,Supermarket Type1,1608.1735,3.8,2023-10-05
DRP40,11.034,low fat,0.043412,Soft Drinks,OUT035,2004,Small,Tier 2,Supermarket Type1,720.3453,4.1,2023-08-16
FDR28,,Low Fat ,0.223845,Dairy,OUT018,2009,Medium,Tier 3,Supermarket Type2,3192.7692,4.5,2023-03-11
FDD13,17.781,low fat,0.036079,Snack Foods,OUT017,2007,,Tier 2,Supermarket Type1,3647.6357,4.3,2022-10-22
FDQ39,11.195,Low Fat,0.027315,Dairy,OUT035,2004,Small,Tier 2,Supermarket Type1,1334.6744,3.871,2022-12-30
FDC48,16.501,reg,0.086259,Snack Foods,OUT049,1999,Medium,Tier 1,Supermarket Type1,1767.2994,4.8,2023-07-20
FDX24,,reg,0.042047,Frozen Foods,OUT049,1999,Medium,Tier 1,Supermarket Type1,1884.74,4.2,2023-01-19
FDF23,15.076,Low Fat,0.025014,Breakfast,OUT046,1997,Small,Tier 1,Supermarket Type1,1661.3309,3.9,2022-01-14
FDC33,11.53,reg,0.016545,Dairy,OUT018,2009,Medium,Tier 3,Supermarket Type2,1577.4444,3.8,2022-02-18
NCR18,19.109,Low Fat,0.041706,Household,OUT013,1987,High,Tier 3,Supermarket Type1,1462.9881,4.8,2022-03-23
FDG16,12.066,Low Fat,0.081764,Canned,OUT049,1999,Medium,Tier 1,Supermarket Type1,1720.8523,3.9,2022-12-26
NCH58,5.453,Low Fat,0.079663,Household,OUT013,1987,High,Tier 3,Supermarket Type1,2367.3288,4.3,2023-04-06
FDB36,15.699,low fat,0.031636,Fruits and Vegetables,OUT045,2002,,Tier 2,Supermarket Type1,6885.9718,4.1,2023-11-06
FDW31,20.288,Low Fat,0.052492,Baking Goods,OUT017,2007,,Tier 2,Supermarket Type1,3567.0135,3.7,2022-03-18
DRB20,20.81,Regular,0.058245,Hard Drinks,OUT046,1997,Small,Tier 1,Supermarket Type1,1749.5545,4.2,2022-03-01
FDW23,,LF,0.131959,Frozen Foods,OUT013,1987,High,Tier 3,Supermarket Type1,4537.1884,3.6,2022-08-22
FDP12,8.51,Low Fat,0.044237,Meat,OUT018,2009,Medium,Tier 3,Supermarket Type2,5393.134,4.6,2023-04-21
FDU37,12.834,Regular,0.099258,Snack Foods,OUT019,1985,Small,Tier 1,Grocery Store,778.0261,3.6,2022-02-14
NCJ28,9.833,LF,0.044165,Health and Hygiene,OUT045,2002,,Tier 2,Supermarket Type1,880.175,4.562,2022-04-20
FDS45,6.211,reg,0.08748,Baking Goods,OUT046,1997,Small,Tier 1,Supermarket Type1,1511.1868,4.7,2023-03-16
FDU18,,Low Fat ,0.200088,Frozen Foods,OUT010,1998,,Tier 3,Grocery Store,1819.4299,4.282,2023-10-13
FDG24,,Regular,0.038767,Frozen Foods,OUT027,1985,Medium,Tier 3,Supermarket Type3,3562.579,3.9,2023-09-29
FDQ59,14.942,LF,0.028446,Fruits and Vegetables,OUT013,1987,High,Tier 3,Supermarket Type1,1881.2139,4.1,2023-09-16
DRX49,8.48,Low Fat ,0.040108,Hard Drinks,OUT045,2002,,Tier 2,Supermarket Type1,5609.5463,4.1,2023-09-14
FDY15,15.803, Regular,0.0506,Breads,OUT018,2009,Medium,Tier 3,Supermarket Type2,5257.1432,4.6,2023-01-10
NCD44,11.601,Low Fat,0.040519,Household,OUT046,1997,Small,Tier 1,Supermarket Type1,1210.8592,4.1,2023-08-13
FDU54,20.028,Low Fat ,0.059742,Canned,OUT045,2002,,Tier 2,Supermarket Type1,1507.8044,4.8,2022-02-07
FDY36,,Low Fat ,0.0,Baking Goods,OUT019,1985,Small,Tier 1,Grocery Store,547.6332,3.9,2022-02-27
DRX30,8.157,low fat,0.069552,Soft Drinks,OUT027,1985,Medium,Tier 3,Supermarket Type3,2717.6428,3.4,2022-01-19
FDG38,8.202,low fat,0.018825,Dairy,OUT027,1985,Medium,Tier 3,Supermarket Type3,3582.0827,4.1,2023-09-24
DRJ30,9.615, Regular,0.097761,Hard Drinks,OUT018,2009,Medium,Tier 3,Supermarket Type2,548.9495,3.6,2022-03-18
FDV27,,reg,0.026076,Fruits and Vegetables,OUT045,2002,,Tier 2,Supermarket Type1,2399.2098,4.1,2023-11-17
FDX56,18.104,Low Fat ,0.031501,Meat,OUT049,1999,Medium,Tier 1,Supermarket Type1,1396.305,4.698,2023-04-06
FDD36,, Regular,0.067526,Breads,OUT018,2009,Medium,Tier 3,Supermarket Type2,948.7069,3.8,2022-02-26
NCR16,7.578,Low Fat,0.067173,Others,OUT049,1999,Medium,Tier 1,Supermarket Type1,1436.903,4.4,2023-07-21
FDW37,6.799,low fat,0.078257,Fruits and Vegetables,OUT019,1985,Small,Tier 1,Grocery Store,758.3879,3.7,2022-12-08
FDG17,16.541,Low Fat ,0.045017,Fruits and Vegetables,OUT019,1985,Small,Tier 1,Grocery Store,2117.5573,3.3,2022-04-26
FDY23,12.038,Low Fat ,0.073745,Baking Goods,OUT010,1998,,Tier 3,Grocery Store,524.3522,3.9,2022-05-26
FDM15,16.291,Low Fat,0.042521,Snack Foods,OUT035,2004,Small,Tier 2,Supermarket Type1,2174.9992,3.7,2023-09-30
FDM22,18.976,low fat,0.0645,Fruits and Vegetables,OUT035,2004,Small,Tier 2,Supermarket Type1,4178.4635,3.924,2022-06-05
FDH59,,Low Fat,0.031253,Snack Foods,OUT018,2009,Medium,Tier 3,Supermarket Type2,3581.9292,4.806,2022-08-11
FDS13,19.828,Regular,0.013316,Meat,OUT045,2002,,Tier 2,Supermarket Type1,3379.4419,4.2,2022-10-16
FDY55,5.705,reg,0.144519,Canned,OUT049,1999,Medium,Tier 1,Supermarket Type1,2765.4524,3.8,2023-04-06
NCN50,,Low Fat,0.07386,Household,OUT013,1987,High,Tier 3,Supermarket Type1,1940.7059,3.7,2022-11-30
FDB48,13.849,Regular,0.064095,Breakfast,OUT046,1997,Small,Tier 1,Supermarket Type1,948.0655,4.1,2023-03-01
FDQ27,14.858,Low Fat,0.253365,Canned,OUT013,1987,High,Tier 3,Supermarket Type1,3280.9391,4.1,2023-04-08
FDU55,20.9,LF,0.131397,Baking Goods,OUT017,2007,,Tier 2,Supermarket Type1,2167.2634,4.012,2022-08-28
NCK30,7.759,Low Fat ,0.062274,Household,OUT035,2004,Small,Tier 2,Supermarket Type1,1161.8051,4.4,2022-04-12
FDV24,13.227,Low Fat,0.0,Breakfast,OUT045,2002,,Tier 2,Supermarket Type1,3219.368,4.1,2023-07-16
NCY31,19.658,LF,0.039825,Health and Hygiene,OUT046,1997,Small,Tier 1,Supermarket Type1,3455.3486,4.705,2023-12-24
DRE44,12.888,LF,0.060157,Soft Drinks,OUT046,1997,Small,Tier 1,Supermarket Type1,1649.0766,3.3,2022-02-26
FDV28,,Low Fat,0.029255,Breads,OUT035,2004,Small,Tier 2,Supermarket Type1,1300.9905,3.7,2023-07-30
FDF19,19.185,low fat,0.044793,Frozen Foods,OUT049,1999,Medium,Tier 1,Supermarket Type1,1656.9271,3.7,2022-06-21
FDR53,,low fat,0.014868,Canned,OUT013,1987,High,Tier 3,Supermarket Type1,2393.2021,4.4,2022-01-18
FDC25,,Low Fat,0.077163,Fruits and Vegetables,OUT018,2009,Medium,Tier 3,Supermarket Type2,1699.2342,4.3,2022-01-19
FDF23,15.076,Low Fat ,0.195436,Breakfast,OUT013,1987,High,Tier 3,Supermarket Type1,1254.9546,3.7,2022-11-11
FDX25,10.301,Low Fat ,0.035269,Snack Foods,OUT017,2007,,Tier 2,Supermarket Type1,3723.2248,3.9,2023-03-11
NCV50,9.676,Low Fat,0.017972,Health and Hygiene,OUT046,1997,Small,Tier 1,Supermarket Type1,2249.3237,4.2,2023-06-20
FDS35,6.217,LF,0.121778,Canned,OUT027,1985,Medium,Tier 3,Supermarket Type3,8420.0351,4.306,2022-12-16
NCB43,10.044,Low Fat,0.116215,Household,OUT035,2004,Small,Tier 2,Supermarket Type1,1028.1701,4.1,2022-09-03
NCY44,11.451,Low Fat ,0.068409,Health and Hygiene,OUT018,2009,Medium,Tier 3,Supermarket Type2,2547.1537,4.0,2022-06-30
FDF44,14.414,Low Fat ,0.031863,Starchy Foods,OUT027,1985,Medium,Tier 3,Supermarket Type3,10893.5472,3.7,2023-01-27
FDH50,13.429,Low Fat,0.030571,Frozen Foods,OUT018,2009,Medium,Tier 3,Supermarket Type2,7744.9962,4.0,2023-07-05
FDF50,20.12,Regular,0.05121,Canned,OUT049,1999,Medium,Tier 1,Supermarket Type1,1381.6075,4.0,2023-07-22
FDS58,10.143, Regular,0.022075,Meat,OUT035,2004,Small,Tier 2,Supermarket Type1,2870.1449,4.895,2023-05-15
FDJ11,19.325,reg,0.037724,Fruits and Vegetables,OUT018,2009,Medium,Tier 3,Supermarket Type2,2069.2153,3.5,2022-02-01
FDK14,17.52,reg,0.028313,Fruits and Vegetables,OUT049,1999,Medium,Tier 1,Supermarket Type1,1758.5766,4.4,2023-03-21
FDH30,12.546,Low Fat ,0.114748,Frozen Foods,OUT010,1998,,Tier 3,Grocery Store,455.535,3.9,2023-08-12
FDY52,16.724,reg,0.015547,Meat,OUT046,1997,Small,Tier 1,Supermarket Type1,2926.164,3.5,2022-04-12
FDR42,14.039,Low Fat,0.035581,Snack Foods,OUT013,1987,High,Tier 3,Supermarket Type1,2873.9277,4.8,2022-11-04
FDV17,21.054,Low Fat ,0.096414,Dairy,OUT017,2007,,Tier 2,Supermarket Type1,2201.8431,4.2,2022-02-23
FDH41,19.239,low fat,0.097067,Snack Foods,OUT013,1987,High,Tier 3,Supermarket Type1,4839.1496,4.5,2023-08-12
FDR37,17.086,LF,0.047377,Canned,OUT049,1999,Medium,Tier 1,Supermarket Type1,1761.7453,4.6,2023-03-11
FDD21,18.23, Regular,0.094709,Snack Foods,OUT027,1985,Medium,Tier 3,Supermarket Type3,5320.5288,4.1,2023-12-19
FDP21,9.697,low fat,0.096936,Canned,OUT018,2009,Medium,Tier 3,Supermarket Type2,2386.9226,4.0,2022-01-24
FDB57,,low fat,0.094979,Frozen Foods,OUT019,1985,Small,Tier 1,Grocery Store,1144.9808,3.6,2022-09-30
FDQ15,20.834,LF,0.0623,Snack Foods,OUT027,1985,Medium,Tier 3,Supermarket Type3,4205.3319,4.2,2022-06-02
FDX48,11.016,LF,0.134994,Dairy,OUT045,2002,,Tier 2,Supermarket Type1,3637.9351,3.715,2022-02-21
NCB30,16.23,low fat,0.027791,Health and Hygiene,OUT019,1985,Small,Tier 1,Grocery Store,388.9634,4.3,2022-10-23
FDG38,8.202,Low Fat ,0.047029,Dairy,OUT018,2009,Medium,Tier 3,Supermarket Type2,928.5969,4.1,2022-12-18
FDJ28,15.306, Regular,0.02848,Canned,OUT049,1999,Medium,Tier 1,Supermarket Type1,2253.9529,3.7,2023-03-23
FDB11,5.528,low fat,0.027252,Snack Foods,OUT010,1998,,Tier 3,Grocery Store,948.4737,4.0,2023-08-08
NCD43,4.942,Low Fat ,0.016344,Household,OUT027,1985,Medium,Tier 3,Supermarket Type3,5374.0317,3.8,2023-10-28
FDB42,,Regular,0.061155,Frozen Foods,OUT013,1987,High,Tier 3,Supermarket Type1,2149.5956,3.433,2023-07-14
FDP37,,Regular,0.128436,Meat,OUT019,1985,Small,Tier 1,Grocery Store,3018.0372,3.9,2022-10-28
FDU54,,low fat,0.029213,Canned,OUT027,1985,Medium,Tier 3,Supermarket Type3,6919.9074,3.87,2022-11-08
NCW42,11.261,Low Fat ,0.0,Health and Hygiene,OUT018,2009,Medium,Tier 3,Supermarket Type2,980.9529,3.9,2023-01-07
DRE15,21.106, Regular,0.042515,Soft Drinks,OUT010,1998,,Tier 3,Grocery Store,1191.9324,4.016,2023-04-02
NCD40,4.891,low fat,0.0816,Others,OUT045,2002,,Tier 2,Supermarket Type1,1623.2225,3.7,2023-01-28
FDH36,,Regular,0.049369,Snack Foods,OUT013,1987,High,Tier 3,Supermarket Type1,4235.5282,3.5,2022-09-25
FDE27,,Low Fat ,0.031555,Dairy,OUT013,1987,High,Tier 3,Supermarket Type1,4972.2433,4.578,2023-08-31
FDJ31,18.471,Low Fat ,0.120344,Starchy Foods,OUT045,2002,,Tier 2,Supermarket Type1,1810.1691,3.779,2022-03-19
FDS15,17.959,Low Fat ,0.051146,Breakfast,OUT046,1997,Small,Tier 1,Supermarket Type1,1967.8628,3.6,2022-01-20
FDU10,10.801,Low Fat ,0.032462,Frozen Foods,OUT046,1997,Small,Tier 1,Supermarket Type1,1408.1722,4.1,2022-08-18
FDW52,10.734, Regular,0.0,Frozen Foods,OUT013,1987,High,Tier 3,Supermarket Type1,3312.7617,3.9,2023-09-21
FDK58,,LF,0.063493,Canned,OUT045,2002,,Tier 2,Supermarket Type1,5339.2797,3.4,2023-07-28
FDR43,5.547, Regular,0.035952,Canned,OUT027,1985,Medium,Tier 3,Supermarket Type3,8085.3574,4.2,2022-11-23
FDU48,,low fat,0.093052,Snack Foods,OUT035,2004,Small,Tier 2,Supermarket Type1,1997.893,4.3,2022-09-22
FDX39,,LF,0.024439,Dairy,OUT018,2009,Medium,Tier 3,Supermarket Type2,3458.62,3.999,2023-07-18
FDE47,,LF,0.0344,Canned,OUT046,1997,Small,Tier 1,Supermarket Type1,1091.2627,3.5,2023-06-15
FDJ19,15.129,reg,0.045496,Snack Foods,OUT035,2004,Small,Tier 2,Supermarket Type1,1203.0913,3.1,2022-05-22
NCD43,4.942,LF,0.022896,Household,OUT018,2009,Medium,Tier 3,Supermarket Type2,3442.6379,4.8,2023-06-20
FDV19,9.897,low fat,0.022039,Fruits and Vegetables,OUT027,1985,Medium,Tier 3,Supermarket Type3,8428.4834,3.9,2023-07-10
FDY33,7.095,LF,0.040882,Breads,OUT049,1999,Medium,Tier 1,Supermarket Type1,3295.4309,4.1,2023-11-24
FDC32,17.342,low fat,0.128211,Breakfast,OUT017,2007,,Tier 2,Supermarket Type1,4369.7889,4.3,2023-04-05
FDS44,14.082,reg,0.046246,Canned,OUT017,2007,,Tier 2,Supermarket Type1,700.3967,4.5,2022-07-23
FDH47,11.626,Low Fat,0.02245,Snack Foods,OUT049,1999,Medium,Tier 1,Supermarket Type1,1515.1375,4.2,2023-07-30
FDB24,,LF,0.056264,Fruits and Vegetables,OUT045,2002,,Tier 2,Supermarket Type1,1686.6113,3.507,2022-05-25
FDD30,12.386,reg,0.044513,Fruits and Vegetables,OUT046,1997,Small,Tier 1,Supermarket Type1,2879.5123,3.486,2022-05-14
NCG42,14.403,low fat,0.047829,Household,OUT013,1987,High,Tier 3,Supermarket Type1,2006.35,4.4,2023-08-19
FDQ23,11.436,Low Fat ,0.051473,Breads,OUT049,1999,Medium,Tier 1,Supermarket Type1,1868.6916,3.4,2023-09-07
FDC37,20.067,Regular,0.036525,Meat,OUT017,2007,,Tier 2,Supermarket Type1,3823.3935,4.0,2022-02-23
NCR16,7.578,Low Fat ,0.045527,Others,OUT017,2007,,Tier 2,Supermarket Type1,1738.5849,4.0,2023-08-01
FDC51,20.623,Low Fat ,0.173256,Dairy,OUT049,1999,Medium,Tier 1,Supermarket Type1,2120.7833,3.7,2023-05-05
NCB56,,Low Fat ,0.032521,Health and Hygiene,OUT046,1997,Small,Tier 1,Supermarket Type1,2419.5542,3.4,2022-02-14
NCX56,14.386,low fat,0.082964,Health and Hygiene,OUT017,2007,,Tier 2,Supermarket Type1,749.2355,3.7,2023-01-23
FDH25,18.309,reg,0.036172,Snack Foods,OUT046,1997,Small,Tier 1,Supermarket Type1,3580.3878,4.067,2022-07-17
FDJ16,5.715,low fat,0.0,Fruits and Vegetables,OUT045,2002,,Tier 2,Supermarket Type1,2926.8272,4.0,2022-07-13
FDC51,20.623,low fat,0.026606,Dairy,OUT013,1987,High,Tier 3,Supermarket Type1,5302.3059,3.5,2023-11-28
FDA46,,Regular,0.090639,Dairy,OUT049,1999,Medium,Tier 1,Supermarket Type1,6766.7304,4.2,2023-06-20
FDD57,12.668,Low Fat,0.027688,Starchy Foods,OUT010,1998,,Tier 3,Grocery Store,1245.9084,4.126,2022-08-28
FDV11,5.231,low fat,0.102552,Starchy Foods,OUT049,1999,Medium,Tier 1,Supermarket Type1,1813.4106,4.1,2022-02-03
FDA56,18.497,low fat,0.103654,Snack Foods,OUT018,2009,Medium,Tier 3,Supermarket Type2,3545.7808,4.2,2022-10-12
NCX11,4.603,Low Fat,0.065905,Household,OUT018,2009,Medium,Tier 3,Supermarket Type2,2529.8157,3.8,2022-04-06
DRJ25,5.718,reg,0.07496,Soft Drinks,OUT049,1999,Medium,Tier 1,Supermarket Type1,2328.5181,4.0,2022-06-29
FDK52,13.444,LF,0.075301,Meat,OUT010,1998,,Tier 3,Grocery Store,1794.2258,3.8,2023-05-10
FDD24,,Regular,0.023536,Canned,OUT027,1985,Medium,Tier 3,Supermarket Type3,2545.3574,3.8,2022-09-02
NCD24,5.47,low fat,0.044776,Others,OUT035,2004,Small,Tier 2,Supermarket Type1,2167.499,3.8,2023-02-15
FDQ54,5.351,LF,0.086126,Frozen Foods,OUT045,2002,,Tier 2,Supermarket Type1,1848.944,3.6,2022-08-13
FDY41,15.347,Low Fat,0.021285,Fruits and Vegetables,OUT013,1987,High,Tier 3,Supermarket Type1,1247.5306,3.9,2023-12-30
NCV29,7.742,Low Fat ,0.056064,Household,OUT027,1985,Medium,Tier 3,Supermarket Type3,10713.6682,4.0,2023-02-18
FDV27,,reg,0.063978,Fruits and Vegetables,OUT010,1998,,Tier 3,Grocery Store,732.9645,4.0,2022-03-01
FDS28,16.939,LF,0.060581,Meat,OUT027,1985,Medium,Tier 3,Supermarket Type3,1769.9389,3.9,2022-11-12
FDC12,5.301,Low Fat,0.076474,Dairy,OUT017,2007,,Tier 2,Supermarket Type1,2205.7239,3.8,2023-07-14
FDY28,5.497,Regular,0.092132,Meat,OUT027,1985,Medium,Tier 3,Supermarket Type3,6560.9106,4.2,2023-05-15
FDJ45,14.777,Low Fat ,0.091295,Meat,OUT046,1997,Small,Tier 1,Supermarket Type1,3203.3066,4.3,2023-04-07
NCV30,6.545,low fat,0.053683,Household,OUT049,1999,Medium,Tier 1,Supermarket Type1,3025.1004,3.8,2022-02-02
FDY22,,Low Fat ,0.028097,Frozen Foods,OUT017,2007,,Tier 2,Supermarket Type1,1566.3944,4.0,2022-05-01
FDA17,8.303, Regular,0.010775,Frozen Foods,OUT013,1987,High,Tier 3,Supermarket Type1,2642.9997,3.1,2023-06-29
FDM11,,Low Fat ,0.042188,Fruits and Vegetables,OUT018,2009,Medium,Tier 3,Supermarket Type2,3905.1667,3.9,2022-07-09
NCF35,15.674,LF,0.027422,Health and Hygiene,OUT013,1987,High,Tier 3,Supermarket Type1,11094.8528,4.2,2023-02-12
FDK52,13.444,Low Fat ,0.075155,Meat,OUT049,1999,Medium,Tier 1,Supermarket Type1,6900.0728,4.1,2022-07-17
NCR31,20.547,Low Fat ,0.091575,Household,OUT049,1999,Medium,Tier 1,Supermarket Type1,2122.8422,3.7,2022-10-16
FDY12,10.827,Low Fat,0.051194,Fruits and Vegetables,OUT019,1985,Small,Tier 1,Grocery Store,714.869,3.5,2022-09-30
FDA47,5.41,reg,0.135585,Snack Foods,OUT046,1997,Small,Tier 1,Supermarket Type1,3493.2278,4.7,2022-09-06
DRR46,21.165, Regular,0.04605,Hard Drinks,OUT010,1998,,Tier 3,Grocery Store,1514.751,3.4,2023-10-13
FDN28,21.282,Regular,0.177955,Snack Foods,OUT018,2009,Medium,Tier 3,Supermarket Type2,5143.4665,4.4,2022-12-13
FDB40,19.928, Regular,0.039694,Snack Foods,OUT010,1998,,Tier 3,Grocery Store,2007.5027,4.0,2023-02-10
FDF13,5.222,Low Fat,0.064926,Canned,OUT010,1998,,Tier 3,Grocery Store,1052.7375,3.9,2022-10-21
FDY30,13.822, Regular,0.018265,Canned,OUT010,1998,,Tier 3,Grocery Store,1348.3869,3.9,2023-01-01
NCQ17,8.732,Low Fat ,0.021809,Household,OUT017,2007,,Tier 2,Supermarket Type1,4145.2976,4.5,2022-06-20
FDJ13,13.501, Regular,0.047106,Fruits and Vegetables,OUT046,1997,Small,Tier 1,Supermarket Type1,4480.2845,4.504,2022-02-21
NCG25,16.951,Low Fat,0.053377,Health and Hygiene,OUT018,2009,Medium,Tier 3,Supermarket Type2,1939.2897,3.8,2023-03-04
FDB52,18.889,low fat,0.049166,Baking Goods,OUT035,2004,Small,Tier 2,Supermarket Type1,906.6461,4.5,2023-09-28
NCG27,,LF,0.02769,Household,OUT027,1985,Medium,Tier 3,Supermarket Type3,7449.9087,4.6,2023-03-06
FDU23,7.608, Regular,0.152619,Snack Foods,OUT027,1985,Medium,Tier 3,Supermarket Type3,4545.7996,4.6,2023-12-08
FDW46,7.853,Regular,0.101719,Breads,OUT010,1998,,Tier 3,Grocery Store,3093.3425,4.1,2023-04-28
FDP39,7.657,LF,0.152313,Fruits and Vegetables,OUT017,2007,,Tier 2,Supermarket Type1,2768.7415,4.4,2023-04-27
DRE50,14.937,Low Fat,0.02047,Soft Drinks,OUT018,2009,Medium,Tier 3,Supermarket Type2,3107.2789,4.1,2022-05-14
FDW46,7.853,reg,0.030031,Breads,OUT027,1985,Medium,Tier 3,Supermarket Type3,4535.9767,3.4,2022-03-14
FDS12,4.79,reg,0.051124,Breads,OUT018,2009,Medium,Tier 3,Supermarket Type2,3669.3509,4.3,2023-05-15
FDR28,,LF,0.062546,Dairy,OUT046,1997,Small,Tier 1,Supermarket Type1,3411.3884,4.439,2023-08-19
FDU24,17.902,reg,0.052994,Snack Foods,OUT045,2002,,Tier 2,Supermarket Type1,2970.8959,3.9,2023-07-07
NCF58,12.655,LF,0.082661,Household,OUT049,1999,Medium,Tier 1,Supermarket Type1,3032.3912,4.0,2023-04-28
FDK45,12.951, Regular,0.0,Snack Foods,OUT046,1997,Small,Tier 1,Supermarket Type1,1474.4924,4.039,2023-12-28
FDA55,6.279, Regular,0.165198,Fruits and Vegetables,OUT035,2004,Small,Tier 2,Supermarket Type1,2726.1009,3.5,2023-11-27
FDQ39,,LF,0.094251,Dairy,OUT049,1999,Medium,Tier 1,Supermarket Type1,2540.3346,4.5,2022-09-11
FDK25,16.361,Low Fat,0.051819,Meat,OUT046,1997,Small,Tier 1,Supermarket Type1,2631.2651,3.5,2023-12-26
NCE59,16.639,low fat,0.04442,Household,OUT049,1999,Medium,Tier 1,Supermarket Type1,1671.9975,4.0,2022-01-03
FDQ34,19.162,Regular,0.059461,Seafood,OUT017,2007,,Tier 2,Supermarket Type1,2958.8329,4.8,2023-09-06
FDP11,13.849,Regular,0.013433,Baking Goods,OUT018,2009,Medium,Tier 3,Supermarket Type2,3858.5963,4.0,2022-05-17
FDU41,,low fat,0.056018,Snack Foods,OUT017,2007,,Tier 2,Supermarket Type1,5383.2261,4.4,2023-04-18
FDF43,4.95,LF,0.02195,Frozen Foods,OUT046,1997,Small,Tier 1,Supermarket Type1,4545.502,4.4,2022-01-16
FDB52,18.889,Low Fat ,0.070063,Baking Goods,OUT010,1998,,Tier 3,Grocery Store,2046.1976,4.0,2023-09-03
FDN29,14.121,Low Fat,0.050917,Canned,OUT049,1999,Medium,Tier 1,Supermarket Type1,1957.4211,4.0,2022-08-23
NCS30,5.594,Low Fat,0.029684,Household,OUT045,2002,,Tier 2,Supermarket Type1,2590.1561,3.7,2023-03-04
DRJ25,5.718,Regular,0.035956,Soft Drinks,OUT045,2002,,Tier 2,Supermarket Type1,2166.609,4.0,2022-01-31
NCE40,10.768,Low Fat,0.032274,Others,OUT027,1985,Medium,Tier 3,Supermarket Type3,7174.9068,4.0,2023-07-21
DRS43,20.715,reg,0.0,Hard Drinks,OUT049,1999,Medium,Tier 1,Supermarket Type1,5189.7917,3.9,2023-11-22
FDA42,,Low Fat,0.077095,Baking Goods,OUT035,2004,Small,Tier 2,Supermarket Type1,1222.317,3.5,2022-01-22
FDW50,10.758,Regular,0.028081,Fruits and Vegetables,OUT027,1985,Medium,Tier 3,Supermarket Type3,5896.7697,4.0,2022-04-07
FDV35,,low fat,0.039797,Meat,OUT045,2002,,Tier 2,Supermarket Type1,2434.4795,4.5,2022-12-19
FDE58,7.959,Regular,0.0,Dairy,OUT017,2007,,Tier 2,Supermarket Type1,2078.3687,3.476,2022-05-20
FDN38,,low fat,0.076482,Canned,OUT018,2009,Medium,Tier 3,Supermarket Type2,1562.0656,3.9,2022-05-20
FDE49,,low fat,0.023563,Fruits and Vegetables,OUT035,2004,Small,Tier 2,Supermarket Type1,2189.6567,3.5,2023-04-19
FDX11,20.914,low fat,0.062335,Starchy Foods,OUT018,2009,Medium,Tier 3,Supermarket Type2,3390.7457,3.7,2023-01-24
FDN45,12.636,Low Fat ,0.034893,Canned,OUT035,2004,Small,Tier 2,Supermarket Type1,6492.8065,3.6,2022-11-18
FDB24,18.42,Low Fat,0.085543,Fruits and Vegetables,OUT018,2009,Medium,Tier 3,Supermarket Type2,5296.827,4.1,2022-03-07
FDP10,,LF,0.0,Dairy,OUT018,2009,Medium,Tier 3,Supermarket Type2,2150.0537,3.881,2022-12-20
NCC46,13.016,LF,0.064342,Household,OUT027,1985,Medium,Tier 3,Supermarket Type3,3223.7667,4.3,2022-05-14
FDW43,20.391,Regular,0.071462,Snack Foods,OUT027,1985,Medium,Tier 3,Supermarket Type3,6313.4951,4.3,2022-05-11
FDR18,19.841,reg,0.154139,Baking Goods,OUT010,1998,,Tier 3,Grocery Store,645.3133,3.8,2023-12-17
FDJ12,19.486,reg,0.132597,Frozen Foods,OUT045,2002,,Tier 2,Supermarket Type1,1729.129,3.9,2022-08-08
NCF31,10.84,Low Fat,0.063185,Household,OUT013,1987,High,Tier 3,Supermarket Type1,2553.7827,3.6,2023-05-21
NCP37,17.195,Low Fat,0.071659,Household,OUT046,1997,Small,Tier 1,Supermarket Type1,4873.0081,4.3,2022-12-13
FDU22,,LF,0.216083,Snack Foods,OUT027,1985,Medium,Tier 3,Supermarket Type3,6433.6349,3.8,2023-05-23
FDX47,,LF,0.056617,Meat,OUT019,1985,Small,Tier 1,Grocery Store,443.3125,3.8,2023-09-08
NCG43,14.986,Low Fat ,0.077862,Household,OUT013,1987,High,Tier 3,Supermarket Type1,3487.5638,3.8,2022-01-23
NCX38,16.539,Low Fat,0.048583,Household,OUT019,1985,Small,Tier 1,Grocery Store,1126.7343,3.4,2022-06-09
NCF48,16.253,LF,0.059649,Household,OUT027,1985,Medium,Tier 3,Supermarket Type3,3086.3331,3.7,2023-07-17
FDD31,17.566,Low Fat,0.128163,Snack Foods,OUT013,1987,High,Tier 3,Supermarket Type1,3689.4787,4.1,2022-01-18
FDK15,13.95,low fat,0.038052,Fruits and Vegetables,OUT049,1999,Medium,Tier 1,Supermarket Type1,4058.3281,4.705,2022-11-10
FDS26,9.766,low fat,0.067213,Snack Foods,OUT035,2004,Small,Tier 2,Supermarket Type1,3680.6808,4.2,2022-04-20
FDK51,10.991,low fat,0.014336,Dairy,OUT013,1987,High,Tier 3,Supermarket Type1,6101.7137,3.9,2023-12-17
FDS26,9.766,Low Fat,0.02691,Snack Foods,OUT019,1985,Small,Tier 1,Grocery Store,805.0904,3.736,2023-06-06
NCW32,9.188,Low Fat,0.028413,Health and Hygiene,OUT013,1987,High,Tier 3,Supermarket Type1,3482.8967,3.6,2023-01-21
FDK26,19.747,LF,0.0,Dairy,OUT018,2009,Medium,Tier 3,Supermarket Type2,1705.2807,3.9,2022-09-20
FDB47,7.071,Low Fat ,0.068357,Meat,OUT017,2007,,Tier 2,Supermarket Type1,3251.4955,3.8,2022-01-24
NCY27,,Low Fat ,0.076053,Health and Hygiene,OUT013,1987,High,Tier 3,Supermarket Type1,2302.8846,4.2,2022-11-04
FDS45,6.211, Regular,0.016392,Baking Goods,OUT027,1985,Medium,Tier 3,Supermarket Type3,4151.3247,3.8,2022-02-09
FDB29,6.533,Low Fat ,0.019272,Baking Goods,OUT049,1999,Medium,Tier 1,Supermarket Type1,10743.6605,3.8,2022-08-03
FDG39,19.711,low fat,0.027049,Seafood,OUT018,2009,Medium,Tier 3,Supermarket Type2,1692.7151,3.7,2023-12-17
FDW25,,LF,0.021977,Frozen Foods,OUT035,2004,Small,Tier 2,Supermarket Type1,612.4322,3.761,2022-08-13
DRK50,7.483, Regular,0.075052,Soft Drinks,OUT049,1999,Medium,Tier 1,Supermarket Type1,765.1306,4.5,2023-06-19
FDM52,8.427,LF,0.063738,Snack Foods,OUT027,1985,Medium,Tier 3,Supermarket Type3,6596.9588,4.0,2022-07-17
DRX30,8.157,Low Fat,0.037614,Soft Drinks,OUT049,1999,Medium,Tier 1,Supermarket Type1,1378.6473,4.1,2022-09-01
FDV49,6.201,reg,0.055284,Breads,OUT049,1999,Medium,Tier 1,Supermarket Type1,4435.9444,4.6,2022-05-13
FDY19,6.764,Low Fat ,0.012762,Dairy,OUT049,1999,Medium,Tier 1,Supermarket Type1,2423.4945,4.2,2023-03-08
NCG46,,LF,0.0,Others,OUT046,1997,Small,Tier 1,Supermarket Type1,2105.2202,3.8,2023-10-06
NCF33,14.13,Low Fat ,0.085975,Health and Hygiene,OUT018,2009,Medium,Tier 3,Supermarket Type2,3841.0866,3.8,2023-07-27
FDS58,10.143, Regular,0.045898,Meat,OUT013,1987,High,Tier 3,Supermarket Type1,2187.6559,4.0,2023-09-13
FDU15,9.842,LF,0.062061,Dairy,OUT046,1997,Small,Tier 1,Supermarket Type1,1383.4688,4.1,2022-05-03
NCW55,17.621,LF,0.031107,Health and Hygiene,OUT045,2002,,Tier 2,Supermarket Type1,5502.3567,4.2,2023-01-19
FDE50,5.926,Regular,0.070087,Meat,OUT013,1987,High,Tier 3,Supermarket Type1,2739.4148,3.5,2023-01-29
FDR26,,LF,0.076788,Dairy,OUT018,2009,Medium,Tier 3,Supermarket Type2,3467.5298,4.5,2022-04-12
FDA33,11.471,low fat,0.138458,Frozen Foods,OUT045,2002,,Tier 2,Supermarket Type1,9002.3646,3.7,2022-06-29
FDN58,5.263,reg,0.038943,Canned,OUT049,1999,Medium,Tier 1,Supermarket Type1,1874.5988,3.561,2023-04-15
DRU30,17.591,Low Fat ,0.01862,Soft Drinks,OUT013,1987,High,Tier 3,Supermarket Type1,1526.5273,4.001,2022-01-18
FDW30,5.672, Regular,0.047945,Baking Goods,OUT019,1985,Small,Tier 1,Grocery Store,627.1006,3.766,2022-02-02
FDU42,15.842,Low Fat ,0.176722,Frozen Foods,OUT049,1999,Medium,Tier 1,Supermarket Type1,3245.6302,3.7,2022-08-17
DRY51,17.604, Regular,0.043847,Soft Drinks,OUT046,1997,Small,Tier 1,Supermarket Type1,1517.1587,3.6,2023-07-12
NCM24,10.332,low fat,0.074327,Household,OUT013,1987,High,Tier 3,Supermarket Type1,2423.5366,3.6,2023-03-22
FDD21,18.23,Regular,0.018142,Snack Foods,OUT049,1999,Medium,Tier 1,Supermarket Type1,1951.0164,3.472,2022-06-10
FDU46,13.585,Low Fat,0.071289,Canned,OUT045,2002,,Tier 2,Supermarket Type1,3133.4317,4.3,2022-04-22
NCF58,12.655,LF,0.012074,Household,OUT045,2002,,Tier 2,Supermarket Type1,1397.1773,4.3,2023-07-24
FDG19,14.248,Low Fat ,0.01933,Snack Foods,OUT017,2007,,Tier 2,Supermarket Type1,2156.4682,4.131,2023-02-27
FDP46,17.918,reg,0.037527,Snack Foods,OUT045,2002,,Tier 2,Supermarket Type1,2829.3851,3.5,2022-11-24
FDV48,7.014,low fat,0.056213,Fruits and Vegetables,OUT013,1987,High,Tier 3,Supermarket Type1,1960.261,3.7,2022-10-22
FDC59,,Low Fat ,0.089566,Fruits and Vegetables,OUT027,1985,Medium,Tier 3,Supermarket Type3,7003.6311,3.9,2022-03-05
FDV55,9.746,LF,0.031077,Snack Foods,OUT045,2002,,Tier 2,Supermarket Type1,4487.621,3.7,2022-08-03
FDK20,16.405,Low Fat ,0.028688,Breads,OUT018,2009,Medium,Tier 3,Supermarket Type2,1240.9431,3.9,2023-01-05
FDY18,14.949, Regular,0.043343,Snack Foods,OUT018,2009,Medium,Tier 3,Supermarket Type2,2791.154,4.1,2023-06-30
NCC21,16.1,Low Fat ,0.0,Health and Hygiene,OUT013,1987,High,Tier 3,Supermarket Type1,3968.7688,3.6,2022-06-27
FDH27,17.26,low fat,0.104825,Snack Foods,OUT010,1998,,Tier 3,Grocery Store,738.4416,3.9,2023-01-14
FDS59,17.444, Regular,0.044088,Canned,OUT013,1987,High,Tier 3,Supermarket Type1,4485.2609,3.8,2022-08-31
FDC21,13.576,Low Fat,0.075315,Frozen Foods,OUT010,1998,,Tier 3,Grocery Store,1555.7444,4.0,2022-12-07
FDH44,5.333,Low Fat,0.040745,Meat,OUT013,1987,High,Tier 3,Supermarket Type1,2389.2403,4.0,2023-03-03
FDA58,12.812,Low Fat ,0.043482,Snack Foods,OUT049,1999,Medium,Tier 1,Supermarket Type1,1342.3519,4.0,2023-04-22
FDA51,12.561,Regular,0.029441,Meat,OUT018,2009,Medium,Tier 3,Supermarket Type2,4262.8667,3.027,2023-02-15
FDN57,7.271,Low Fat,0.028187,Frozen Foods,OUT010,1998,,Tier 3,Grocery Store,299.5706,4.2,2022-09-16
FDA20,5.554,low fat,0.017201,Fruits and Vegetables,OUT017,2007,,Tier 2,Supermarket Type1,1160.0152,4.2,2023-01-22
DRP46,12.076,LF,0.017909,Soft Drinks,OUT035,2004,Small,Tier 2,Supermarket Type1,3550.4155,3.4,2023-08-18
FDX38,9.596, Regular,0.084458,Baking Goods,OUT045,2002,,Tier 2,Supermarket Type1,4638.0477,3.5,2022-01-26
FDB36,15.699,low fat,0.038687,Fruits and Vegetables,OUT035,2004,Small,Tier 2,Supermarket Type1,12908.6152,3.9,2023-10-06
FDJ12,19.486, Regular,0.03433,Frozen Foods,OUT027,1985,Medium,Tier 3,Supermarket Type3,6763.0247,4.4,2022-03-06
FDH37,20.791, Regular,0.046222,Fruits and Vegetables,OUT013,1987,High,Tier 3,Supermarket Type1,3637.2295,4.2,2022-05-05
FDG55,13.772,LF,0.084396,Snack Foods,OUT027,1985,Medium,Tier 3,Supermarket Type3,8532.7039,4.2,2022-11-02
FDX44,, Regular,0.062042,Baking Goods,OUT018,2009,Medium,Tier 3,Supermarket Type2,1281.6347,3.9,2023-05-29
FDJ33,9.63,LF,0.055765,Canned,OUT045,2002,,Tier 2,Supermarket Type1,2042.9973,4.3,2022-08-31
FDJ55,,Low Fat,0.067627,Frozen Foods,OUT045,2002,,Tier 2,Supermarket Type1,2348.7618,4.3,2022-08-02
NCH10,8.972,LF,0.030465,Health and Hygiene,OUT017,2007,,Tier 2,Supermarket Type1,1089.9074,4.5,2022-11-15
FDG21,7.985,Low Fat,0.075856,Dairy,OUT045,2002,,Tier 2,Supermarket Type1,2340.0047,4.3,2023-12-30
FDA27,8.785,LF,0.092447,Meat,OUT046,1997,Small,Tier 1,Supermarket Type1,1310.5973,3.4,2022-12-29
FDW26,9.187,Low Fat ,0.061605,Meat,OUT017,2007,,Tier 2,Supermarket Type1,6847.3135,3.9,2022-01-31
FDV16,13.45,Low Fat,0.030119,Meat,OUT045,2002,,Tier 2,Supermarket Type1,7043.8215,4.6,2023-05-12
NCG56,5.476,Low Fat,0.190278,Health and Hygiene,OUT045,2002,,Tier 2,Supermarket Type1,1604.4681,4.012,2023-04-05
FDS25,,Low Fat,0.151837,Dairy,OUT049,1999,Medium,Tier 1,Supermarket Type1,1189.777,4.0,2022-09-18
FDQ19,12.139,LF,0.020674,Breads,OUT045,2002,,Tier 2,Supermarket Type1,817.204,3.9,2023-01-25
FDF56,10.541,reg,0.0549,Snack Foods,OUT045,2002,,Tier 2,Supermarket Type1,1964.0535,3.7,2022-05-15
FDW49,14.216,reg,0.031846,Frozen Foods,OUT013,1987,High,Tier 3,Supermarket Type1,4728.7698,3.9,2023-09-06
FDY44,,Low Fat ,0.032224,Fruits and Vegetables,OUT035,2004,Small,Tier 2,Supermarket Type1,1747.2792,4.2,2022-01-29
FDE34,11.372,Low Fat,0.04914,Snack Foods,OUT010,1998,,Tier 3,Grocery Store,629.4103,4.6,2022-05-04
DRG58,5.761,reg,0.076388,Hard Drinks,OUT010,1998,,Tier 3,Grocery Store,1070.0132,4.207,2023-07-26
FDU21,12.19,low fat,0.110835,Starchy Foods,OUT013,1987,High,Tier 3,Supermarket Type1,1401.1248,3.6,2022-06-01
FDE15,11.465,low fat,0.040172,Frozen Foods,OUT017,2007,,Tier 2,Supermarket Type1,1783.0534,4.0,2023-05-07
FDN47,,Low Fat,0.027443,Fruits and Vegetables,OUT049,1999,Medium,Tier 1,Supermarket Type1,1897.0167,4.838,2022-11-01
FDJ53,14.353,LF,0.053664,Dairy,OUT035,2004,Small,Tier 2,Supermarket Type1,3029.0008,3.775,2022-10-01
FDJ37,,Low Fat,0.025677,Canned,OUT049,1999,Medium,Tier 1,Supermarket Type1,3070.6106,3.3,2023-01-01
DRA37,18.442,low fat,0.027065,Hard Drinks,OUT013,1987,High,Tier 3,Supermarket Type1,4353.5783,4.2,2023-07-15
NCN29,18.345,low fat,0.066801,Health and Hygiene,OUT018,2009,Medium,Tier 3,Supermarket Type2,3089.7858,4.2,2022-06-13
FDG28,19.838,low fat,0.124214,Meat,OUT049,1999,Medium,Tier 1,Supermarket Type1,7958.1927,4.6,2022-01-04
FDE25,17.088, Regular,0.05095,Dairy,OUT013,1987,High,Tier 3,Supermarket Type1,1587.0324,3.705,2023-04-17
FDY44,20.894,Low Fat,0.094716,Fruits and Vegetables,OUT046,1997,Small,Tier 1,Supermarket Type1,3415.331,4.12,2022-10-30
FDX11,20.914,Low Fat,0.046768,Starchy Foods,OUT013,1987,High,Tier 3,Supermarket Type1,5046.3749,4.1,2022-05-06
FDM38,13.464,reg,0.034486,Starchy Foods,OUT027,1985,Medium,Tier 3,Supermarket Type3,13086.9648,3.3,2023-08-06
NCS46,9.294,Low Fat ,0.013329,Health and Hygiene,OUT049,1999,Medium,Tier 1,Supermarket Type1,3361.0954,4.1,2023-03-15
FDU55,20.9,Low Fat,0.022317,Baking Goods,OUT013,1987,High,Tier 3,Supermarket Type1,3950.7768,4.1,2023-07-05
FDN28,, Regular,0.041432,Snack Foods,OUT046,1997,Small,Tier 1,Supermarket Type1,1461.4022,4.7,2023-01-10
FDV22,17.682,reg,0.047492,Baking Goods,OUT045,2002,,Tier 2,Supermarket Type1,2863.5311,3.4,2022-03-06
FDA29,13.657, Regular,0.06594,Meat,OUT027,1985,Medium,Tier 3,Supermarket Type3,13086.9648,3.9,2022-03-11
FDW27,5.092,reg,0.143916,Canned,OUT017,2007,,Tier 2,Supermarket Type1,3244.346,4.4,2022-07-10
FDS20,12.963,LF,0.043131,Frozen Foods,OUT017,2007,,Tier 2,Supermarket Type1,3906.768,3.699,2022-06-22
FDX52,18.043,Low Fat ,0.017231,Baking Goods,OUT046,1997,Small,Tier 1,Supermarket Type1,4317.2516,4.3,2023-11-16
FDW46,,Regular,0.076052,Breads,OUT035,2004,Small,Tier 2,Supermarket Type1,7438.1902,4.0,2023-08-13
FDK49,4.979,low fat,0.081895,Frozen Foods,OUT049,1999,Medium,Tier 1,Supermarket Type1,7904.895,4.1,2023-11-03
FDA48,,Low Fat ,0.038379,Snack Foods,OUT019,1985,Small,Tier 1,Grocery Store,2405.3165,3.8,2022-10-21
FDM26,15.239,Regular,0.0726,Breads,OUT010,1998,,Tier 3,Grocery Store,1117.382,3.832,2023-04-11
FDQ12,17.974,LF,0.026528,Canned,OUT018,2009,Medium,Tier 3,Supermarket Type2,7234.6807,4.2,2022-02-14
FDG49,,low fat,0.057543,Frozen Foods,OUT027,1985,Medium,Tier 3,Supermarket Type3,3019.9996,4.495,2023-08-08
NCP41,15.339,Low Fat,0.029091,Household,OUT019,1985,Small,Tier 1,Grocery Store,626.3651,4.2,2022-08-23
FDP30,9.11, Regular,0.020309,Canned,OUT017,2007,,Tier 2,Supermarket Type1,789.0766,4.0,2022-12-16
FDB25,17.428,Low Fat ,0.076539,Breads,OUT049,1999,Medium,Tier 1,Supermarket Type1,1628.063,4.1,2023-09-04
NCE16,5.286,Low Fat,0.05071,Health and Hygiene,OUT049,1999,Medium,Tier 1,Supermarket Type1,1432.4363,4.2,2023-05-25
FDD50,,Low Fat,0.078224,Baking Goods,OUT027,1985,Medium,Tier 3,Supermarket Type3,8654.5505,4.3,2023-09-28
FDX31,20.166,Low Fat ,0.025329,Snack Foods,OUT018,2009,Medium,Tier 3,Supermarket Type2,2216.5479,3.6,2023-02-16
NCB17,,Low Fat,0.024055,Health and Hygiene,OUT049,1999,Medium,Tier 1,Supermarket Type1,2160.2441,3.9,2022-10-24
DRX30,,LF,0.018971,Soft Drinks,OUT035,2004,Small,Tier 2,Supermarket Type1,3662.1645,4.0,2022-09-05
FDV31,7.243,reg,0.02512,Breakfast,OUT035,2004,Small,Tier 2,Supermarket Type1,2304.5751,3.1,2022-06-16
NCG27,,LF,0.035923,Household,OUT010,1998,,Tier 3,Grocery Store,2309.6697,4.3,2023-02-07
FDD21,18.23,Regular,0.098102,Snack Foods,OUT035,2004,Small,Tier 2,Supermarket Type1,2781.9899,4.0,2023-02-26
FDR34,5.333,Low Fat,0.110957,Seafood,OUT017,2007,,Tier 2,Supermarket Type1,2263.7109,4.968,2022-01-12
FDR55,5.31, Regular,0.025158,Fruits and Vegetables,OUT049,1999,Medium,Tier 1,Supermarket Type1,2113.1796,4.6,2022-08-10
NCA57,18.623,Low Fat,0.025742,Household,OUT013,1987,High,Tier 3,Supermarket Type1,3997.5339,4.369,2022-06-10
FDQ23,11.436,low fat,0.029546,Breads,OUT027,1985,Medium,Tier 3,Supermarket Type3,2515.1432,4.0,2022-03-18
FDW48,10.875,low fat,0.054748,Baking Goods,OUT027,1985,Medium,Tier 3,Supermarket Type3,9100.0122,3.7,2023-09-08
FDB49,10.108,Low Fat ,0.0,Baking Goods,OUT035,2004,Small,Tier 2,Supermarket Type1,2409.019,3.7,2023-12-07
FDB49,10.108,low fat,0.05625,Baking Goods,OUT045,2002,,Tier 2,Supermarket Type1,1741.3965,4.4,2023-04-27
FDM55,7.425,Regular,0.01442,Snack Foods,OUT017,2007,,Tier 2,Supermarket Type1,2688.1703,3.5,2023-12-22
NCD54,,Low Fat,0.027696,Household,OUT027,1985,Medium,Tier 3,Supermarket Type3,2448.0459,3.8,2023-07-22
FDS50,12.73,LF,0.042334,Baking Goods,OUT017,2007,,Tier 2,Supermarket Type1,1213.0352,3.4,2022-02-28
NCK17,5.885,Low Fat,0.057384,Household,OUT017,2007,,Tier 2,Supermarket Type1,2145.2723,3.9,2023-08-15
FDA56,18.497,LF,0.031597,Snack Foods,OUT045,2002,,Tier 2,Supermarket Type1,3390.8856,4.2,2022-03-20
FDY56,5.013,Low Fat ,0.041814,Snack Foods,OUT045,2002,,Tier 2,Supermarket Type1,3175.7852,3.9,2023-06-26
NCM27,,LF,0.035676,Health and Hygiene,OUT018,2009,Medium,Tier 3,Supermarket Type2,3700.5788,4.0,2022-12-07
NCB53,7.934,Low Fat,0.0,Household,OUT035,2004,Small,Tier 2,Supermarket Type1,1665.8173,4.4,2022-11-20
FDB21,17.245,Low Fat,0.055758,Snack Foods,OUT027,1985,Medium,Tier 3,Supermarket Type3,3624.4119,4.1,2022-09-03
FDC12,5.301,low fat,0.055149,Dairy,OUT045,2002,,Tier 2,Supermarket Type1,1940.2617,3.9,2022-11-12
FDN37,13.869,Low Fat ,0.0484,Baking Goods,OUT049,1999,Medium,Tier 1,Supermarket Type1,1434.3304,4.0,2022-09-21
FDH11,12.157,LF,0.028013,Dairy,OUT019,1985,Small,Tier 1,Grocery Store,238.3826,3.9,2023-07-20
FDE34,11.372,LF,0.041207,Snack Foods,OUT035,2004,Small,Tier 2,Supermarket Type1,2148.5039,3.9,2023-04-22
FDX47,11.08,low fat,0.033475,Meat,OUT049,1999,Medium,Tier 1,Supermarket Type1,5268.4819,4.0,2023-05-18
NCH44,11.097,low fat,0.033541,Others,OUT046,1997,Small,Tier 1,Supermarket Type1,2308.3592,3.8,2023-05-15
FDE42,21.003,Regular,0.05406,Snack Foods,OUT046,1997,Small,Tier 1,Supermarket Type1,972.6621,3.8,2023-12-06
FDK30,15.727,Low Fat ,0.045376,Snack Foods,OUT013,1987,High,Tier 3,Supermarket Type1,7911.8201,3.906,2023-11-30
FDS47,6.875,low fat,0.035776,Snack Foods,OUT013,1987,High,Tier 3,Supermarket Type1,3978.73,4.1,2022-07-08
NCG46,16.749,Low Fat,0.08763,Others,OUT017,2007,,Tier 2,Supermarket Type1,1913.9946,3.0,2022-01-02
FDQ22,20.353,low fat,0.026782,Dairy,OUT045,2002,,Tier 2,Supermarket Type1,3268.9663,4.7,2022-05-23
NCU13,17.293,Low Fat ,0.05324,Health and Hygiene,OUT018,2009,Medium,Tier 3,Supermarket Type2,1595.9218,4.2,2023-09-04
FDM45,10.745,low fat,0.030616,Breads,OUT045,2002,,Tier 2,Supermarket Type1,1835.6722,3.5,2023-03-20
FDH59,16.114,low fat,0.066906,Snack Foods,OUT046,1997,Small,Tier 1,Supermarket Type1,7133.7231,4.767,2022-02-12
FDA12,12.721,LF,0.040614,Dairy,OUT017,2007,,Tier 2,Supermarket Type1,2956.9829,3.6,2022-09-04
FDC47,8.806,Regular,0.089519,Fruits and Vegetables,OUT010,1998,,Tier 3,Grocery Store,722.1224,4.582,2023-02-14
FDR14,18.82,LF,0.148575,Snack Foods,OUT035,2004,Small,Tier 2,Supermarket Type1,4228.2267,3.689,2023-10-25
FDR58,14.98,low fat,0.0,Canned,OUT017,2007,,Tier 2,Supermarket Type1,2582.2648,4.3,2023-06-21
FDU16,,Regular,0.030322,Meat,OUT017,2007,,Tier 2,Supermarket Type1,1413.0773,4.0,2022-08-20
NCM46,5.474,low fat,0.062045,Others,OUT046,1997,Small,Tier 1,Supermarket Type1,1374.9957,4.1,2023-12-19
DRF20,20.865,low fat,0.028651,Soft Drinks,OUT035,2004,Small,Tier 2,Supermarket Type1,2548.8938,3.8,2022-06-28
DRK43,19.927,Low Fat,0.134995,Soft Drinks,OUT013,1987,High,Tier 3,Supermarket Type1,843.5933,3.6,2023-01-06
DRG20,11.719, Regular,0.032164,Soft Drinks,OUT045,2002,,Tier 2,Supermarket Type1,4227.5455,4.4,2023-10-23
FDF36,14.458,Regular,0.089697,Fruits and Vegetables,OUT018,2009,Medium,Tier 3,Supermarket Type2,2252.6625,4.1,2022-07-04
NCN59,8.165,Low Fat ,0.0,Household,OUT035,2004,Small,Tier 2,Supermarket Type1,2183.386,3.8,2023-06-14
NCB59,,LF,0.030342,Others,OUT013,1987,High,Tier 3,Supermarket Type1,3372.0779,4.4,2022-06-09
NCY52,19.786,LF,0.092245,Health and Hygiene,OUT049,1999,Medium,Tier 1,Supermarket Type1,1521.5697,4.213,2022-09-12
NCJ10,19.491,LF,0.038769,Health and Hygiene,OUT035,2004,Small,Tier 2,Supermarket Type1,1172.264,3.7,2023-11-28
DRN55,4.855,Low Fat,0.0,Soft Drinks,OUT018,2009,Medium,Tier 3,Supermarket Type2,5804.0329,4.2,2023-08-19
FDS32,15.769,Regular,0.186748,Snack Foods,OUT027,1985,Medium,Tier 3,Supermarket Type3,9571.3976,4.124,2022-05-18
FDG30,8.154,Low Fat ,0.038599,Dairy,OUT027,1985,Medium,Tier 3,Supermarket Type3,3258.2168,4.5,2022-01-05
FDR55,5.31, Regular,0.042204,Fruits and Vegetables,OUT027,1985,Medium,Tier 3,Supermarket Type3,8385.0282,4.3,2022-12-26
FDU20,8.008,Low Fat ,0.071512,Dairy,OUT013,1987,High,Tier 3,Supermarket Type1,2196.5674,3.8,2022-08-30
DRH12,4.791,reg,0.035208,Soft Drinks,OUT035,2004,Small,Tier 2,Supermarket Type1,7297.6342,3.7,2023-07-21
NCY43,9.952,Low Fat ,0.022735,Health and Hygiene,OUT035,2004,Small,Tier 2,Supermarket Type1,1159.4823,3.7,2023-07-23
DRE50,14.937,Low Fat ,0.044375,Soft Drinks,OUT035,2004,Small,Tier 2,Supermarket Type1,797.7498,4.108,2022-12-02
NCA57,18.623,LF,0.098999,Household,OUT027,1985,Medium,Tier 3,Supermarket Type3,8357.0634,3.992,2022-03-15
FDC53,20.982,Regular,0.06683,Meat,OUT027,1985,Medium,Tier 3,Supermarket Type3,8545.5091,4.276,2022-09-05
FDR52,5.238,low fat,0.032431,Fruits and Vegetables,OUT045,2002,,Tier 2,Supermarket Type1,6196.0202,3.8,2022-10-25
DRA26,20.237, Regular,0.047314,Soft Drinks,OUT035,2004,Small,Tier 2,Supermarket Type1,1268.9013,3.7,2023-07-04
FDF25,7.934,low fat,0.034716,Snack Foods,OUT045,2002,,Tier 2,Supermarket Type1,4970.2534,4.5,2023-12-08
DRV17,7.224,low fat,0.025068,Soft Drinks,OUT017,2007,,Tier 2,Supermarket Type1,2286.7478,3.6,2023-11-01
FDX31,20.166,LF,0.027053,Snack Foods,OUT035,2004,Small,Tier 2,Supermarket Type1,2681.8295,4.011,2022-08-06
FDA36,7.569, Regular,0.107227,Frozen Foods,OUT018,2009,Medium,Tier 3,Supermarket Type2,2934.9782,4.4,2022-12-25
FDV23,16.921, Regular,0.035694,Canned,OUT013,1987,High,Tier 3,Supermarket Type1,3897.6569,3.6,2023-04-07
FDX29,16.428,Regular,0.065321,Fruits and Vegetables,OUT035,2004,Small,Tier 2,Supermarket Type1,2052.3846,4.2,2022-10-04
NCP35,,Low Fat,0.034008,Household,OUT017,2007,,Tier 2,Supermarket Type1,3902.3923,4.0,2023-12-20
FDR13,14.016,Low Fat,0.020317,Frozen Foods,OUT027,1985,Medium,Tier 3,Supermarket Type3,2971.598,4.0,2023-07-10
FDU47,9.498,LF,0.227229,Fruits and Vegetables,OUT046,1997,Small,Tier 1,Supermarket Type1,3690.75,4.0,2022-05-01
FDE50,5.926,reg,0.097745,Meat,OUT049,1999,Medium,Tier 1,Supermarket Type1,3376.1853,3.793,2023-10-31
DRA30,7.906,Regular,0.065886,Soft Drinks,OUT046,1997,Small,Tier 1,Supermarket Type1,1520.2437,4.3,2022-04-15
FDC41,9.182,reg,0.029373,Breads,OUT035,2004,Small,Tier 2,Supermarket Type1,3298.8753,3.6,2022-08-10
DRB20,20.81,reg,0.052071,Hard Drinks,OUT013,1987,High,Tier 3,Supermarket Type1,4164.3368,3.8,2023-03-31
NCH53,10.593,Low Fat,0.09234,Health and Hygiene,OUT027,1985,Medium,Tier 3,Supermarket Type3,2394.1217,3.6,2022-05-12
FDK33,19.379,Low Fat ,0.053913,Meat,OUT035,2004,Small,Tier 2,Supermarket Type1,3186.8467,3.8,2022-09-19
DRG11,9.814,low fat,0.042688,Soft Drinks,OUT035,2004,Small,Tier 2,Supermarket Type1,1775.3548,4.1,2023-02-11
FDR16,5.72,Low Fat ,0.043748,Meat,OUT018,2009,Medium,Tier 3,Supermarket Type2,9188.5513,3.115,2023-07-15
FDA44,,reg,0.060787,Baking Goods,OUT010,1998,,Tier 3,Grocery Store,564.9719,3.8,2023-06-16
FDG52,20.43,Low Fat,0.034083,Fruits and Vegetables,OUT018,2009,Medium,Tier 3,Supermarket Type2,6337.0756,3.8,2023-12-25
NCB53,,Low Fat,0.030869,Household,OUT049,1999,Medium,Tier 1,Supermarket Type1,2094.5513,3.5,2023-11-23
FDG56,,Low Fat,0.170825,Starchy Foods,OUT035,2004,Small,Tier 2,Supermarket Type1,4302.442,3.786,2023-03-08
FDM46,18.768,LF,0.11507,Snack Foods,OUT035,2004,Small,Tier 2,Supermarket Type1,1063.2438,3.4,2022-11-03
DRU56,15.099,Low Fat ,0.048622,Soft Drinks,OUT018,2009,Medium,Tier 3,Supermarket Type2,1989.9991,4.5,2023-11-27
FDR22,13.403,low fat,0.038447,Canned,OUT045,2002,,Tier 2,Supermarket Type1,3124.4186,4.2,2022-01-29
DRS39,19.12,Low Fat ,0.105516,Soft Drinks,OUT046,1997,Small,Tier 1,Supermarket Type1,2291.0924,3.7,2022-04-27
FDB36,,Low Fat ,0.060801,Fruits and Vegetables,OUT027,1985,Medium,Tier 3,Supermarket Type3,4845.9739,4.5,2023-08-01
FDW28,18.162,Low Fat,0.094829,Dairy,OUT046,1997,Small,Tier 1,Supermarket Type1,1226.7447,4.1,2022-07-15
FDS31,18.017,Low Fat,0.060746,Starchy Foods,OUT049,1999,Medium,Tier 1,Supermarket Type1,2470.2411,3.8,2023-03-20
DRP46,12.076,Low Fat ,0.119551,Soft Drinks,OUT017,2007,,Tier 2,Supermarket Type1,1387.7981,4.6,2022-07-15
FDS38,7.113,reg,0.0,Dairy,OUT010,1998,,Tier 3,Grocery Store,349.7371,4.4,2022-01-16
FDV59,5.292,Low Fat,0.058464,Fruits and Vegetables,OUT018,2009,Medium,Tier 3,Supermarket Type2,989.9786,4.1,2023-12-04
FDE48,20.213,Low Fat,0.058849,Canned,OUT013,1987,High,Tier 3,Supermarket Type1,5092.576,4.1,2023-12-24
FDA55,6.279, Regular,0.1102,Fruits and Vegetables,OUT017,2007,,Tier 2,Supermarket Type1,4030.437,4.0,2022-04-22
DRY24,19.16, Regular,0.059949,Soft Drinks,OUT035,2004,Small,Tier 2,Supermarket Type1,2129.5605,3.9,2022-08-19
DRR24,14.444,reg,0.045579,Hard Drinks,OUT017,2007,,Tier 2,Supermarket Type1,3648.6464,3.5,2023-12-08
NCF48,,Low Fat,0.025392,Household,OUT035,2004,Small,Tier 2,Supermarket Type1,1466.7258,4.7,2023-05-30
FDB54,10.299,reg,0.043486,Meat,OUT045,2002,,Tier 2,Supermarket Type1,1452.4941,3.7,2023-06-23
FDY49,5.745,Low Fat ,0.053526,Fruits and Vegetables,OUT035,2004,Small,Tier 2,Supermarket Type1,833.306,3.792,2023-01-28
FDQ20,15.514,Low Fat,0.048411,Breads,OUT049,1999,Medium,Tier 1,Supermarket Type1,2134.6235,4.281,2022-08-08
NCP28,15.47,LF,0.083373,Health and Hygiene,OUT010,1998,,Tier 3,Grocery Store,671.4098,3.6,2023-07-12
FDS39,17.591,LF,0.066433,Fruits and Vegetables,OUT013,1987,High,Tier 3,Supermarket Type1,1654.8366,4.106,2022-05-06
FDM10,7.376,Low Fat ,0.050644,Canned,OUT049,1999,Medium,Tier 1,Supermarket Type1,2401.6525,4.7,2023-07-15
FDP11,13.849,reg,0.183485,Baking Goods,OUT045,2002,,Tier 2,Supermarket Type1,2535.8948,3.7,2022-08-03
NCA18,7.4,LF,0.089096,Household,OUT019,1985,Small,Tier 1,Grocery Store,839.5467,3.7,2023-01-16
FDP22,17.485,low fat,0.076757,Snack Foods,OUT035,2004,Small,Tier 2,Supermarket Type1,2901.5472,4.2,2022-03-10
FDE55,20.763,Low Fat ,0.0,Snack Foods,OUT013,1987,High,Tier 3,Supermarket Type1,782.0963,4.1,2022-04-01
FDB51,15.714, Regular,0.099335,Fruits and Vegetables,OUT018,2009,Medium,Tier 3,Supermarket Type2,2318.4926,3.5,2022-11-05
FDP46,17.918,reg,0.053305,Snack Foods,OUT049,1999,Medium,Tier 1,Supermarket Type1,6293.8106,4.0,2022-11-08
FDR16,5.72,Low Fat ,0.077188,Meat,OUT019,1985,Small,Tier 1,Grocery Store,758.2579,3.8,2023-12-17
FDV52,19.297, Regular,0.0,Snack Foods,OUT010,1998,,Tier 3,Grocery Store,1396.7897,3.9,2022-05-25
FDP31,15.829,Low Fat ,0.146508,Snack Foods,OUT027,1985,Medium,Tier 3,Supermarket Type3,3545.2245,4.1,2022-06-16
NCR47,8.492,LF,0.029266,Others,OUT049,1999,Medium,Tier 1,Supermarket Type1,3016.7165,4.0,2022-07-01
FDS35,6.217,LF,0.139748,Canned,OUT013,1987,High,Tier 3,Supermarket Type1,4573.8907,4.3,2023-01-26
FDR28,,Low Fat,0.040033,Dairy,OUT045,2002,,Tier 2,Supermarket Type1,1407.0424,4.7,2022-11-30
NCY52,19.786,low fat,0.062889,Health and Hygiene,OUT017,2007,,Tier 2,Supermarket Type1,1623.6099,3.9,2022-02-20
FDP55,8.484, Regular,0.059278,Frozen Foods,OUT049,1999,Medium,Tier 1,Supermarket Type1,4433.7578,3.9,2022-10-15
NCJ14,17.612,LF,0.074746,Others,OUT017,2007,,Tier 2,Supermarket Type1,1354.1482,3.4,2023-04-27
FDE17,20.55,low fat,0.036013,Dairy,OUT046,1997,Small,Tier 1,Supermarket Type1,2882.7426,4.1,2022-11-20
NCF48,16.253,Low Fat,0.089942,Household,OUT017,2007,,Tier 2,Supermarket Type1,6292.6082,4.0,2022-08-16
NCD10,6.994,LF,0.110882,Household,OUT049,1999,Medium,Tier 1,Supermarket Type1,2179.7716,3.872,2022-04-05
FDH52,,LF,0.029089,Baking Goods,OUT018,2009,Medium,Tier 3,Supermarket Type2,1618.6286,3.7,2022-04-06
FDB15,11.316, Regular,0.068828,Snack Foods,OUT035,2004,Small,Tier 2,Supermarket Type1,1223.3293,4.0,2022-02-22
DRS39,19.12,Low Fat,0.074548,Soft Drinks,OUT049,1999,Medium,Tier 1,Supermarket Type1,6213.7745,3.4,2023-12-30
FDM58,,Low Fat ,0.026814,Snack Foods,OUT045,2002,,Tier 2,Supermarket Type1,3799.8103,4.2,2022-02-14
FDR40,9.815,reg,0.064198,Fruits and Vegetables,OUT045,2002,,Tier 2,Supermarket Type1,3088.6791,4.2,2023-11-11
NCJ20,13.944,LF,0.085598,Others,OUT046,1997,Small,Tier 1,Supermarket Type1,1187.9384,3.4,2022-10-12
DRK33,5.465,LF,0.031399,Hard Drinks,OUT045,2002,,Tier 2,Supermarket Type1,1802.301,3.3,2023-01-13
FDP28,12.295, Regular,0.068432,Baking Goods,OUT017,2007,,Tier 2,Supermarket Type1,4064.0284,4.6,2022-09-17
FDF23,15.076,low fat,0.095477,Breakfast,OUT010,1998,,Tier 3,Grocery Store,1003.2143,3.9,2022-09-03
FDJ58,12.906,Low Fat,0.035744,Meat,OUT035,2004,Small,Tier 2,Supermarket Type1,3866.7618,3.9,2022-08-29
DRE52,17.878,low fat,0.0,Hard Drinks,OUT046,1997,Small,Tier 1,Supermarket Type1,3462.6258,4.393,2023-11-17
FDM22,18.976,low fat,0.126651,Fruits and Vegetables,OUT013,1987,High,Tier 3,Supermarket Type1,8733.9116,4.4,2023-10-11
FDU32,7.431,Low Fat ,0.013185,Fruits and Vegetables,OUT027,1985,Medium,Tier 3,Supermarket Type3,4203.3787,4.0,2022-05-02
FDU46,13.585,Low Fat,0.02767,Canned,OUT035,2004,Small,Tier 2,Supermarket Type1,741.5745,3.6,2023-12-25
FDU52,10.244,low fat,0.039494,Frozen Foods,OUT027,1985,Medium,Tier 3,Supermarket Type3,2503.5933,4.3,2022-09-16
FDE46,6.907,low fat,0.024985,Canned,OUT018,2009,Medium,Tier 3,Supermarket Type2,1651.976,3.8,2022-08-25
FDD12,,reg,0.097534,Snack Foods,OUT017,2007,,Tier 2,Supermarket Type1,5747.3282,3.9,2023-08-26
DRX29,5.096,LF,0.031523,Soft Drinks,OUT035,2004,Small,Tier 2,Supermarket Type1,846.2567,3.5,2022-10-16
FDD37,13.509,reg,0.067899,Fruits and Vegetables,OUT027,1985,Medium,Tier 3,Supermarket Type3,3705.2644,3.7,2023-07-01
FDM11,10.74,LF,0.033209,Fruits and Vegetables,OUT017,2007,,Tier 2,Supermarket Type1,2826.2966,4.311,2022-10-01
FDP15,10.188,Regular,0.053205,Dairy,OUT018,2009,Medium,Tier 3,Supermarket Type2,2420.8106,4.401,2022-02-13
FDW26,9.187,low fat,0.048031,Meat,OUT045,2002,,Tier 2,Supermarket Type1,5035.1324,4.497,2023-10-27
FDE34,11.372,Low Fat,0.042211,Snack Foods,OUT046,1997,Small,Tier 1,Supermarket Type1,976.2537,4.7,2022-05-14
FDA37,12.499,low fat,0.041531,Snack Foods,OUT049,1999,Medium,Tier 1,Supermarket Type1,885.7237,4.5,2022-08-15
DRH21,4.681, Regular,0.066544,Hard Drinks,OUT027,1985,Medium,Tier 3,Supermarket Type3,7115.884,4.5,2022-11-05
DRX23,,Low Fat,0.039713,Soft Drinks,OUT049,1999,Medium,Tier 1,Supermarket Type1,1932.1974,4.1,2022-09-14
DRM44,11.912,reg,0.0,Hard Drinks,OUT035,2004,Small,Tier 2,Supermarket Type1,1596.4081,3.6,2023-11-10
FDB35,6.68,Low Fat ,0.013658,Frozen Foods,OUT045,2002,,Tier 2,Supermarket Type1,2816.3757,4.5,2022-10-02
FDC16,, Regular,0.0,Seafood,OUT017,2007,,Tier 2,Supermarket Type1,835.1601,3.1,2023-01-04
NCV38,14.239,LF,0.028949,Household,OUT035,2004,Small,Tier 2,Supermarket Type1,3122.5234,4.0,2022-01-23
FDS30,6.474,Low Fat ,0.018027,Dairy,OUT027,1985,Medium,Tier 3,Supermarket Type3,3943.1549,4.2,2023-05-01
NCJ10,19.491,low fat,0.093392,Health and Hygiene,OUT018,2009,Medium,Tier 3,Supermarket Type2,5431.9068,4.9,2022-09-11
NCH28,6.222,low fat,0.039436,Health and Hygiene,OUT010,1998,,Tier 3,Grocery Store,910.9901,4.084,2023-09-19
FDY32,20.03, Regular,0.052792,Fruits and Vegetables,OUT013,1987,High,Tier 3,Supermarket Type1,1403.7648,4.6,2023-04-26
FDD26,,Low Fat ,0.023954,Snack Foods,OUT017,2007,,Tier 2,Supermarket Type1,2354.8224,3.5,2022-05-01
FDN13,20.497,Low Fat,0.071046,Fruits and Vegetables,OUT046,1997,Small,Tier 1,Supermarket Type1,1221.1882,4.7,2023-05-10
FDJ43,19.335,LF,0.0,Canned,OUT018,2009,Medium,Tier 3,Supermarket Type2,1240.6814,4.7,2023-03-28
NCA33,7.735,Low Fat,0.020906,Health and Hygiene,OUT049,1999,Medium,Tier 1,Supermarket Type1,5486.9049,4.0,2023-04-20
NCB53,7.934,Low Fat,0.036128,Household,OUT027,1985,Medium,Tier 3,Supermarket Type3,2999.1338,3.9,2023-07-11
FDY38,,LF,0.05944,Breads,OUT049,1999,Medium,Tier 1,Supermarket Type1,3134.3907,4.2,2022-10-23
FDH30,,Low Fat ,0.058692,Frozen Foods,OUT017,2007,,Tier 2,Supermarket Type1,1631.0993,3.8,2022-11-28
FDX47,11.08,Low Fat ,0.027745,Meat,OUT013,1987,High,Tier 3,Supermarket Type1,5234.6668,4.1,2022-01-10
FDM15,,low fat,0.0,Snack Foods,OUT010,1998,,Tier 3,Grocery Store,2550.7799,3.4,2023-04-30
FDH14,11.919,reg,0.07539,Starchy Foods,OUT035,2004,Small,Tier 2,Supermarket Type1,2115.1716,3.5,2023-08-20
DRR17,10.172, Regular,0.037401,Soft Drinks,OUT049,1999,Medium,Tier 1,Supermarket Type1,1286.2899,4.2,2023-01-05
DRJ35,18.995,low fat,0.024139,Soft Drinks,OUT035,2004,Small,Tier 2,Supermarket Type1,695.7623,4.482,2022-09-05
FDU59,14.028,LF,0.02011,Fruits and Vegetables,OUT027,1985,Medium,Tier 3,Supermarket Type3,3453.3891,3.8,2022-08-03
FDA18,18.989, Regular,0.027979,Seafood,OUT046,1997,Small,Tier 1,Supermarket Type1,3010.1435,4.3,2023-12-11
FDS10,16.316,low fat,0.117145,Fruits and Vegetables,OUT019,1985,Small,Tier 1,Grocery Store,2007.9505,3.9,2022-09-25
FDK49,4.979,low fat,0.079067,Frozen Foods,OUT045,2002,,Tier 2,Supermarket Type1,2816.9481,3.8,2022-01-05
FDU38,20.856,low fat,0.049874,Fruits and Vegetables,OUT045,2002,,Tier 2,Supermarket Type1,3503.9238,4.5,2022-03-14
DRY16,4.63,Low Fat,0.060181,Hard Drinks,OUT019,1985,Small,Tier 1,Grocery Store,1617.8638,3.7,2023-09-26
FDU54,20.028,LF,0.046638,Canned,OUT035,2004,Small,Tier 2,Supermarket Type1,1320.2159,4.2,2022-05-06
FDG48,,Low Fat ,0.088545,Fruits and Vegetables,OUT018,2009,Medium,Tier 3,Supermarket Type2,3731.3764,4.0,2023-11-13
NCA17,5.254,low fat,0.020257,Health and Hygiene,OUT027,1985,Medium,Tier 3,Supermarket Type3,4135.1928,4.5,2023-03-16
FDK51,10.991,Low Fat,0.045486,Dairy,OUT035,2004,Small,Tier 2,Supermarket Type1,11102.3715,4.6,2022-05-30
DRQ43,6.048,Regular,0.130147,Hard Drinks,OUT045,2002,,Tier 2,Supermarket Type1,3124.6366,3.736,2023-05-17
FDW23,10.785,Low Fat ,0.010709,Frozen Foods,OUT049,1999,Medium,Tier 1,Supermarket Type1,1639.9902,4.0,2022-12-16
DRP40,11.034,low fat,0.032588,Soft Drinks,OUT046,1997,Small,Tier 1,Supermarket Type1,3801.2136,3.777,2022-04-09
FDX42,6.733,low fat,0.066895,Breakfast,OUT027,1985,Medium,Tier 3,Supermarket Type3,2209.9627,3.918,2022-03-06
NCK26,14.313,Low Fat,0.026685,Others,OUT010,1998,,Tier 3,Grocery Store,1527.4721,3.9,2022-08-01
FDY39,8.822,Regular,0.025795,Frozen Foods,OUT035,2004,Small,Tier 2,Supermarket Type1,1983.9181,4.2,2023-05-25
NCB17,17.144,low fat,0.077384,Health and Hygiene,OUT045,2002,,Tier 2,Supermarket Type1,2275.3526,3.861,2022-11-06
FDU52,10.244,LF,0.108801,Frozen Foods,OUT045,2002,,Tier 2,Supermarket Type1,1710.9833,3.9,2023-04-11
NCD38,6.225,LF,0.077463,Household,OUT013,1987,High,Tier 3,Supermarket Type1,6234.8552,3.8,2023-10-11
FDY57,6.161,Low Fat,0.037445,Dairy,OUT049,1999,Medium,Tier 1,Supermarket Type1,5862.6335,3.9,2023-08-26
FDD48,18.431,low fat,0.069724,Fruits and Vegetables,OUT017,2007,,Tier 2,Supermarket Type1,701.5211,3.6,2023-07-28
FDJ50,17.491, Regular,0.013566,Breakfast,OUT046,1997,Small,Tier 1,Supermarket Type1,2313.4108,4.2,2022-01-03
NCM27,11.83,low fat,0.0,Health and Hygiene,OUT049,1999,Medium,Tier 1,Supermarket Type1,3590.1379,3.8,2023-07-04
FDB12,21.066,LF,0.0,Starchy Foods,OUT046,1997,Small,Tier 1,Supermarket Type1,1669.9082,4.1,2022-01-18
FDK28,5.417,Regular,0.022869,Fruits and Vegetables,OUT049,1999,Medium,Tier 1,Supermarket Type1,1654.2926,4.4,2022-03-27
NCU55,18.587,low fat,0.102932,Household,OUT027,1985,Medium,Tier 3,Supermarket Type3,11199.2895,4.2,2022-07-17
FDY47,,Low Fat,0.0,Frozen Foods,OUT035,2004,Small,Tier 2,Supermarket Type1,1787.0847,3.876,2022-12-11
NCF15,4.572,LF,0.051676,Health and Hygiene,OUT027,1985,Medium,Tier 3,Supermarket Type3,6680.84,4.3,2023-03-10
FDM27,17.196, Regular,0.033458,Frozen Foods,OUT019,1985,Small,Tier 1,Grocery Store,1020.3031,4.0,2022-11-30
FDS41,,Regular,0.091642,Meat,OUT046,1997,Small,Tier 1,Supermarket Type1,6936.111,4.4,2023-09-11
NCB17,17.144,low fat,0.066212,Health and Hygiene,OUT035,2004,Small,Tier 2,Supermarket Type1,2335.3196,3.6,2022-08-01
FDB42,5.566,reg,0.034411,Frozen Foods,OUT019,1985,Small,Tier 1,Grocery Store,580.8724,3.6,2023-11-04
FDF10,10.456,Low Fat,0.093996,Breakfast,OUT027,1985,Medium,Tier 3,Supermarket Type3,2491.3653,4.621,2023-05-01
NCQ16,12.209,Low Fat ,0.057756,Household,OUT018,2009,Medium,Tier 3,Supermarket Type2,1996.2726,3.681,2022-09-04
FDD13,17.781,low fat,0.026807,Snack Foods,OUT019,1985,Small,Tier 1,Grocery Store,660.3904,4.0,2023-02-25
FDU22,14.368,Low Fat ,0.04526,Snack Foods,OUT017,2007,,Tier 2,Supermarket Type1,1749.644,3.908,2022-02-21
FDJ32,12.271,Low Fat ,0.117389,Dairy,OUT035,2004,Small,Tier 2,Supermarket Type1,2267.3186,3.6,2023-05-15
DRP39,14.503,Regular,0.029667,Hard Drinks,OUT046,1997,Small,Tier 1,Supermarket Type1,1859.9122,4.0,2022-10-15
FDY36,19.21,low fat,0.0971,Baking Goods,OUT027,1985,Medium,Tier 3,Supermarket Type3,3925.6359,3.562,2023-06-14
FDD38,14.394, Regular,0.0,Fruits and Vegetables,OUT018,2009,Medium,Tier 3,Supermarket Type2,2326.6772,3.5,2022-05-07
NCF24,14.729,Low Fat,0.067012,Household,OUT049,1999,Medium,Tier 1,Supermarket Type1,3759.7746,4.4,2023-11-18
FDP25,20.416,LF,0.109214,Snack Foods,OUT019,1985,Small,Tier 1,Grocery Store,808.4655,4.0,2022-02-18
FDG43,20.952,Regular,0.040388,Meat,OUT049,1999,Medium,Tier 1,Supermarket Type1,765.2137,3.9,2023-01-01
FDJ22,,reg,0.049666,Meat,OUT018,2009,Medium,Tier 3,Supermarket Type2,5075.0893,4.4,2023-08-02
FDN23,11.034,LF,0.041919,Fruits and Vegetables,OUT017,2007,,Tier 2,Supermarket Type1,764.7244,3.4,2022-03-19
FDP17,16.082,Regular,0.03189,Canned,OUT045,2002,,Tier 2,Supermarket Type1,1735.137,4.0,2022-10-02
FDN24,7.613,Low Fat,0.068516,Baking Goods,OUT035,2004,Small,Tier 2,Supermarket Type1,1045.8736,3.4,2022-10-09
FDR51,16.122,Low Fat ,0.05647,Baking Goods,OUT049,1999,Medium,Tier 1,Supermarket Type1,1550.4767,4.0,2022-11-03
FDK26,19.747,Low Fat,0.010066,Dairy,OUT013,1987,High,Tier 3,Supermarket Type1,4856.9661,4.2,2023-11-22
FDD12,7.357,reg,0.104377,Snack Foods,OUT027,1985,Medium,Tier 3,Supermarket Type3,3651.5984,4.1,2023-10-11
FDQ24,11.524,Low Fat,0.083538,Baking Goods,OUT046,1997,Small,Tier 1,Supermarket Type1,6436.6487,4.397,2023-03-31
FDY21,7.286,LF,0.030467,Meat,OUT045,2002,,Tier 2,Supermarket Type1,1271.1758,4.1,2022-07-19
FDU51,8.538,low fat,0.032355,Breakfast,OUT049,1999,Medium,Tier 1,Supermarket Type1,1489.5003,3.3,2023-09-11
FDU54,,Low Fat ,0.031234,Canned,OUT049,1999,Medium,Tier 1,Supermarket Type1,3160.2385,3.8,2022-09-10
DRS47,17.105,Low Fat,0.020728,Soft Drinks,OUT035,2004,Small,Tier 2,Supermarket Type1,5090.6209,4.2,2022-08-12
DRP23,,Regular,0.04576,Soft Drinks,OUT035,2004,Small,Tier 2,Supermarket Type1,2655.7518,3.9,2022-12-23
FDW49,14.216, Regular,0.077001,Frozen Foods,OUT046,1997,Small,Tier 1,Supermarket Type1,3411.7808,4.1,2022-09-03
FDM33,19.048,Low Fat ,0.022993,Baking Goods,OUT046,1997,Small,Tier 1,Supermarket Type1,3302.334,3.9,2023-12-24
NCA37,20.692,low fat,0.069802,Household,OUT027,1985,Medium,Tier 3,Supermarket Type3,6427.0822,4.5,2023-02-27
FDM29,13.557,Low Fat,0.077722,Frozen Foods,OUT049,1999,Medium,Tier 1,Supermarket Type1,7841.3434,4.273,2023-12-02
FDC16,11.398, Regular,0.020984,Seafood,OUT018,2009,Medium,Tier 3,Supermarket Type2,3131.3151,4.1,2022-05-26
FDM44,16.472,Low Fat,0.028753,Baking Goods,OUT045,2002,,Tier 2,Supermarket Type1,3484.7127,3.8,2023-06-07
FDD50,5.864,Low Fat ,0.024236,Baking Goods,OUT046,1997,Small,Tier 1,Supermarket Type1,2541.344,3.6,2023-10-26
FDB45,5.506,Low Fat,0.054406,Fruits and Vegetables,OUT049,1999,Medium,Tier 1,Supermarket Type1,3812.9333,4.473,2023-12-05
FDF51,15.633,Regular,0.023651,Snack Foods,OUT018,2009,Medium,Tier 3,Supermarket Type2,3455.481,4.279,2022-05-14
FDE12,,Low Fat ,0.063319,Frozen Foods,OUT045,2002,,Tier 2,Supermarket Type1,2866.21,4.4,2022-04-09
NCN40,11.603,low fat,0.025369,Household,OUT017,2007,,Tier 2,Supermarket Type1,3503.9188,4.3,2023-02-23
FDA49,18.128,Regular,0.017785,Frozen Foods,OUT035,2004,Small,Tier 2,Supermarket Type1,2413.3636,3.9,2023-10-13
FDB10,16.779,Low Fat ,0.204089,Breads,OUT049,1999,Medium,Tier 1,Supermarket Type1,1764.214,3.5,2023-08-27
NCB29,20.014,Low Fat ,0.054424,Health and Hygiene,OUT013,1987,High,Tier 3,Supermarket Type1,4658.9456,4.3,2022-10-30
NCR18,19.109,Low Fat ,0.033392,Household,OUT019,1985,Small,Tier 1,Grocery Store,556.3651,4.0,2022-12-11
FDP24,5.638,LF,0.02241,Starchy Foods,OUT049,1999,Medium,Tier 1,Supermarket Type1,1245.2407,4.234,2022-02-18
FDG35,13.339,LF,0.049877,Meat,OUT046,1997,Small,Tier 1,Supermarket Type1,1817.5031,4.3,2022-08-20
FDW10,,Low Fat,0.040921,Canned,OUT046,1997,Small,Tier 1,Supermarket Type1,1228.7713,4.4,2022-01-13
FDK50,12.18,Low Fat,0.035658,Baking Goods,OUT045,2002,,Tier 2,Supermarket Type1,1137.6139,3.5,2022-04-20
FDP33,12.585,LF,0.036518,Fruits and Vegetables,OUT027,1985,Medium,Tier 3,Supermarket Type3,1724.4895,4.1,2023-07-06
FDX10,14.039, Regular,0.092825,Meat,OUT045,2002,,Tier 2,Supermarket Type1,3630.0241,3.824,2022-10-28
DRE52,17.878,Low Fat ,0.102523,Hard Drinks,OUT013,1987,High,Tier 3,Supermarket Type1,3045.0088,3.6,2022-04-25
NCX49,17.172,low fat,0.060532,Health and Hygiene,OUT045,2002,,Tier 2,Supermarket Type1,2363.8237,3.8,2022-03-14
FDJ53,14.353,Low Fat ,0.037842,Dairy,OUT046,1997,Small,Tier 1,Supermarket Type1,1566.0001,4.4,2022-05-20
FDK59,12.562,LF,0.097681,Starchy Foods,OUT046,1997,Small,Tier 1,Supermarket Type1,2114.5068,4.0,2023-08-28
FDM22,18.976,Low Fat ,0.134688,Fruits and Vegetables,OUT017,2007,,Tier 2,Supermarket Type1,8320.1001,3.8,2023-01-11
NCG42,14.403,Low Fat ,0.019671,Household,OUT019,1985,Small,Tier 1,Grocery Store,1559.5546,3.7,2023-12-07
DRC25,21.121,low fat,0.10215,Soft Drinks,OUT017,2007,,Tier 2,Supermarket Type1,2613.1372,4.2,2023-12-18
FDU39,9.03,LF,0.090458,Fruits and Vegetables,OUT049,1999,Medium,Tier 1,Supermarket Type1,8962.0324,4.4,2023-08-23
FDS59,17.444, Regular,0.035272,Canned,OUT010,1998,,Tier 3,Grocery Store,662.4617,3.7,2023-02-06
NCD44,11.601,LF,0.029844,Household,OUT013,1987,High,Tier 3,Supermarket Type1,13086.9648,3.7,2022-07-04
FDB37,13.472,Regular,0.032165,Snack Foods,OUT035,2004,Small,Tier 2,Supermarket Type1,4130.4953,4.4,2023-09-08
FDC17,13.604,Low Fat ,0.025614,Starchy Foods,OUT045,2002,,Tier 2,Supermarket Type1,5148.6567,3.796,2023-09-21
FDG54,,low fat,0.028455,Baking Goods,OUT017,2007,,Tier 2,Supermarket Type1,2286.2995,4.1,2023-03-28
NCX24,16.005,Low Fat,0.033056,Household,OUT018,2009,Medium,Tier 3,Supermarket Type2,3739.7141,3.8,2023-06-12
NCG18,10.93,Low Fat,0.080896,Household,OUT018,2009,Medium,Tier 3,Supermarket Type2,3814.958,3.6,2023-06-26
DRB41,15.68,LF,0.095176,Soft Drinks,OUT010,1998,,Tier 3,Grocery Store,806.4341,4.39,2023-02-28
FDP40,9.659,LF,0.02911,Baking Goods,OUT017,2007,,Tier 2,Supermarket Type1,1129.1457,3.699,2023-08-22
FDV17,21.054,Low Fat ,0.049111,Dairy,OUT010,1998,,Tier 3,Grocery Store,821.1884,4.8,2022-01-30
FDY39,,Regular,0.11016,Frozen Foods,OUT045,2002,,Tier 2,Supermarket Type1,2517.3816,4.1,2023-12-10
NCB17,17.144,Low Fat ,0.0,Health and Hygiene,OUT019,1985,Small,Tier 1,Grocery Store,494.5745,4.2,2022-04-22
FDB37,13.472,reg,0.010556,Snack Foods,OUT027,1985,Medium,Tier 3,Supermarket Type3,5655.5555,4.5,2022-07-22
FDK27,10.421,low fat,0.036268,Fruits and Vegetables,OUT035,2004,Small,Tier 2,Supermarket Type1,1903.9325,3.8,2023-03-13
FDD24,,Regular,0.047108,Canned,OUT035,2004,Small,Tier 2,Supermarket Type1,2615.6685,3.3,2023-09-15
NCS34,12.451,low fat,0.02843,Health and Hygiene,OUT018,2009,Medium,Tier 3,Supermarket Type2,1700.13,4.0,2022-04-20
DRH24,,Low Fat,0.030987,Soft Drinks,OUT027,1985,Medium,Tier 3,Supermarket Type3,5202.3552,4.1,2023-06-23
FDS32,15.769,reg,0.052821,Snack Foods,OUT035,2004,Small,Tier 2,Supermarket Type1,2386.0885,4.405,2022-11-13
FDS15,17.959,Low Fat ,0.148612,Breakfast,OUT017,2007,,Tier 2,Supermarket Type1,1755.7337,3.811,2023-09-28
FDR30,11.886,LF,0.0,Meat,OUT045,2002,,Tier 2,Supermarket Type1,3577.5456,4.2,2023-05-14
FDW22,11.457,Low Fat,0.061063,Baking Goods,OUT010,1998,,Tier 3,Grocery Store,1278.0977,3.9,2022-11-28
NCB39,17.576,LF,0.048272,Household,OUT013,1987,High,Tier 3,Supermarket Type1,3995.0146,3.7,2022-05-11
FDP56,8.522,reg,0.027304,Frozen Foods,OUT046,1997,Small,Tier 1,Supermarket Type1,1684.3887,3.4,2023-08-11
FDG32,5.767,reg,0.033128,Frozen Foods,OUT027,1985,Medium,Tier 3,Supermarket Type3,6251.3839,4.1,2023-10-30
FDQ17,15.182, Regular,0.146816,Dairy,OUT013,1987,High,Tier 3,Supermarket Type1,4378.2509,4.3,2022-03-03
FDW25,20.683,LF,0.035842,Frozen Foods,OUT013,1987,High,Tier 3,Supermarket Type1,2922.1869,3.93,2023-04-11
FDW33,18.507,Low Fat ,0.0,Canned,OUT045,2002,,Tier 2,Supermarket Type1,1556.9033,3.7,2022-06-08
FDF32,16.979,Low Fat,0.011694,Starchy Foods,OUT019,1985,Small,Tier 1,Grocery Store,1391.2165,4.305,2023-11-15
FDJ14,, Regular,0.038418,Fruits and Vegetables,OUT013,1987,High,Tier 3,Supermarket Type1,3634.673,4.5,2022-01-21
FDW29,14.51, Regular,0.029812,Dairy,OUT018,2009,Medium,Tier 3,Supermarket Type2,1380.0532,3.9,2023-03-25
FDD50,5.864,low fat,0.133167,Baking Goods,OUT045,2002,,Tier 2,Supermarket Type1,2304.8142,3.8,2022-07-05
FDM14,7.793,low fat,0.012356,Fruits and Vegetables,OUT027,1985,Medium,Tier 3,Supermarket Type3,2773.8853,4.2,2023-03-30
DRC39,8.987,LF,0.0,Soft Drinks,OUT013,1987,High,Tier 3,Supermarket Type1,1788.4705,3.8,2022-07-12
FDV42,16.161,Regular,0.027347,Canned,OUT018,2009,Medium,Tier 3,Supermarket Type2,732.6523,3.4,2022-02-03
NCR32,9.322,LF,0.038798,Household,OUT013,1987,High,Tier 3,Supermarket Type1,857.8806,4.623,2023-09-18
FDV18,8.986,Low Fat,0.038487,Fruits and Vegetables,OUT035,2004,Small,Tier 2,Supermarket Type1,1979.31,3.999,2023-02-10
FDB25,,Low Fat ,0.020769,Breads,OUT035,2004,Small,Tier 2,Supermarket Type1,3387.6785,3.672,2023-10-28
FDC23,9.823,Low Fat,0.045621,Canned,OUT046,1997,Small,Tier 1,Supermarket Type1,2895.8361,3.7,2023-10-04
FDE43,13.544,LF,0.076529,Snack Foods,OUT018,2009,Medium,Tier 3,Supermarket Type2,4013.1077,3.9,2022-09-29
FDJ52,15.723,Low Fat,0.010039,Snack Foods,OUT027,1985,Medium,Tier 3,Supermarket Type3,9508.9688,4.7,2023-08-30
NCV49,14.347,Low Fat,0.024096,Household,OUT019,1985,Small,Tier 1,Grocery Store,740.4208,4.8,2023-04-26
NCA57,18.623,Low Fat ,0.021789,Household,OUT049,1999,Medium,Tier 1,Supermarket Type1,3333.0982,4.1,2022-08-11
FDD14,19.564,LF,0.026671,Dairy,OUT045,2002,,Tier 2,Supermarket Type1,3560.1054,4.464,2022-10-09
FDE43,13.544,low fat,0.072667,Snack Foods,OUT045,2002,,Tier 2,Supermarket Type1,5696.7693,4.2,2022-03-24
FDV48,7.014,LF,0.0,Fruits and Vegetables,OUT046,1997,Small,Tier 1,Supermarket Type1,1485.3366,3.687,2022-09-13
FDX56,18.104,Low Fat,0.05328,Meat,OUT017,2007,,Tier 2,Supermarket Type1,3613.4237,3.9,2023-02-04
FDE49,16.699,low fat,0.093603,Fruits and Vegetables,OUT049,1999,Medium,Tier 1,Supermarket Type1,3219.0003,4.5,2022-05-22
FDV34,20.063, Regular,0.069999,Snack Foods,OUT018,2009,Medium,Tier 3,Supermarket Type2,6672.2014,4.185,2022-05-25
FDX39,18.074,Low Fat,0.023325,Dairy,OUT017,2007,,Tier 2,Supermarket Type1,1487.5412,4.1,2022-02-22
FDE17,20.55,Low Fat ,0.018118,Dairy,OUT049,1999,Medium,Tier 1,Supermarket Type1,1234.1864,4.6,2022-06-25
FDS59,17.444, Regular,0.02745,Canned,OUT017,2007,,Tier 2,Supermarket Type1,2370.3952,4.0,2022-06-01
FDR37,17.086,Low Fat,0.049099,Canned,OUT035,2004,Small,Tier 2,Supermarket Type1,2941.039,3.8,2022-10-05
FDH31,19.968,reg,0.022834,Snack Foods,OUT013,1987,High,Tier 3,Supermarket Type1,4996.8245,4.1,2022-12-22
FDY35,15.905,reg,0.013844,Canned,OUT027,1985,Medium,Tier 3,Supermarket Type3,6885.5159,3.6,2023-07-29
FDG37,11.855,Regular,0.105706,Fruits and Vegetables,OUT045,2002,,Tier 2,Supermarket Type1,521.7714,4.1,2023-02-10
FDX13,13.755,LF,0.061024,Breakfast,OUT017,2007,,Tier 2,Supermarket Type1,3138.179,4.4,2022-05-18
FDW56,,low fat,0.0,Fruits and Vegetables,OUT046,1997,Small,Tier 1,Supermarket Type1,4257.734,4.4,2022-07-18
NCH50,12.83,LF,0.02897,Household,OUT027,1985,Medium,Tier 3,Supermarket Type3,3536.6583,4.5,2023-01-26
FDS35,6.217,LF,0.035987,Canned,OUT049,1999,Medium,Tier 1,Supermarket Type1,2938.5503,4.5,2022-09-18
FDG29,11.46,LF,0.024504,Snack Foods,OUT018,2009,Medium,Tier 3,Supermarket Type2,2548.0507,3.2,2023-06-17
FDN23,11.034,Low Fat ,0.014751,Fruits and Vegetables,OUT013,1987,High,Tier 3,Supermarket Type1,4731.2014,3.92,2022-12-10
NCB48,18.025,Low Fat ,0.116595,Health and Hygiene,OUT018,2009,Medium,Tier 3,Supermarket Type2,3783.7264,4.4,2023-04-27
DRY16,4.63,LF,0.11654,Hard Drinks,OUT013,1987,High,Tier 3,Supermarket Type1,3550.4259,3.6,2022-09-06
FDD38,14.394,reg,0.071306,Fruits and Vegetables,OUT027,1985,Medium,Tier 3,Supermarket Type3,2442.32,3.7,2022-01-31
NCP36,12.717,LF,0.062195,Household,OUT018,2009,Medium,Tier 3,Supermarket Type2,1635.0853,4.2,2023-09-13
FDH54,15.683,LF,0.025414,Frozen Foods,OUT049,1999,Medium,Tier 1,Supermarket Type1,2051.3616,3.7,2022-01-03
FDB24,,Low Fat,0.052825,Fruits and Vegetables,OUT013,1987,High,Tier 3,Supermarket Type1,3344.0079,4.1,2023-07-26
FDF35,18.693,Low Fat,0.052412,Canned,OUT010,1998,,Tier 3,Grocery Store,1451.1408,4.532,2023-06-26
FDD37,13.509,Regular,0.029034,Fruits and Vegetables,OUT046,1997,Small,Tier 1,Supermarket Type1,3802.9253,4.634,2023-06-10
FDB57,7.226,low fat,0.010452,Frozen Foods,OUT027,1985,Medium,Tier 3,Supermarket Type3,2865.4486,3.8,2022-11-25
FDP46,17.918,reg,0.026896,Snack Foods,OUT027,1985,Medium,Tier 3,Supermarket Type3,4314.0028,4.7,2022-10-21
FDA10,13.961,low fat,0.02201,Meat,OUT045,2002,,Tier 2,Supermarket Type1,1811.384,3.8,2023-06-05
FDH40,20.29, Regular,0.023657,Snack Foods,OUT027,1985,Medium,Tier 3,Supermarket Type3,10930.1002,4.1,2022-09-02
FDU25,18.973,Low Fat,0.018688,Dairy,OUT049,1999,Medium,Tier 1,Supermarket Type1,2086.5769,3.8,2022-02-10
FDX18,8.765, Regular,0.041404,Breads,OUT013,1987,High,Tier 3,Supermarket Type1,1220.5469,4.0,2023-08-16
FDX59,10.438,low fat,0.024888,Seafood,OUT018,2009,Medium,Tier 3,Supermarket Type2,3123.9044,4.4,2022-04-04
FDP36,4.852,Low Fat ,0.072338,Canned,OUT018,2009,Medium,Tier 3,Supermarket Type2,2955.568,3.9,2023-03-12
FDV13,15.281,LF,0.047825,Fruits and Vegetables,OUT013,1987,High,Tier 3,Supermarket Type1,2577.6139,4.1,2022-04-18
FDQ50,6.933,Regular,0.0,Fruits and Vegetables,OUT017,2007,,Tier 2,Supermarket Type1,1808.1723,4.4,2023-02-07
FDD18,,LF,0.028257,Seafood,OUT035,2004,Small,Tier 2,Supermarket Type1,1658.0294,3.6,2023-03-24
FDM16,9.208,Low Fat,0.08848,Fruits and Vegetables,OUT018,2009,Medium,Tier 3,Supermarket Type2,9056.7009,3.767,2023-01-19
NCW32,9.188,Low Fat,0.054533,Health and Hygiene,OUT017,2007,,Tier 2,Supermarket Type1,1040.8217,4.074,2022-07-17
NCM10,,LF,0.031629,Household,OUT045,2002,,Tier 2,Supermarket Type1,997.8048,4.1,2022-02-22
FDX54,20.589, Regular,0.054971,Frozen Foods,OUT010,1998,,Tier 3,Grocery Store,1324.9103,4.1,2023-11-13
FDH51,14.138,low fat,0.050388,Fruits and Vegetables,OUT027,1985,Medium,Tier 3,Supermarket Type3,4852.5369,4.131,2023-06-28
FDY24,5.724,reg,0.030707,Frozen Foods,OUT046,1997,Small,Tier 1,Supermarket Type1,2596.7728,4.091,2023-05-16
FDW54,13.165,Low Fat ,0.042622,Canned,OUT046,1997,Small,Tier 1,Supermarket Type1,1560.6337,4.3,2022-01-16
NCC36,5.609,Low Fat ,0.036789,Household,OUT017,2007,,Tier 2,Supermarket Type1,721.1757,3.5,2023-11-10
DRQ33,8.029,Regular,0.034391,Soft Drinks,OUT045,2002,,Tier 2,Supermarket Type1,891.7484,3.901,2022-06-10
FDH11,12.157,LF,0.056967,Dairy,OUT046,1997,Small,Tier 1,Supermarket Type1,1176.4535,4.1,2023-06-15
NCG32,,low fat,0.047631,Health and Hygiene,OUT027,1985,Medium,Tier 3,Supermarket Type3,10148.839,3.9,2023-11-11
FDG54,19.473,Low Fat ,0.0,Baking Goods,OUT035,2004,Small,Tier 2,Supermarket Type1,1638.2493,3.497,2023-01-23
FDK35,7.498,Regular,0.049385,Fruits and Vegetables,OUT018,2009,Medium,Tier 3,Supermarket Type2,608.4969,3.8,2023-01-20
FDR53,16.43,low fat,0.048108,Canned,OUT035,2004,Small,Tier 2,Supermarket Type1,2738.2612,4.1,2022-07-21
FDM49,11.914,Low Fat ,0.093927,Fruits and Vegetables,OUT010,1998,,Tier 3,Grocery Store,725.9485,3.887,2023-03-06
FDX23,17.717,Low Fat ,0.045946,Canned,OUT046,1997,Small,Tier 1,Supermarket Type1,3737.3938,4.4,2023-09-25
FDD31,17.566,Low Fat ,0.029227,Snack Foods,OUT049,1999,Medium,Tier 1,Supermarket Type1,3393.2992,3.9,2022-11-07
FDE35,11.964,Low Fat ,0.0,Snack Foods,OUT045,2002,,Tier 2,Supermarket Type1,3638.5646,4.0,2022-01-16
FDH34,8.424,Regular,0.0,Fruits and Vegetables,OUT010,1998,,Tier 3,Grocery Store,424.9728,3.6,2022-04-20
NCD43,4.942,LF,0.052575,Household,OUT035,2004,Small,Tier 2,Supermarket Type1,1149.7963,4.1,2023-04-11
FDQ29,15.199,LF,0.091424,Snack Foods,OUT045,2002,,Tier 2,Supermarket Type1,1265.6234,4.7,2023-05-13
FDA15,,Regular,0.029849,Starchy Foods,OUT049,1999,Medium,Tier 1,Supermarket Type1,2955.4231,4.51,2022-11-29
FDC50,6.641,Low Fat ,0.032627,Meat,OUT013,1987,High,Tier 3,Supermarket Type1,4608.4323,3.9,2023-02-12
FDV22,17.682,reg,0.026683,Baking Goods,OUT017,2007,,Tier 2,Supermarket Type1,1266.8193,3.9,2022-07-10
FDD57,12.668,low fat,0.0,Starchy Foods,OUT018,2009,Medium,Tier 3,Supermarket Type2,1057.1262,4.435,2022-07-29
FDF31,5.834,Regular,0.118391,Canned,OUT049,1999,Medium,Tier 1,Supermarket Type1,7715.3072,3.582,2022-08-15
NCX59,19.495,Low Fat ,0.094554,Household,OUT017,2007,,Tier 2,Supermarket Type1,1577.7706,3.4,2022-08-30
NCU35,,Low Fat,0.105394,Household,OUT027,1985,Medium,Tier 3,Supermarket Type3,3947.3197,3.9,2023-01-19
FDJ41,4.834,low fat,0.060359,Snack Foods,OUT049,1999,Medium,Tier 1,Supermarket Type1,2828.6059,4.1,2023-12-25
FDD22,,Low Fat,0.0,Breads,OUT027,1985,Medium,Tier 3,Supermarket Type3,12446.5611,4.0,2022-03-18
FDD58,7.814,Regular,0.052,Fruits and Vegetables,OUT010,1998,,Tier 3,Grocery Store,780.1453,3.6,2022-10-26
NCD48,14.802,low fat,0.084232,Household,OUT017,2007,,Tier 2,Supermarket Type1,4494.0191,3.731,2023-06-25
FDB55,9.062,Regular,0.056663,Meat,OUT010,1998,,Tier 3,Grocery Store,2418.6582,4.6,2023-03-10
FDK50,,Low Fat ,0.070106,Baking Goods,OUT017,2007,,Tier 2,Supermarket Type1,1252.8233,4.0,2022-11-28
NCR32,9.322,Low Fat,0.096377,Household,OUT046,1997,Small,Tier 1,Supermarket Type1,3509.6879,3.394,2022-09-22
NCB45,19.925,LF,0.056064,Household,OUT013,1987,High,Tier 3,Supermarket Type1,5259.766,4.3,2023-07-16
FDV57,20.993,LF,0.032691,Dairy,OUT013,1987,High,Tier 3,Supermarket Type1,4442.8021,4.309,2022-01-23
NCN44,15.433,LF,0.027131,Health and Hygiene,OUT046,1997,Small,Tier 1,Supermarket Type1,3857.0958,4.4,2023-09-01
FDA30,7.362,Regular,0.056496,Canned,OUT046,1997,Small,Tier 1,Supermarket Type1,731.9309,4.3,2023-07-19
FDV25,19.906,LF,0.157018,Dairy,OUT046,1997,Small,Tier 1,Supermarket Type1,4337.0791,4.3,2022-09-28
FDP28,12.295, Regular,0.046953,Baking Goods,OUT018,2009,Medium,Tier 3,Supermarket Type2,3666.1512,4.1,2023-11-24
FDJ22,, Regular,0.044249,Meat,OUT017,2007,,Tier 2,Supermarket Type1,2167.0959,4.5,2023-03-07
FDD22,6.694,Low Fat ,0.049074,Breads,OUT049,1999,Medium,Tier 1,Supermarket Type1,1992.2285,3.5,2023-08-11
FDQ37,6.686, Regular,0.023173,Snack Foods,OUT049,1999,Medium,Tier 1,Supermarket Type1,4198.299,4.0,2022-10-03
FDS34,,Regular,0.043934,Baking Goods,OUT035,2004,Small,Tier 2,Supermarket Type1,570.0849,4.3,2022-07-19
DRA10,18.175,LF,0.0,Soft Drinks,OUT035,2004,Small,Tier 2,Supermarket Type1,595.2631,3.8,2022-02-05
NCG52,,Low Fat ,0.026752,Household,OUT049,1999,Medium,Tier 1,Supermarket Type1,1793.3197,3.7,2022-11-19
FDG40,15.029,Regular,0.026956,Snack Foods,OUT045,2002,,Tier 2,Supermarket Type1,2010.9146,4.4,2022-06-13
FDS32,, Regular,0.026108,Snack Foods,OUT049,1999,Medium,Tier 1,Supermarket Type1,1495.9534,3.7,2023-11-09
FDN14,5.884,Low Fat,0.09624,Snack Foods,OUT049,1999,Medium,Tier 1,Supermarket Type1,2450.945,4.068,2022-08-03
FDY21,7.286,Low Fat,0.0,Meat,OUT018,2009,Medium,Tier 3,Supermarket Type2,1836.2994,3.8,2023-08-14
NCR51,,Low Fat,0.047703,Health and Hygiene,OUT018,2009,Medium,Tier 3,Supermarket Type2,3105.4358,4.365,2022-12-19
FDM54,13.567,reg,0.073032,Fruits and Vegetables,OUT017,2007,,Tier 2,Supermarket Type1,1383.5348,4.2,2022-03-07
FDY47,18.082,Low Fat ,0.032193,Frozen Foods,OUT027,1985,Medium,Tier 3,Supermarket Type3,5431.4473,3.9,2023-01-17
DRE52,17.878,Low Fat,0.119383,Hard Drinks,OUT045,2002,,Tier 2,Supermarket Type1,1672.9922,3.598,2023-11-07
FDS47,6.875,Low Fat ,0.188226,Snack Foods,OUT035,2004,Small,Tier 2,Supermarket Type1,3279.4066,4.2,2022-03-23
DRK22,19.888,Low Fat,0.077129,Hard Drinks,OUT046,1997,Small,Tier 1,Supermarket Type1,4696.9108,3.8,2023-09-23
DRU28,5.758,LF,0.054253,Soft Drinks,OUT045,2002,,Tier 2,Supermarket Type1,2336.6263,3.5,2023-03-16
NCB53,7.934,Low Fat ,0.012566,Household,OUT046,1997,Small,Tier 1,Supermarket Type1,1725.1511,3.7,2023-04-11
FDV34,,Regular,0.0,Snack Foods,OUT046,1997,Small,Tier 1,Supermarket Type1,1488.6668,3.9,2023-07-15
FDQ26,16.66,Low Fat ,0.017335,Fruits and Vegetables,OUT019,1985,Small,Tier 1,Grocery Store,1656.4875,4.0,2022-03-20
FDJ34,18.813,Low Fat ,0.059513,Canned,OUT019,1985,Small,Tier 1,Grocery Store,1821.7383,3.6,2022-03-10
FDF22,, Regular,0.073438,Snack Foods,OUT013,1987,High,Tier 3,Supermarket Type1,1908.8267,4.1,2023-04-23
FDH38,13.559,Regular,0.054918,Snack Foods,OUT017,2007,,Tier 2,Supermarket Type1,1571.6314,3.9,2023-04-12
NCU35,20.96,Low Fat ,0.077311,Household,OUT035,2004,Small,Tier 2,Supermarket Type1,2646.8045,4.0,2023-08-27
FDH28,20.909,Regular,0.038073,Frozen Foods,OUT035,2004,Small,Tier 2,Supermarket Type1,2039.2899,4.1,2023-06-06
FDX34,,Low Fat ,0.055977,Fruits and Vegetables,OUT046,1997,Small,Tier 1,Supermarket Type1,7226.7802,4.9,2023-11-18
FDQ34,19.162,Regular,0.050785,Seafood,OUT049,1999,Medium,Tier 1,Supermarket Type1,1135.9807,5.0,2022-05-10
FDX11,20.914,Low Fat ,0.033936,Starchy Foods,OUT046,1997,Small,Tier 1,Supermarket Type1,3243.7733,4.2,2022-07-24
FDF45,11.932,low fat,0.043184,Snack Foods,OUT013,1987,High,Tier 3,Supermarket Type1,4220.4881,4.2,2023-12-14
FDY44,20.894,Low Fat,0.030666,Fruits and Vegetables,OUT049,1999,Medium,Tier 1,Supermarket Type1,1156.3335,3.9,2022-01-27
DRH12,4.791,Regular,0.022089,Soft Drinks,OUT046,1997,Small,Tier 1,Supermarket Type1,2729.4812,4.0,2022-03-10
FDN36,13.968,reg,0.017443,Breads,OUT049,1999,Medium,Tier 1,Supermarket Type1,3081.8444,3.9,2022-02-20
FDA28,15.501,LF,0.067224,Dairy,OUT027,1985,Medium,Tier 3,Supermarket Type3,1936.8652,4.3,2022-03-10
NCY27,,LF,0.0496,Health and Hygiene,OUT045,2002,,Tier 2,Supermarket Type1,1805.3504,3.776,2023-01-31
FDC46,20.411,Low Fat,0.011478,Dairy,OUT013,1987,High,Tier 3,Supermarket Type1,1532.3165,4.0,2022-10-24
FDM31,4.659,low fat,0.036413,Frozen Foods,OUT017,2007,,Tier 2,Supermarket Type1,878.5675,3.9,2022-03-07
FDX32,,reg,0.024176,Canned,OUT017,2007,,Tier 2,Supermarket Type1,3558.6255,3.7,2022-01-21
NCH29,8.102,low fat,0.018485,Others,OUT049,1999,Medium,Tier 1,Supermarket Type1,2443.8735,4.3,2023-04-17
FDF36,, Regular,0.017468,Fruits and Vegetables,OUT045,2002,,Tier 2,Supermarket Type1,3911.1577,4.2,2023-12-29
FDH48,18.515,Low Fat,0.009748,Canned,OUT046,1997,Small,Tier 1,Supermarket Type1,1510.2009,4.207,2023-05-30
FDA25,12.989,Low Fat ,0.063963,Fruits and Vegetables,OUT046,1997,Small,Tier 1,Supermarket Type1,5095.6111,3.9,2023-12-27
FDR13,14.016,low fat,0.080924,Frozen Foods,OUT035,2004,Small,Tier 2,Supermarket Type1,1608.416,4.2,2023-04-02
FDV41,,LF,0.082634,Snack Foods,OUT013,1987,High,Tier 3,Supermarket Type1,2066.878,4.2,2022-07-26
FDP19,,LF,0.038048,Dairy,OUT035,2004,Small,Tier 2,Supermarket Type1,2051.2738,4.5,2023-09-07
FDH51,14.138,LF,0.041216,Fruits and Vegetables,OUT018,2009,Medium,Tier 3,Supermarket Type2,1253.2964,3.8,2022-09-07
DRM21,11.613,Low Fat ,0.050573,Hard Drinks,OUT046,1997,Small,Tier 1,Supermarket Type1,844.4052,3.591,2023-02-04
FDM13,12.125,low fat,0.108502,Fruits and Vegetables,OUT027,1985,Medium,Tier 3,Supermarket Type3,3799.0315,3.9,2022-11-16
FDK18,6.301, Regular,0.045417,Baking Goods,OUT019,1985,Small,Tier 1,Grocery Store,1127.7073,3.8,2023-12-23
FDA19,14.808,reg,0.030889,Frozen Foods,OUT013,1987,High,Tier 3,Supermarket Type1,2576.5833,3.6,2022-12-14
DRD28,12.916,low fat,0.028012,Hard Drinks,OUT019,1985,Small,Tier 1,Grocery Store,935.7992,3.7,2023-09-06
FDY15,15.803,reg,0.106305,Breads,OUT017,2007,,Tier 2,Supermarket Type1,2569.1342,4.7,2023-10-06
FDH47,,Low Fat ,0.095609,Snack Foods,OUT035,2004,Small,Tier 2,Supermarket Type1,3274.083,4.9,2022-09-21
FDB36,,Low Fat,0.02109,Fruits and Vegetables,OUT019,1985,Small,Tier 1,Grocery Store,394.2904,4.032,2023-05-08
FDU52,10.244,Low Fat ,0.148165,Frozen Foods,OUT049,1999,Medium,Tier 1,Supermarket Type1,1716.1888,3.626,2023-12-29
FDS35,6.217,LF,0.043706,Canned,OUT045,2002,,Tier 2,Supermarket Type1,1677.6095,3.6,2022-08-31
NCY43,9.952,Low Fat ,0.08392,Health and Hygiene,OUT013,1987,High,Tier 3,Supermarket Type1,2560.2346,3.5,2023-03-08
FDJ31,18.471,Low Fat,0.017944,Starchy Foods,OUT046,1997,Small,Tier 1,Supermarket Type1,4189.323,3.8,2023-07-11
FDC31,10.353, Regular,0.025483,Snack Foods,OUT045,2002,,Tier 2,Supermarket Type1,542.062,3.919,2022-08-23
FDR42,14.039,low fat,0.041689,Snack Foods,OUT046,1997,Small,Tier 1,Supermarket Type1,7240.7122,4.7,2023-01-04
FDM34,8.621,Low Fat ,0.079251,Breads,OUT035,2004,Small,Tier 2,Supermarket Type1,3959.2552,4.0,2022-08-29
FDX18,8.765,reg,0.022192,Breads,OUT018,2009,Medium,Tier 3,Supermarket Type2,3706.1689,3.7,2022-06-02
FDR55,5.31,Regular,0.0,Fruits and Vegetables,OUT017,2007,,Tier 2,Supermarket Type1,10806.6362,4.2,2023-04-02
FDV38,16.939,Regular,0.068996,Frozen Foods,OUT049,1999,Medium,Tier 1,Supermarket Type1,893.2566,4.4,2022-12-09
FDQ37,6.686, Regular,0.070093,Snack Foods,OUT013,1987,High,Tier 3,Supermarket Type1,3118.133,3.6,2023-01-27
FDJ22,17.145,Regular,0.081903,Meat,OUT035,2004,Small,Tier 2,Supermarket Type1,1841.6663,4.1,2023-05-10
FDN11,17.81, Regular,0.012815,Baking Goods,OUT027,1985,Medium,Tier 3,Supermarket Type3,10501.0601,3.5,2023-05-26
DRE40,14.14,Regular,0.086817,Soft Drinks,OUT010,1998,,Tier 3,Grocery Store,1284.5112,3.983,2023-11-03
NCA51,19.257,Low Fat ,0.051239,Health and Hygiene,OUT045,2002,,Tier 2,Supermarket Type1,2108.6729,4.5,2022-04-15
FDP16,,reg,0.050451,Snack Foods,OUT019,1985,Small,Tier 1,Grocery Store,2064.0966,3.989,2023-02-20
FDY37,11.028,low fat,0.017839,Dairy,OUT045,2002,,Tier 2,Supermarket Type1,917.757,3.7,2023-03-19
FDS49,5.15,Regular,0.074931,Fruits and Vegetables,OUT013,1987,High,Tier 3,Supermarket Type1,7155.0005,4.428,2022-08-28
NCE16,5.286,LF,0.058581,Health and Hygiene,OUT027,1985,Medium,Tier 3,Supermarket Type3,7198.0293,4.2,2022-08-24
FDD36,,Regular,0.048309,Breads,OUT035,2004,Small,Tier 2,Supermarket Type1,2605.88,4.1,2023-04-22
NCV25,4.785,Low Fat ,0.067726,Health and Hygiene,OUT013,1987,High,Tier 3,Supermarket Type1,2923.1553,3.8,2022-01-15
FDK26,19.747,Low Fat ,0.102733,Dairy,OUT046,1997,Small,Tier 1,Supermarket Type1,4216.0359,4.3,2023-04-12
DRC37,8.486,Regular,0.059133,Hard Drinks,OUT018,2009,Medium,Tier 3,Supermarket Type2,1679.918,3.4,2023-08-09
FDJ36,,Low Fat,0.067037,Baking Goods,OUT017,2007,,Tier 2,Supermarket Type1,770.4558,3.672,2022-11-27
FDS59,17.444,Regular,0.081319,Canned,OUT045,2002,,Tier 2,Supermarket Type1,1386.4694,3.7,2022-01-12
FDE29,,low fat,0.043261,Meat,OUT027,1985,Medium,Tier 3,Supermarket Type3,5759.826,4.2,2023-08-26
FDA12,12.721,LF,0.029249,Dairy,OUT046,1997,Small,Tier 1,Supermarket Type1,1607.3394,4.2,2023-10-01
FDQ51,17.133,reg,0.094131,Canned,OUT018,2009,Medium,Tier 3,Supermarket Type2,4201.149,3.4,2023-08-09
FDQ13,17.802,LF,0.022585,Fruits and Vegetables,OUT017,2007,,Tier 2,Supermarket Type1,3415.3466,4.3,2023-06-12
FDB55,9.062, Regular,0.069819,Meat,OUT013,1987,High,Tier 3,Supermarket Type1,2927.9608,4.729,2022-02-17
FDB33,6.36,Regular,0.058061,Starchy Foods,OUT018,2009,Medium,Tier 3,Supermarket Type2,1206.3207,3.173,2023-12-09
FDU16,5.752, Regular,0.084024,Meat,OUT013,1987,High,Tier 3,Supermarket Type1,4424.5129,4.7,2022-03-29
FDQ55,,Low Fat,0.023665,Baking Goods,OUT049,1999,Medium,Tier 1,Supermarket Type1,1153.4931,4.5,2023-10-06
FDA41,7.503,Low Fat,0.034842,Fruits and Vegetables,OUT027,1985,Medium,Tier 3,Supermarket Type3,1486.5681,4.2,2022-01-18
FDY45,18.592,Low Fat,0.0,Meat,OUT045,2002,,Tier 2,Supermarket Type1,4735.906,4.321,2023-11-23
FDY49,5.745,low fat,0.028888,Fruits and Vegetables,OUT046,1997,Small,Tier 1,Supermarket Type1,2366.6081,4.061,2022-04-05
NCE59,,LF,0.020105,Household,OUT046,1997,Small,Tier 1,Supermarket Type1,1316.4207,4.2,2023-01-19
FDP35,17.518,low fat,0.024144,Breakfast,OUT035,2004,Small,Tier 2,Supermarket Type1,1239.4962,3.3,2023-08-10
FDR54,10.751,Low Fat,0.098432,Snack Foods,OUT045,2002,,Tier 2,Supermarket Type1,3123.7193,4.1,2022-04-13
FDJ40,,Regular,0.044772,Fruits and Vegetables,OUT045,2002,,Tier 2,Supermarket Type1,2852.1084,3.7,2022-06-08
FDC35,16.165,low fat,0.057305,Snack Foods,OUT017,2007,,Tier 2,Supermarket Type1,1139.3227,4.4,2022-02-20
FDD47,9.014,reg,0.021957,Dairy,OUT045,2002,,Tier 2,Supermarket Type1,6987.4799,4.38,2022-01-11
FDE23,15.058,LF,0.119059,Dairy,OUT035,2004,Small,Tier 2,Supermarket Type1,2202.2428,4.4,2022-10-16
NCD40,4.891,Low Fat,0.065298,Others,OUT013,1987,High,Tier 3,Supermarket Type1,4907.3001,3.8,2023-08-05
FDC49,13.853,Regular,0.056924,Meat,OUT046,1997,Small,Tier 1,Supermarket Type1,4708.6434,4.0,2023-03-25
FDS59,17.444, Regular,0.106101,Canned,OUT019,1985,Small,Tier 1,Grocery Store,1046.3265,4.0,2022-10-28
FDF56,10.541, Regular,0.047317,Snack Foods,OUT017,2007,,Tier 2,Supermarket Type1,990.9416,3.976,2022-09-11
NCN33,,Low Fat,0.071036,Health and Hygiene,OUT027,1985,Medium,Tier 3,Supermarket Type3,3365.8154,4.1,2022-11-14
FDA12,,LF,0.032665,Dairy,OUT010,1998,,Tier 3,Grocery Store,1538.3403,4.5,2023-06-10
FDV26,5.546,reg,0.02993,Breakfast,OUT045,2002,,Tier 2,Supermarket Type1,3725.2395,3.6,2023-01-24
FDS56,11.166,LF,0.014994,Baking Goods,OUT010,1998,,Tier 3,Grocery Store,2287.359,4.0,2022-10-29
FDJ35,,Low Fat,0.069327,Breads,OUT046,1997,Small,Tier 1,Supermarket Type1,487.7216,4.5,2023-01-27
FDY34,14.442,LF,0.09861,Breads,OUT035,2004,Small,Tier 2,Supermarket Type1,1376.1391,3.6,2022-12-01
FDY36,19.21,Low Fat,0.011954,Baking Goods,OUT045,2002,,Tier 2,Supermarket Type1,2628.4707,4.269,2023-11-30
DRY34,9.338,reg,0.021945,Hard Drinks,OUT017,2007,,Tier 2,Supermarket Type1,2555.7917,4.0,2023-05-10
FDN19,19.992,reg,0.021912,Snack Foods,OUT035,2004,Small,Tier 2,Supermarket Type1,1770.8842,3.8,2023-05-12
NCW29,8.441,Low Fat,0.074626,Others,OUT013,1987,High,Tier 3,Supermarket Type1,11229.6454,4.9,2023-02-27
FDE49,16.699,Low Fat ,0.020891,Fruits and Vegetables,OUT046,1997,Small,Tier 1,Supermarket Type1,3371.6006,4.3,2022-08-19
FDU55,20.9,Low Fat ,0.084967,Baking Goods,OUT049,1999,Medium,Tier 1,Supermarket Type1,6678.8886,3.7,2023-07-05
DRP40,11.034,LF,0.045633,Soft Drinks,OUT045,2002,,Tier 2,Supermarket Type1,1645.9497,3.6,2023-08-30
FDX16,,Low Fat ,0.07133,Canned,OUT046,1997,Small,Tier 1,Supermarket Type1,5555.369,4.2,2023-03-26
FDV23,16.921,reg,0.05646,Canned,OUT049,1999,Medium,Tier 1,Supermarket Type1,2717.1922,4.2,2022-09-22
DRA24,6.241,low fat,0.074881,Soft Drinks,OUT046,1997,Small,Tier 1,Supermarket Type1,4591.0946,4.2,2023-12-11
FDS24,7.131,Low Fat,0.0,Fruits and Vegetables,OUT045,2002,,Tier 2,Supermarket Type1,4135.2901,4.2,2023-06-13
FDY29,18.283, Regular,0.047539,Snack Foods,OUT035,2004,Small,Tier 2,Supermarket Type1,1293.3871,4.015,2023-07-08
NCG45,12.08,low fat,0.068143,Household,OUT045,2002,,Tier 2,Supermarket Type1,2079.1936,3.8,2023-10-17
FDA23,10.56,Low Fat,0.035478,Baking Goods,OUT017,2007,,Tier 2,Supermarket Type1,1140.5687,4.013,2022-09-04
FDM34,8.621,LF,0.012415,Breads,OUT018,2009,Medium,Tier 3,Supermarket Type2,11845.6516,4.093,2023-03-19
FDR35,19.752, Regular,0.050786,Fruits and Vegetables,OUT049,1999,Medium,Tier 1,Supermarket Type1,2701.3352,3.9,2023-02-28
FDJ43,,Low Fat,0.023116,Canned,OUT049,1999,Medium,Tier 1,Supermarket Type1,10054.065,3.623,2023-11-08
FDY56,,Low Fat,0.022414,Snack Foods,OUT046,1997,Small,Tier 1,Supermarket Type1,3224.7832,3.9,2023-11-21
NCD48,14.802,Low Fat,0.101944,Household,OUT046,1997,Small,Tier 1,Supermarket Type1,2500.1141,4.1,2022-12-30
FDR17,12.687,Low Fat,0.063792,Baking Goods,OUT018,2009,Medium,Tier 3,Supermarket Type2,3202.4816,3.2,2023-11-07
FDP31,15.829,Low Fat,0.022637,Snack Foods,OUT013,1987,High,Tier 3,Supermarket Type1,4108.5882,4.0,2023-01-25
NCF48,16.253,LF,0.078102,Household,OUT010,1998,,Tier 3,Grocery Store,2447.0851,3.3,2022-09-10
FDV23,16.921,reg,0.0,Canned,OUT017,2007,,Tier 2,Supermarket Type1,1737.096,3.7,2023-08-05
NCK26,14.313,LF,0.044024,Others,OUT013,1987,High,Tier 3,Supermarket Type1,2729.9093,4.27,2023-08-12
FDE45,,Regular,0.055142,Snack Foods,OUT017,2007,,Tier 2,Supermarket Type1,1167.3273,4.0,2022-12-28
FDH40,20.29,reg,0.030233,Snack Foods,OUT049,1999,Medium,Tier 1,Supermarket Type1,3058.7935,3.5,2023-05-03
FDF15,13.732,low fat,0.065082,Fruits and Vegetables,OUT017,2007,,Tier 2,Supermarket Type1,4421.0611,4.13,2022-05-18
FDR20,13.437,low fat,0.049652,Frozen Foods,OUT045,2002,,Tier 2,Supermarket Type1,4233.3399,3.7,2022-12-08
FDJ27,17.271,low fat,0.019919,Snack Foods,OUT027,1985,Medium,Tier 3,Supermarket Type3,8635.3985,4.019,2022-10-09
NCX39,9.744,Low Fat ,0.063266,Health and Hygiene,OUT049,1999,Medium,Tier 1,Supermarket Type1,645.8501,4.1,2022-01-15
FDH44,,Low Fat,0.065816,Meat,OUT045,2002,,Tier 2,Supermarket Type1,1161.8692,3.5,2022-12-06
DRW37,9.154,Low Fat,0.06367,Soft Drinks,OUT027,1985,Medium,Tier 3,Supermarket Type3,3919.7956,3.6,2022-09-05
NCW19,15.861,LF,0.044215,Health and Hygiene,OUT049,1999,Medium,Tier 1,Supermarket Type1,1506.099,4.139,2022-11-18
FDF53,18.916, Regular,0.040727,Baking Goods,OUT035,2004,Small,Tier 2,Supermarket Type1,1430.7723,3.6,2022-12-07
NCS50,11.571,low fat,0.058924,Health and Hygiene,OUT035,2004,Small,Tier 2,Supermarket Type1,981.9338,3.715,2022-02-12
NCU45,11.765,LF,0.056977,Household,OUT017,2007,,Tier 2,Supermarket Type1,2045.0161,4.237,2023-05-24
NCR18,19.109,Low Fat,0.082748,Household,OUT017,2007,,Tier 2,Supermarket Type1,3861.9798,4.2,2023-12-24
FDX25,10.301,Low Fat,0.031633,Snack Foods,OUT018,2009,Medium,Tier 3,Supermarket Type2,3557.7158,4.3,2023-09-14
FDP22,17.485,LF,0.247753,Snack Foods,OUT046,1997,Small,Tier 1,Supermarket Type1,2091.0982,3.6,2023-01-06
FDA34,12.908,LF,0.069562,Canned,OUT027,1985,Medium,Tier 3,Supermarket Type3,3028.6335,3.6,2023-09-04
FDB18,13.882, Regular,0.02245,Canned,OUT045,2002,,Tier 2,Supermarket Type1,2968.8572,4.1,2023-08-27
FDX59,10.438,Low Fat ,0.0,Seafood,OUT010,1998,,Tier 3,Grocery Store,2536.3146,3.5,2023-01-27
NCB13,,LF,0.055369,Household,OUT045,2002,,Tier 2,Supermarket Type1,2186.272,3.7,2022-10-24
FDB38,6.704,Low Fat ,0.061399,Fruits and Vegetables,OUT035,2004,Small,Tier 2,Supermarket Type1,2692.3804,3.9,2023-03-15
FDA22,, Regular,0.03919,Canned,OUT027,1985,Medium,Tier 3,Supermarket Type3,2227.3061,3.7,2023-03-17
FDR22,,Low Fat ,0.141363,Canned,OUT049,1999,Medium,Tier 1,Supermarket Type1,3363.9013,3.7,2023-01-11
FDN47,8.632,Low Fat ,0.0,Fruits and Vegetables,OUT046,1997,Small,Tier 1,Supermarket Type1,1704.926,4.0,2023-10-22
NCC34,4.652,low fat,0.046091,Health and Hygiene,OUT046,1997,Small,Tier 1,Supermarket Type1,2503.9505,4.0,2022-07-06
FDG56,,Low Fat ,0.053393,Starchy Foods,OUT018,2009,Medium,Tier 3,Supermarket Type2,3850.6875,4.925,2023-07-28
FDN33,8.738,Regular,0.06189,Baking Goods,OUT049,1999,Medium,Tier 1,Supermarket Type1,2243.6452,3.6,2023-04-07
FDS46,16.481,reg,0.048555,Snack Foods,OUT035,2004,Small,Tier 2,Supermarket Type1,1346.5808,4.1,2022-01-28
FDR43,5.547,Regular,0.047949,Canned,OUT045,2002,,Tier 2,Supermarket Type1,5716.6678,3.8,2022-11-10
DRA30,7.906, Regular,0.017762,Soft Drinks,OUT027,1985,Medium,Tier 3,Supermarket Type3,3725.2238,3.4,2022-12-25
FDK53,,low fat,0.04931,Snack Foods,OUT017,2007,,Tier 2,Supermarket Type1,1391.3797,4.1,2022-03-05
NCV48,20.108,low fat,0.069705,Health and Hygiene,OUT019,1985,Small,Tier 1,Grocery Store,1799.8466,3.6,2023-06-25
DRS47,17.105,low fat,0.053405,Soft Drinks,OUT018,2009,Medium,Tier 3,Supermarket Type2,1172.2023,3.5,2023-10-03
FDP38,,Regular,0.042936,Dairy,OUT046,1997,Small,Tier 1,Supermarket Type1,5482.0165,4.4,2023-07-09
FDU29,11.878,low fat,0.019538,Snack Foods,OUT046,1997,Small,Tier 1,Supermarket Type1,1424.0042,3.7,2023-11-15
NCM10,,Low Fat ,0.060683,Household,OUT035,2004,Small,Tier 2,Supermarket Type1,1890.295,4.0,2023-09-23
FDR32,7.453,Low Fat ,0.021659,Baking Goods,OUT018,2009,Medium,Tier 3,Supermarket Type2,3552.9648,4.4,2023-03-19
FDD36,16.315, Regular,0.048153,Breads,OUT017,2007,,Tier 2,Supermarket Type1,1642.8762,4.0,2022-05-06
FDH19,17.679,Regular,0.054764,Breads,OUT035,2004,Small,Tier 2,Supermarket Type1,2165.644,3.6,2022-08-08
FDG19,14.248,LF,0.036115,Snack Foods,OUT035,2004,Small,Tier 2,Supermarket Type1,1883.5456,4.4,2023-01-23
FDA26,,LF,0.034691,Baking Goods,OUT049,1999,Medium,Tier 1,Supermarket Type1,3487.4902,3.598,2022-09-23
FDY22,17.995,LF,0.090531,Frozen Foods,OUT046,1997,Small,Tier 1,Supermarket Type1,2085.7674,3.7,2023-12-11
FDM51,8.576, Regular,0.044511,Baking Goods,OUT035,2004,Small,Tier 2,Supermarket Type1,2090.6099,4.0,2023-07-28
NCE59,16.639,low fat,0.016413,Household,OUT019,1985,Small,Tier 1,Grocery Store,832.1457,4.1,2023-10-23
FDK17,7.562,low fat,0.056723,Fruits and Vegetables,OUT045,2002,,Tier 2,Supermarket Type1,1265.8614,4.5,2022-11-12
DRV48,14.044,Low Fat,0.033504,Hard Drinks,OUT019,1985,Small,Tier 1,Grocery Store,979.5703,3.9,2022-05-04
FDB54,, Regular,0.0,Meat,OUT046,1997,Small,Tier 1,Supermarket Type1,3043.4772,3.928,2022-04-10
FDJ32,12.271,Low Fat,0.028579,Dairy,OUT049,1999,Medium,Tier 1,Supermarket Type1,1776.1134,3.8,2022-11-29
FDM41,20.307,reg,0.026198,Canned,OUT018,2009,Medium,Tier 3,Supermarket Type2,3049.4968,3.6,2022-05-28
NCA23,7.253,Low Fat ,0.042097,Others,OUT019,1985,Small,Tier 1,Grocery Store,1407.7705,3.2,2023-12-11
DRS43,20.715,reg,0.044387,Hard Drinks,OUT045,2002,,Tier 2,Supermarket Type1,1843.7108,3.8,2022-01-01
NCK58,6.983,LF,0.10038,Health and Hygiene,OUT049,1999,Medium,Tier 1,Supermarket Type1,972.1001,3.9,2023-03-10
FDC19,15.267,Low Fat,0.041092,Baking Goods,OUT045,2002,,Tier 2,Supermarket Type1,2702.8773,3.3,2023-06-03
FDM44,,low fat,0.232521,Baking Goods,OUT013,1987,High,Tier 3,Supermarket Type1,2323.3498,4.0,2023-01-29
FDB10,16.779,Low Fat ,0.046547,Breads,OUT035,2004,Small,Tier 2,Supermarket Type1,1613.2687,4.095,2023-11-01
FDY30,13.822,reg,0.037034,Canned,OUT017,2007,,Tier 2,Supermarket Type1,6087.1077,4.0,2022-01-31
FDA15,18.04, Regular,0.072302,Starchy Foods,OUT013,1987,High,Tier 3,Supermarket Type1,4036.725,3.39,2022-08-30
FDB48,13.849,reg,0.031976,Breakfast,OUT045,2002,,Tier 2,Supermarket Type1,936.2774,3.9,2022-06-07
NCG56,,Low Fat ,0.034919,Health and Hygiene,OUT013,1987,High,Tier 3,Supermarket Type1,1003.887,4.3,2023-01-15
DRF33,12.65,low fat,0.048885,Soft Drinks,OUT013,1987,High,Tier 3,Supermarket Type1,2117.2306,3.4,2023-10-23
FDN13,20.497,Low Fat ,0.027822,Fruits and Vegetables,OUT017,2007,,Tier 2,Supermarket Type1,4141.8569,3.6,2022-01-29
NCE40,10.768,Low Fat ,0.03005,Others,OUT018,2009,Medium,Tier 3,Supermarket Type2,5504.377,4.1,2023-08-25
DRM59,6.384,Low Fat,0.017731,Soft Drinks,OUT027,1985,Medium,Tier 3,Supermarket Type3,9787.228,4.0,2022-03-17
DRM48,5.751,low fat,0.091588,Soft Drinks,OUT035,2004,Small,Tier 2,Supermarket Type1,4207.8426,3.075,2022-03-18
FDE27,14.958,Low Fat,0.053368,Dairy,OUT045,2002,,Tier 2,Supermarket Type1,4613.0735,4.532,2023-11-07
NCM19,20.634,Low Fat,0.01602,Health and Hygiene,OUT049,1999,Medium,Tier 1,Supermarket Type1,1245.7565,3.9,2023-07-21
FDJ36,19.241,LF,0.042057,Baking Goods,OUT013,1987,High,Tier 3,Supermarket Type1,1349.5441,3.9,2022-06-05
FDE27,14.958,Low Fat,0.027555,Dairy,OUT018,2009,Medium,Tier 3,Supermarket Type2,1426.1221,4.3,2022-05-22
FDK10,16.604,Low Fat ,0.022248,Snack Foods,OUT013,1987,High,Tier 3,Supermarket Type1,1663.8017,3.8,2022-05-17
FDJ20,8.609,low fat,0.034314,Fruits and Vegetables,OUT019,1985,Small,Tier 1,Grocery Store,1034.6597,4.136,2023-06-28
NCG15,20.108,Low Fat,0.041516,Household,OUT013,1987,High,Tier 3,Supermarket Type1,5092.7735,4.7,2022-03-08
FDJ23,5.352,Low Fat ,0.038288,Baking Goods,OUT045,2002,,Tier 2,Supermarket Type1,2168.2957,4.234,2023-08-08
NCG55,,Low Fat ,0.02412,Household,OUT035,2004,Small,Tier 2,Supermarket Type1,1982.3248,4.2,2022-11-03
FDX30,, Regular,0.052779,Dairy,OUT013,1987,High,Tier 3,Supermarket Type1,3619.9905,4.1,2022-10-17
FDS48,14.494,Low Fat ,0.052849,Baking Goods,OUT027,1985,Medium,Tier 3,Supermarket Type3,6197.7132,3.8,2023-04-12
FDQ30,6.323,reg,0.080943,Meat,OUT046,1997,Small,Tier 1,Supermarket Type1,4991.2126,4.013,2022-01-02
FDE34,11.372,LF,0.028316,Snack Foods,OUT013,1987,High,Tier 3,Supermarket Type1,1442.5378,3.7,2023-09-25
FDU37,12.834,Regular,0.018535,Snack Foods,OUT027,1985,Medium,Tier 3,Supermarket Type3,4240.5329,3.6,2023-02-06
FDM19,17.468, Regular,0.068171,Canned,OUT018,2009,Medium,Tier 3,Supermarket Type2,2074.596,4.0,2022-03-23
FDJ18,, Regular,0.047967,Meat,OUT035,2004,Small,Tier 2,Supermarket Type1,2200.6367,3.9,2022-05-04
DRP40,11.034,Low Fat,0.14868,Soft Drinks,OUT049,1999,Medium,Tier 1,Supermarket Type1,4828.3707,3.2,2023-12-24
DRE15,21.106, Regular,0.046235,Soft Drinks,OUT027,1985,Medium,Tier 3,Supermarket Type3,3436.8723,3.8,2022-06-02
FDR44,20.279,Low Fat ,0.0,Fruits and Vegetables,OUT035,2004,Small,Tier 2,Supermarket Type1,3393.3127,4.4,2022-07-06
NCF28,15.921,low fat,0.073752,Health and Hygiene,OUT046,1997,Small,Tier 1,Supermarket Type1,1333.7012,4.184,2022-09-02
NCU10,18.955,Low Fat ,0.051412,Household,OUT010,1998,,Tier 3,Grocery Store,1613.7477,4.0,2023-10-26
FDC14,21.321,LF,0.057284,Frozen Foods,OUT045,2002,,Tier 2,Supermarket Type1,2477.1233,4.0,2022-07-06
FDK16,10.281,LF,0.056288,Fruits and Vegetables,OUT018,2009,Medium,Tier 3,Supermarket Type2,1248.7888,3.9,2022-06-17
FDV19,9.897,low fat,0.0,Fruits and Vegetables,OUT049,1999,Medium,Tier 1,Supermarket Type1,2052.1733,4.4,2023-05-24
DRS47,17.105,Low Fat ,0.054368,Soft Drinks,OUT017,2007,,Tier 2,Supermarket Type1,2963.5995,4.3,2022-05-13
FDX25,10.301,Low Fat ,0.098951,Snack Foods,OUT046,1997,Small,Tier 1,Supermarket Type1,7343.8133,4.3,2023-12-02
FDY39,8.822,reg,0.023161,Frozen Foods,OUT019,1985,Small,Tier 1,Grocery Store,582.8826,3.8,2023-06-05
FDU52,10.244,Low Fat ,0.231006,Frozen Foods,OUT013,1987,High,Tier 3,Supermarket Type1,6096.8521,3.9,2023-09-03
FDU34,9.3,low fat,0.046567,Dairy,OUT010,1998,,Tier 3,Grocery Store,539.0913,4.105,2023-09-09
FDK27,,LF,0.079212,Fruits and Vegetables,OUT010,1998,,Tier 3,Grocery Store,765.2353,3.9,2022-07-28
FDR29,15.906,Low Fat ,0.087161,Snack Foods,OUT045,2002,,Tier 2,Supermarket Type1,5051.9461,4.5,2022-11-05
FDB57,7.226,Low Fat,0.0,Frozen Foods,OUT046,1997,Small,Tier 1,Supermarket Type1,4485.6345,3.3,2023-11-11
FDP51,5.948,Low Fat,0.06708,Frozen Foods,OUT045,2002,,Tier 2,Supermarket Type1,3653.9641,4.1,2023-04-25
FDW15,,low fat,0.014564,Snack Foods,OUT035,2004,Small,Tier 2,Supermarket Type1,5690.7175,3.4,2023-07-13
FDD42,12.364,low fat,0.051228,Meat,OUT018,2009,Medium,Tier 3,Supermarket Type2,2222.7788,3.8,2023-08-12
FDB44,9.709,LF,0.061114,Fruits and Vegetables,OUT049,1999,Medium,Tier 1,Supermarket Type1,5212.5374,4.3,2023-08-26
FDY39,8.822,Regular,0.0,Frozen Foods,OUT018,2009,Medium,Tier 3,Supermarket Type2,1596.8841,4.2,2023-04-11
DRP46,12.076,Low Fat ,0.070006,Soft Drinks,OUT018,2009,Medium,Tier 3,Supermarket Type2,6779.342,3.617,2023-06-03
FDG42,6.635,LF,0.132191,Canned,OUT013,1987,High,Tier 3,Supermarket Type1,2275.0014,4.3,2022-01-15
FDG59,8.076,reg,0.042969,Fruits and Vegetables,OUT049,1999,Medium,Tier 1,Supermarket Type1,346.2155,3.8,2022-02-27
NCQ16,12.209,LF,0.046987,Household,OUT035,2004,Small,Tier 2,Supermarket Type1,2184.967,4.308,2023-02-11
DRD10,8.09,LF,0.055576,Soft Drinks,OUT045,2002,,Tier 2,Supermarket Type1,1625.5565,3.9,2022-12-20
DRC11,6.195, Regular,0.043541,Soft Drinks,OUT027,1985,Medium,Tier 3,Supermarket Type3,4070.9873,3.639,2023-08-23
DRP27,13.882,low fat,0.064961,Hard Drinks,OUT046,1997,Small,Tier 1,Supermarket Type1,1328.3079,3.4,2022-07-08
NCU10,18.955,LF,0.029428,Household,OUT018,2009,Medium,Tier 3,Supermarket Type2,3078.9301,3.7,2022-10-29
NCV15,7.34,low fat,0.07366,Household,OUT035,2004,Small,Tier 2,Supermarket Type1,1375.7461,3.5,2022-06-14
NCY27,11.304,Low Fat,0.045803,Health and Hygiene,OUT017,2007,,Tier 2,Supermarket Type1,1017.3898,4.6,2022-08-17
